Symbol,Name,Sector,Industry,Market Cap (Cr),Cap Category,Current Price,Day Change %,EMA 50,EMA 200,RSI 14,MACD Signal,Supertrend,ROC 1M %,ROC 3M %,ROC 6M %,ROC 12M %,Vol ROC 1M %,Beta 1Y (Daily),Beta 5Y (Monthly),SD 1Y %,ATR % (14D),52W High,52W Low,% from 52W High,% from 52W Low,1Y Max Drawdown %,1Y CAGR %,3Y CAGR %,5Y CAGR %,Market Regime,Drawdown Status,Days Since 52W High,Trend Consistency (12M),Momentum Acceleration,Momentum Quality,Vol Ratio (20D/60D),Vol Trend,EMA Cross,Days Since EMA Cross,RS vs Nifty 1M %,RS vs Nifty 3M %,RS vs Nifty 6M %,RS vs Nifty 12M %,Up Capture Ratio,Down Capture Ratio,Capture Ratio,Description,Analyst Recommendation,Analyst Score,Target Mean Price,Target High Price,Target Low Price,No. of Analysts
SBIN.NS,State Bank of India,Financial Services,Banks - Regional,942353.78,Large,1020.9,-1.31,1041.68,1004.02,40.26,Bearish,Bearish,-2.09,4.42,-11.51,28.94,-2.78,1.0692,0.385,23.17,1.83,1234.7,803.0,-17.32,27.14,-22.11,28.94,24.34,20.11,Bull,Correcting,136,9.0,-3.56,-0.5,1.1,Stable,Golden Cross,341,1.38,2.24,-5.36,32.78,129.4,88.9,1.46,"State Bank of India provides banking products and services in India and internationally. The company operates through the Treasury, Corporate/Wholesale Banking, Retail Banking, and Other Banking Business segments. It offers personal banking products and services, including current, savings, salary, and deposit accounts; home, personal, pension, auto, education, and gold loans, as well as loans against insurance property, and securities; debit, business debit, prepaid, and green remit cards; overdrafts; mutual funds, insurance, equity trading, portfolio investment schemes, remittance services; digital lending; and mobile, internet, and digital banking services. The company also provides corporate banking products and services comprising corporate accounts, working capital and project finance, deferred payment guarantees, corporate term loans, structured finance, dealer and channel financing, equipment leasing, loan syndication, construction equipment loans, financing Indian firms' overseas subsidiaries or JVs, and cash management, as well as trade and service products. In addition, it offers NRI services, including accounts, investments, loans, and remittances; agricultural banking services; and international banking services. Further, it provides life and general insurance; estate planning services; merchant banking and advisory; securities broking; trusteeship service; factoring; payment solution; asset management; portfolio and investment management; credit cards; and custody and fund accounting services. State Bank of India was founded in 1806 and is headquartered in Mumbai, India.",strong_buy,1.45,1263.1025,1390.0,1120.0,39.0
SUNPHARMA.NS,Sun Pharmaceutical Industries Limited,Healthcare,Drug Manufacturers - Specialty & Generic,463479.5,Large,1931.7,0.14,1912.43,1815.07,51.24,Bullish,Bullish,-1.64,8.67,10.64,24.69,-35.9,0.4824,0.124,19.15,1.88,2046.9,1548.0,-5.63,24.79,-13.23,24.69,20.51,20.69,Strong Bull,Recovering,24,7.0,-4.53,0.56,1.26,Rising,Golden Cross,208,1.83,6.5,16.79,28.54,66.0,39.5,1.67,"Sun Pharmaceutical Industries Limited, a generic pharmaceutical company, develops, manufactures, and markets branded and generic formulations, and active pharmaceutical ingredients (APIs) in India, the United States, and internationally. The company offers formulations in various therapeutic areas, including neuropsychiatry, cardiology, diabetes, gastroenterology, pain/analgesics, gynecology, ophthalmology, urology, dermatology, respiratory, anti-infectives, oncology, psychiatry, neurology, orthopaedic, nephrology, dental, and nutritionals. It also provides generic medications, such as tablets, capsules, injectables, inhalers, ointments, creams, and liquids; specialty medications; antiretrovirals medications; and over-the-counter products, such as vitamins, analgesics, digestives, and lifestyle. In addition, the company offers generics and APIs for anti-cancers, peptides, steroids, sex hormones, immunosuppressant drugs, and controlled substances. Sun Pharmaceutical Industries Limited was founded in 1983 and is headquartered in Mumbai, India.",buy,1.73529,2167.2122,2400.0,1830.0,33.0
TITAN.NS,Titan Company Limited,Consumer Cyclical,Luxury Goods,450222.25,Large,5074.0,0.48,4841.88,4344.45,58.34,Bearish,Bullish,2.82,19.49,21.08,40.68,-11.02,1.0443,0.18,23.01,1.65,5186.7,3303.1,-2.17,53.61,-11.27,40.68,19.38,22.89,Strong Bull,Recovering,3,8.0,-3.68,0.92,0.88,Stable,Golden Cross,335,6.29,17.32,27.23,44.52,106.1,54.9,1.93,"Titan Company Limited, together with its subsidiaries, manufactures and sells watches, jewelry, eyewear, fragrances, women's bags, and other accessories and products in India and internationally. The company operates through four segments: Watches and Wearables, Jewellery, Eyecare, and Others. The company designs, manufactures, and retails watches and wearables under the Nebula, Titan, Titan Clock, Zoop, Titan Octane, Titan Raga, Xylys, Edge, Fastrack, Sonata, Titan Smart, Fastrack smart, SF, Titan World, and Helios brands; jewellery products under the Mia, CaratLane, Tanishq, and Zoya brands; and eyecare products under the Titan Glares, Titan Eye+ and Fastrack Eyecare brands. It also offers sarees, dress materials, and ready-to-wear kurtas under the Taneira brand; perfumes under the SKINN brand; belts and wallets under the TITAN brand; and bags under the Fastrack and IRTH brands. In addition, the company provides manufacturing services and automation solutions for the aerospace, defense, transportation, electrical and electronics, and medical sectors. Further, it provides automation and precision engineering solutions. It offers its products through owned and franchised retail stores, as well as online. The company was formerly known as Titan Industries Limited and changed its name to Titan Company Limited in August 2013. Titan Company Limited was incorporated in 1984 and is based in Bengaluru, India.",buy,1.86111,5400.6484,6000.0,4350.0,37.0
ULTRACEMCO.NS,UltraTech Cement Limited,Basic Materials,Building Materials,335147.46,Large,11393.0,-0.06,11573.45,11535.54,40.64,Bearish,Bearish,-5.45,6.54,-3.98,-9.36,-22.22,1.2584,0.505,22.57,1.66,13110.0,10325.0,-13.1,10.34,-20.61,-9.36,13.47,8.68,Strong Bear,Correcting,140,4.0,-7.63,-0.18,0.81,Falling,Golden Cross,19,-1.98,4.37,2.18,-5.52,112.6,114.8,0.98,"UltraTech Cement Limited, together with its subsidiaries, engages in the manufacturing, marketing, and distribution of building materials in India and internationally. It offers grey cement, including ordinary Portland, composite, and weather plus, as well as Portland pozzolana, pozzolana super, and slag cement; white cement, wall care putty, and value-added products; and ready-mix concrete. The company also provides tile adhesives, gouts, cleaners, and fixing accessories; waterproof coatings, preformed membranes, and repair and integral waterproofing solutions; and ready-mix plasters and industrial and precision grouts. It also provides building solutions and support services; and infrastructure solutions, such as decorative, durability multiplayer, smart repair, advance structural, and floor and slab solutions. The company was formerly known as UltraTech CemCo Limited and changed its name to UltraTech Cement Limited in October 2004. UltraTech Cement Limited was incorporated in 2000 and is based in Mumbai, India. The company operates as a subsidiary of Grasim Industries Limited.",strong_buy,1.45946,13906.811,15500.0,8900.0,37.0
NTPC.NS,NTPC Limited,Utilities,Utilities - Regulated Electric,319990.01,Large,330.0,1.85,341.41,350.26,42.5,Bearish,Bearish,-2.93,-7.77,-8.81,3.53,-4.87,0.5307,0.3,18.99,1.85,414.4,315.55,-20.37,4.58,-20.19,3.53,18.76,27.74,Strong Bear,Damaged,91,5.0,-0.34,-0.46,0.84,Falling,Death Cross,25,0.54,-9.94,-2.66,7.37,63.1,56.2,1.12,"NTPC Limited operates as an integrated power company in India and Mauritius. It operates through two segments: Generation and Others. The company generates power from fossil fuels, hydro, solar, wind, nuclear, and renewable energy sources. It also engages in the coal mining and energy trading business. NTPC Limited was incorporated in 1975 and is based in New Delhi, India.",strong_buy,1.33333,433.07144,485.0,365.0,28.0
ETERNAL.NS,Eternal Limited,Consumer Cyclical,Internet Retail,301292.51,Large,327.3,-0.14,303.99,279.68,64.46,Bearish,Bullish,4.77,27.6,35.96,1.93,-5.46,1.4094,0.225,32.97,2.44,368.45,212.6,-11.17,53.95,-39.13,1.93,52.25,18.61,Bull,Correcting,230,5.0,-4.43,1.09,0.64,Falling,Golden Cross,33,8.24,25.43,42.11,5.77,127.0,111.0,1.14,"Eternal Limited, together with its subsidiaries, provides e-commerce platform services to restaurant partners, quick commerce merchants, delivery partners, theatres, sports facilities, event organizers, and users in India and internationally. The company operates through India Food Ordering and Delivery, Hyperpure Supplies (B2B Business), Quick Commerce, and Going Out segments. It offers a B2C technology platform under the Zomato brand that facilitates listing and online ordering of food items by connecting end users, restaurant partners, and independent delivery partners, as well as food rescue, food on train, and food expense management solutions; and B2B supplies solutions under the Hyperpure brand that supplies value added food ingredients and other products to restaurants, as well as 4PL warehousing and supply chain services. The company also provides quick commerce services under the Blinkit brand that provides on-demand delivery of products across various categories, such as daily essentials, electronics, beauty and personal care, fresh, staples, books, fashion, toys and sports, general merchandise, festive needs, stationery, and emergency supplies; and entertainment services, including dining-out, movies, events, shopping, and live event ticketing through its District app. In addition, it offers payment aggregator and gateway, logistics, technology solutions, quick food service, trading, advertisement, and subscriptions services; and operates internet portals, as well as charitable and social welfare activities. The company was formerly known as Zomato Limited and changed its name to Eternal Limited in March 2025. Eternal Limited was founded in 2008 and is headquartered in Gurugram, India.",buy,1.54839,361.1613,506.0,200.0,31.0
ONGC.NS,Oil and Natural Gas Corporation Limited,Energy,Oil & Gas Integrated,298781.64,Large,237.5,0.44,242.66,251.48,48.62,Bullish,Bearish,-1.86,-10.29,-14.24,4.87,5.72,0.0092,0.107,23.28,1.59,307.5,227.65,-22.76,4.33,-23.09,4.87,15.78,22.44,Strong Bear,Damaged,90,7.0,1.57,-0.61,0.71,Falling,Death Cross,38,1.61,-12.47,-8.09,8.72,27.6,15.6,1.77,"Oil and Natural Gas Corporation Limited, together with its subsidiaries, engages in the exploration, development, production, and distribution of crude oil, natural gas, and value-added products in India and internationally. It operates through Exploration and Production, Refining & Marketing, and Petrochemicals segments. The company engages in the refining and marketing of petroleum products; liquefied natural gas supply; pipelines for transportation of petroleum products; SEZ development; helicopter services; and production of ethanol, sugar, petrochemicals, liquefied petroleum gas, naphtha, ethane, propane, butane, kerosene oil, low sulphur heavy stock, residual crude oil, mineral turpentine oil, aviation turbine fuel, and high speed diesel. It also generates wind power through a total installed capacity of 153.9 MW; and solar power through a total installed capacity of 39.96 MW. The company also exports its products. Oil and Natural Gas Corporation Limited was founded in 1955 and is based in New Delhi, India.",buy,1.83333,294.7,405.0,210.0,30.0
COALINDIA.NS,Coal India Limited,N/A,N/A,257509.61,Large,417.85,4.05,416.66,418.16,59.64,Bullish,Bullish,0.06,-10.35,-2.69,16.61,38.1,0.1838,0.7287,22.62,1.76,491.25,369.6,-14.94,13.05,-15.84,16.61,30.38,34.79,Strong Bear,Correcting,64,5.0,3.51,-0.12,1.07,Stable,Death Cross,4,3.53,-12.52,3.46,20.45,59.3,34.2,1.73,,,,,,,
DMART.NS,Avenue Supermarts Limited,Consumer Defensive,Discount Stores,248727.47,Large,3813.4,-0.28,3990.99,4076.79,38.25,Bearish,Bearish,-5.21,-7.98,1.4,-19.46,-33.82,0.5377,0.228,24.14,2.38,4949.5,3529.0,-22.95,8.06,-24.5,-19.46,2.81,1.35,Strong Bear,Damaged,259,4.0,-2.55,0.06,0.87,Stable,Death Cross,28,-1.74,-10.16,7.55,-15.62,45.7,67.7,0.68,"Avenue Supermarts Limited engages in the business of organized retail and operation of supermarkets under the D-Mart brand name in India. The company offers food products, such as groceries, staples, processed food products, dairy, frozen products, beverages and confectionery products, and fruits and vegetables; non-food products, including home care and personal care products, toiletries, and other over the counter products; and general merchandise and apparel products comprising bed and bath products, toys and games, crockery, plastic goods, garments, footwear, utensils, and home appliances. It is also involved in the online and multi-channel retail of grocery and household products under the DMart Ready brand name; packing and sale of grocery products, spices, dry fruits, etc.; operation of food outlets and pharmacy stores; and development of land and construction. The company was incorporated in 2000 and is based in Mumbai, India.",hold,2.96774,4258.2905,5723.0,3250.0,31.0
POWERGRID.NS,Power Grid Corporation of India Limited,Utilities,Utilities - Regulated Electric,248140.11,Large,266.8,0.85,276.6,284.21,42.46,Bullish,Bearish,-5.86,-6.6,-8.61,-1.97,3.16,0.4424,0.171,20.21,1.76,324.95,250.0,-17.9,6.72,-17.89,-1.97,17.24,21.41,Strong Bear,Correcting,91,4.0,-3.66,-0.43,1.26,Rising,Death Cross,19,-2.39,-8.77,-2.46,1.87,55.4,54.8,1.01,"Power Grid Corporation of India Limited, an electric power transmission utility, engages in the power transmission business in India and internationally. It operates in three segments: Transmission Services, Telecom Services, and Consultancy Services. As of 31 March 2026, the company owned and operated 184,960 circuit kilometers of transmission lines, and 291 substations with an aggregate transformation capacity of 624,016 mega volt amperes. It also provides telecom services that offer overhead optic fiber network services using optical ground wire on power transmission lines under the POWERTEL brand name, as well as lease lines, MPLS-VPN, data, infrastructure, and international long-distance services. In addition, it provides consultancy services; environmental and social studies; design and engineering; contract/procurement services; project management and construction supervision; capacity building; operation and maintenance; asset management; owners and lenders engineer services; preparation of grid code, tariff mechanisms, and market analysis; legal and technical advisory in power transmission; power system studies/DPR preparation; smart grid and EV charging; load despatch and communication; sub-transmission/distribution/rural electrification services; testing and quality assurance and inspection; energy efficiency; capacity building; owners and lenders' engineer; operation and maintenance; and preventive vigilance; and oil testing laboratory services, as well as human resource development. Further, it operates electric vehicle charging stations; and engages in solar power generation, smart metering solutions, battery energy storage system, and green hydrogen production. The company was formerly known as National Power Transmission Corporation Limited and changed its name to Power Grid Corporation of India Limited in October 1992. The company was incorporated in 1989 and is based in Gurugram, India.",buy,2.16,320.68,400.0,277.0,25.0
SHRIRAMFIN.NS,Shriram Finance Limited,Financial Services,Credit Services,246357.37,Large,1047.0,-1.14,1069.77,964.47,40.29,Bearish,Bearish,-3.71,14.04,4.25,79.98,-28.26,1.9834,0.606,35.29,2.95,1153.7,580.0,-9.25,80.52,-21.05,79.98,44.65,33.71,Strong Bull,Recovering,19,10.0,-8.39,0.12,0.82,Falling,Golden Cross,885,-0.24,11.86,10.4,83.82,232.3,144.5,1.61,"Shriram Finance Limited, a non-banking finance company, provides financing services in India. It offers fixed and recurring deposits; commercial vehicle loans for commercial goods vehicles, passenger commercial vehicles, tractors and farm equipment, and construction equipment; two-wheeler, gold, used car loan, and personal loans; and green finance services. The company also provides business loans, such as MSME loans; working capital loans, including tyre, tax, fuel, toll financing, repair/top-up loans, fuel finance, challan discounting and vehicle insurance premium loans; motor insurance, including four-wheeler, two-wheeler, passenger and goods carrying vehicle insurance products; non motor insurance products, such as personal accident, shri criti care, and home insurance; and life insurance products comprising savings, retirement, child, protection plans, as well as recharges, including mobile recharge, mobile postpaid, landline postpaid, DTH, and FASTag recharge services. In addition, it offers utilities and bills services, such as electricity, LPG gas, gas bill payment, broadband postpaid, water, and cable tv; financial services and taxes comprising credit card, loan repayment, insurance, municipal services, and recurring deposit; and other services, such as housing society, clubs and associations, and education fees. It serves first time buyers, small road transport operators, commercial vehicles operators, micro, small, and medium enterprises (MSMEs), and individuals. The company was formerly known as Shriram Transport Finance Company Limited and changed its name to Shriram Finance Limited in November 2022. Shriram Finance Limited was incorporated in 1979 and is based in Mumbai, India.",strong_buy,1.46875,1199.5625,1340.0,1050.0,32.0
DIVISLAB.NS,Divi's Laboratories Limited,Healthcare,Drug Manufacturers - Specialty & Generic,244762.02,Large,9220.0,0.6,8051.39,6971.99,71.06,Bullish,Bullish,10.05,39.79,44.58,50.99,-30.06,0.6319,0.22,23.75,2.17,9467.0,5636.5,-2.61,63.58,-15.44,50.99,36.5,14.13,Strong Bull,Recovering,1,6.0,-3.21,1.88,0.98,Stable,Golden Cross,89,13.52,37.61,50.73,54.83,101.7,42.5,2.39,"Divi's Laboratories Limited engages in the manufacture and sale of generic active pharmaceutical ingredients (APIs), intermediates, and nutraceuticals in India, North America, Asia, Europe, and internationally. The company also undertakes custom synthesis contract manufacturing services of APIs and intermediates; and supplies a range of carotenoids, such as astaxanthin, beta-carotene, lycopene, canthaxanthin, apocarotenal, and vitamins used in the food, beverage, dietary supplement, pet food, and feed industries. It also exports its products. The company was formerly known as Divi's Research Center and changed its name to Divi's Laboratories Limited in 1994. Divi's Laboratories Limited was incorporated in 1990 and is based in Hyderabad, India.",hold,2.58621,8447.0,11700.0,6000.0,29.0
TATASTEEL.NS,Tata Steel Limited,Basic Materials,Steel,229340.3,Large,183.85,-0.12,188.42,187.01,42.73,Bearish,Bullish,-3.72,-9.25,-4.62,20.15,20.85,1.1199,0.867,25.89,2.19,224.4,158.4,-18.07,16.07,-15.71,20.15,18.36,8.66,Strong Bear,Correcting,79,6.0,-0.64,-0.18,0.87,Stable,Golden Cross,336,-0.25,-11.43,1.53,23.99,125.3,94.3,1.33,"Tata Steel Limited engages in the manufacture and distribution of steel products in India and internationally. It offers reinforcement bars (rebars) and wire rods, cut-and-bend reinforcement bars, welded wire mesh, prefabricated cages (pre-cages), steel couplers and carpet reinforcement; hot-rolled, cold rolled, coated coil, tubes, rebar, wire rods; and metallic coated, pre-finished steels, alloy steels, and profiles and construction systems. The company also provides solutions in building envelopes, structural, fit-out, foundations, and highway engineering products, as well as operates steel service centers. It serves agricultural, automotive steels, construction, consumer goods, energy and power, engineering, and material handling industries. It has a strategic collaboration with Hindustan Zinc Limited to scale low-carbon zinc solutions. The company was incorporated in 1907 and is based in Mumbai, India.",buy,2.4,218.08571,260.0,175.0,35.0
GRASIM.NS,Grasim Industries Limited,Basic Materials,Building Materials,223477.5,Large,3294.9,-0.31,3204.43,2983.33,54.18,Bearish,Bullish,5.33,7.04,23.18,17.88,124.98,1.1041,0.355,22.52,2.22,3411.1,2502.5,-3.41,31.66,-14.45,17.88,22.66,16.4,Strong Bull,Recovering,16,6.0,2.98,1.03,0.97,Stable,Golden Cross,85,8.8,4.87,29.33,21.72,122.2,92.5,1.32,"Grasim Industries Limited, together with its subsidiaries, primarily produces cellulosic fibres, diversified chemicals, fashion yarns, and fabrics in india and internationally. The company operates through Cellulosic Fibres, Chemicals, Building Materials, Financial Services, and Others segments. It offers cellulosic staple fibre; and cellulosic fashion yarn; chlor-alkali comprising caustic soda; chlorine derivatives; and specialty chemicals, such as epoxy polymers and curing agents. The company also provides grey cement, white cement-based putty, and ready-mix concrete; and decorative paints, including exterior and interior emulsions, waterproofing, textures and designer finishes, enamels, colorants, wallpapers, stainers and non-mechanized tools, and wood finishes under the Birla opus brand name. In addition, it operates Birla Pivot, a business-to-business e-commerce platform for building and construction materials; and offers non-banking financial services, housing finance, equity broking, wealth management, asset management and reconstruction, and health and life insurance services. Further, the company provides textile products, such as linen fabrics, wool tops and worsted yarn, and cotton fabrics under Linen Club, Cavallo, Soktas, and Giza House brands; and manufactures and sells ceramic and composite insulators for transmission and distribution lines, sub-stations, equipment, and railway industries, as well as engages in generating clean energy using solar, wind, hybrid, floating solar systems, and battery storage solutions. The company was incorporated in 1947 and is based in Mumbai, India.",none,,3837.5,4175.0,3500.0,10.0
EICHERMOT.NS,Eicher Motors Limited,Consumer Cyclical,Auto Manufacturers,211697.4,Large,7711.5,-3.24,7760.62,7222.09,38.67,Bearish,Bearish,-2.82,10.22,2.17,24.08,-33.25,1.2925,0.226,26.54,1.99,8230.0,6308.0,-6.3,22.25,-19.58,24.08,33.71,25.27,Strong Bull,Correcting,134,8.0,-6.23,0.08,0.66,Falling,Golden Cross,870,0.65,8.04,8.33,27.92,132.8,88.2,1.51,"Eicher Motors Limited, an automobile company, engages in the manufacture and sale of motorcycles and commercial vehicles in India and internationally. The company designs, develops, manufactures, assembles, and sells two-wheelers, as well as related parts and accessories; motorcycle accessories; protective and performance gears; and lifestyle apparel products and accessories. It also provides motorcycle accessories; protective and performance gears; lifestyle apparel products and accessories; and parts and service support for riders across markets. In addition, the company owns the Royal Enfield motorcycle brand that offers Classic 350, Bullet 350, Meteor 350, Hunter 350, Himalayan 450, Scram 440 ADV Crossover, Interceptor 650, Bear 650, Guerrilla 450 modern roadster, Continental GT 650, Super Meteor 650, and Shotgun 650 models. The company was founded in 1901 and is headquartered in Chennai, India.",buy,2.05263,8363.135,9665.0,6900.0,37.0
TORNTPHARM.NS,Torrent Pharmaceuticals Limited,Healthcare,Drug Manufacturers - Specialty & Generic,190640.38,Large,5012.0,0.94,4865.94,4381.25,54.74,Bullish,Bullish,-0.36,13.37,15.69,41.07,-62.29,0.2452,0.145,21.53,2.21,5250.0,3480.6,-4.53,44.0,-10.32,41.07,37.79,27.97,Strong Bull,Recovering,23,7.0,-4.82,0.73,0.76,Falling,Golden Cross,1084,3.11,11.2,21.84,44.91,44.3,-2.0,-22.15,"Torrent Pharmaceuticals Limited engages in the research, development, manufacturing, marketing, and distribution of branded and generic pharmaceutical formulations in India, the United States, Brazil, Germany, Malta, and internationally. The company offers products in various therapeutic areas, including anti-diabetic, anti-microbial, cardiovascular, CNS, urology, gynecology, oncology, gastro-intestinal, nephrology, neuro-psychiatric, dermatology, pulmonology, pediatric treatments, nutritional, pain management, anti-infective, and miscellaneous, as well as vitamins, minerals, and nutrients. It also provides contract manufacturing services. The company offers its products under Tedibar, Shelcal, Unienzyme, ProZuca, and Ahaglow brands. The company was formerly known as Trinity Laboratories and changed its name to Torrent Pharmaceuticals Limited in 1971. The company was founded in 1959 and is based in Ahmedabad, India. Torrent Pharmaceuticals Limited is a subsidiary of Torrent Investments Private Limited.",buy,1.68966,5386.759,6194.0,4150.0,29.0
SOLARINDS.NS,Solar Industries India Limited,Basic Materials,Specialty Chemicals,186409.51,Large,20600.0,2.69,19004.86,16472.52,64.82,Bullish,Bullish,10.16,11.77,41.93,49.42,31.47,0.8539,0.238,32.25,2.56,20672.0,11646.0,-0.35,76.88,-20.57,49.42,71.75,64.66,Strong Bull,At High,0,8.0,6.24,1.3,1.12,Stable,Golden Cross,131,13.63,9.6,48.08,53.26,102.7,47.2,2.18,"Solar Industries India Limited, together with its subsidiaries, manufactures and sells industrial explosives, explosive initiating devices, and high energy materials for mining and defense applications in India and internationally. The company offers industrial explosives comprising bulk, packaged, non-permitted, permitted, and seismic explosives; initiating systems; electronic, non-electric, and plain detonators; cord relays; cast boosters; detonating cords; and aluminum elemented det products. It also provides defense products consisting of high energy materials, such as HMX, RDX, TNT, and their compounds; composite, single base, double base, and triple base propellants; complete integration of rockets; ammunitions, including multi-mode hand grenades, mines, bombs, warheads, and bund blasting devices; drones and UAVs; pyros and ignitors; propellants for space applications; missiles; and unmanned systems and advanced defense technologies. The company serves the Coal India Limited (CIL), non-CIL and institutional, housing and infrastructure, and defense industries. It exports its products to approximately 90 countries. The company was formerly known as Solar Explosives Limited and changed its name to Solar Industries India Limited in February 2009. Solar Industries India Limited was incorporated in 1995 and is based in Nagpur, India.",buy,1.76923,21521.54,23500.0,11200.0,13.0
WIPRO.NS,Wipro Limited,Technology,Information Technology Services,175190.98,Large,177.09,-2.54,181.46,200.09,43.69,Bearish,Bullish,-4.94,-9.71,-8.41,-26.61,-52.89,0.7378,0.394,25.15,2.26,273.1,169.0,-35.16,4.79,-36.0,-26.61,-2.65,-8.34,Strong Bear,Damaged,181,7.0,-1.7,-0.33,0.97,Stable,Death Cross,150,-1.47,-11.88,-2.25,-22.77,68.6,103.1,0.67,"Wipro Limited operates as an information technology (IT), consulting, and business process services company worldwide. It operates through IT Services and IT Products segments. The IT Services segment offers AI-powered IT and IT-enabled services, including digital strategy advisory, customer-centric design, technology and IT consulting, custom application design, development, re-engineering and maintenance, systems integration, package implementation, cloud and infrastructure, business process, cloud, mobility and analytics, research and development, and hardware and software design services to enterprises. It serves customers in various industry sectors, such as communications, media and information services, software and gaming, new age technology, consumer goods, healthcare, medical devices and life sciences, and technology products and services, as well as banking and financial services, energy, manufacturing and resources, capital markets and insurance, and hi-tech. The IT Products segment provides a range of third-party IT products, including enterprise platforms, networking solutions, software and data storage products, contact center infrastructure, enterprise security, IT optimization technologies, video solutions, and end-user computing solutions. It serves enterprises in various industries primarily in the Indian market, such as government, defense, IT and IT-enabled services, telecommunications, manufacturing, utilities, education, and financial services sectors. The company has a strategic alliance with the Indian Institute of Science and the Foundation for Science Innovation and Development to collaborate on research and innovation across frontier technologies. The company was incorporated in 1945 and is based in Bengaluru, India.",hold,3.375,177.625,226.0,150.0,40.0
SBILIFE.NS,SBI Life Insurance Company Limited,Financial Services,Insurance - Life,172566.09,Large,1719.9,-1.12,1807.52,1847.87,29.0,Bearish,Bearish,-9.43,-3.53,-10.79,-4.84,-16.95,0.8346,0.366,19.75,1.82,2132.0,1700.4,-19.33,1.15,-19.02,-4.84,10.05,8.93,Strong Bear,Correcting,136,7.0,-8.25,-0.55,0.56,Falling,Death Cross,80,-5.96,-5.7,-4.64,-0.99,77.3,80.4,0.96,"SBI Life Insurance Company Limited operates as a life insurance company in India. The company's life insurance business comprises individual and group life insurance products, including participating, non-participating, pension, group gratuity, group leave encashment, group superannuation, group annuity, unit-linked and variable insurance products, health, and micro insurance. It also provides accident and disability benefits, level terms, and critical illness insurance products. In addition, the company offers online life insurance, money back income, terms, protection, savings, child plan, wealth, and retirement plans; and corporate solutions, group loan protection, and group micro insurance plans. It provides its products through a multi-channel distribution network comprising individual agents, brokers, corporate agents, bancassurance partners, and certified insurance facilitators, as well as through various partner branches. The company was incorporated in 2000 and is based in Mumbai, India. SBI Life Insurance Company Limited is a subsidiary of State Bank of India.",strong_buy,1.2,2342.9722,2790.0,1050.0,36.0
VAML.NS,Vedanta Aluminium Metal Limited,Basic Materials,Aluminum,170650.65,Large,437.1,0.56,450.91,469.63,44.07,Bearish,Bullish,-4.9,,,,-13.63,0.182,,34.92,3.14,537.0,423.15,-18.6,3.3,-13.05,,,,Bear,Correcting,56,,,,0.87,Stable,Death Cross,55,-1.42,,,,,,,"Vedanta Aluminium Metal Limited engages in the production of metallurgical grade alumina and aluminium products. The company provides aluminium ingots, foundry alloys, billets, slabs, wire rods, flip coils, and rolled and other products products under the VEDANTAL brand name. It also operates an independent power plant with a capacity of 3015 megawatts. The company products are used in aerospace, aviation, defence, transportation, electricity distribution, packaging, and other sectors. Vedanta Aluminium Metal Limited was incorporated in 2023 and is based in New Delhi, India.",strong_buy,1.45455,541.1818,600.0,370.0,11.0
DLF.NS,DLF Limited,Real Estate,Real Estate - Development,166724.61,Large,673.55,-0.24,653.81,643.96,53.08,Bearish,Bullish,4.69,18.06,19.85,-8.86,-34.76,1.6742,0.386,29.34,2.57,794.8,489.4,-15.26,37.63,-35.93,-8.86,13.63,14.74,Bull,Correcting,250,6.0,-1.33,0.68,0.63,Falling,Golden Cross,10,8.16,15.88,26.0,-5.02,175.0,177.6,0.99,"DLF Limited, together with its subsidiaries, engages in the business of colonization and real estate development in India. The company is involved in the real estate development activities, including identification and acquisition of land, planning, execution, construction, and marketing of projects. The company also develops and sells residential housing projects, including under-construction projects. In addition, it operates and maintains commercial office spaces, as well as retail properties, such as malls, shopping complexes, recreational spaces, and hotels and clubs. In addition, the company engages in leasing, power generation, provision of maintenance services, and hospitality and recreational activities. Further, it owns and operates hotels under the The Lodhi and Hilton Garden Inn. The company was founded in 1946 and is based in Gurugram, India. DLF Limited operates as a subsidiary of Rajdhani Investments and Agencies Private Limited.",strong_buy,1.36364,815.9545,1000.0,676.0,22.0
PIDILITIND.NS,Pidilite Industries Limited,Basic Materials,Specialty Chemicals,166626.91,Large,1637.0,-0.4,1615.94,1517.99,48.38,Bearish,Bullish,1.05,11.66,14.57,5.51,-15.88,1.0425,0.397,21.43,2.01,1707.5,1259.0,-4.13,30.02,-18.54,5.51,9.56,8.25,Strong Bull,Recovering,15,8.0,-2.84,0.68,1.05,Stable,Golden Cross,56,4.52,9.49,20.72,9.35,95.4,80.5,1.19,"Pidilite Industries Limited, together with its subsidiaries, engages in the consumer and industrial specialty chemicals business in India and internationally. It operates through the Consumer & Bazaar, and Business to Business segments. The Consumer & Bazaar segment offers adhesives, sealants, art and craft materials; and construction and paint chemicals for carpenters, painters, plumbers, mechanics, households, students, and offices. Its Business to Business segment provides industrial adhesives, synthetic resins, construction chemicals, organic pigments, pigment preparations, and surfactants for various industries, including packaging, joineries, textiles, paints, printing inks, paper, and leather. The company is also involved in the sale of raw materials. It sells its products under the Fevicol, Dr. Fixit, Fevikwik, M-Seal, Fevistick & Fevicol MR, Fevicryl, Haisha Paints, Fevigum, Rangeela, WD-40, MOTO MAX, Terminator, WUDFIN, steelgrip, Araldite, Roff, TENAX, UNITINT, fevitite, HOLDTITE LEAKGUARD, D-klog, Zorrik-88, Stainoff, BRITE-SUPER, Piditint, Fevibond, FALCOFIX, and BLUECOAT brand names. Pidilite Industries Limited was founded in 1959 and is based in Mumbai, India.",buy,2.14286,1786.3334,2065.0,1400.0,21.0
TMCV.NS,Tata Motors Limited,Consumer Cyclical,Auto Manufacturers,164782.43,Large,447.45,-3.64,444.25,411.54,44.16,Bearish,Bullish,0.16,22.58,-3.88,,22.05,1.8516,1.4601,38.94,3.17,509.0,306.3,-12.09,46.08,-29.08,,,,Bear,Correcting,133,7.0,-7.37,-0.1,0.76,Falling,Golden Cross,196,3.63,20.41,2.28,,200.0,123.4,1.62,"Tata Motors Limited engages in the design, manufacture, and sale of automotive vehicles in India, South Korea, and internationally. The company offers pick-ups, trucks, buses, small commercial vehicles, and electric vehicles. It also provides related spare parts, accessories, and distribution and services of vehicles. The company was formerly known as TML Commercial Vehicles Limited and changed its name to Tata Motors Limited in October 2025. Tata Motors Limited was founded in 1961 and is based in Mumbai, India.",strong_buy,1.5,528.65,700.0,424.0,20.0
TATACAP.NS,Tata Capital Limited,Financial Services,Credit Services,153803.87,Large,364.75,-0.84,358.46,341.11,50.15,Bearish,Bullish,1.15,16.06,14.32,,-8.42,0.9335,1.0489,27.0,2.16,390.2,296.0,-6.52,23.23,-17.63,,,,Strong Bull,Recovering,19,7.0,-4.2,0.53,0.77,Falling,Golden Cross,48,4.62,13.89,20.47,,90.4,66.1,1.37,"Tata Capital Limited, through its subsidiaries, provides various financial services to retail, SME, corporate, and institutional customers in India, Singapore, and the United Kingdom. The company operates through three segments: Financing Activity, Investment Activity, and Others. It offers loans for retail and corporate borrowers, including asset financing, term loans, channel financing, credit substitutes, investments linked to/arising out of lending business, bill discounting, and power project finance. It also offers home loans, loans against property, personal loans, business loans, two wheeler loans, car loans, commercial vehicle loans, construction equipment loans, loans against securities, microfinance loans, and education loans. Additionally it provides supply chain finance, equipment finance, cleantech and infrastructure finance, and developer finance. The company also engages in the provision of corporate investment, advisory, wealth management, private equity fund management, and leasing services, as well as the distribution of financial products. In addition, it offers insurance and credit card distribution services. Tata Capital Limited was formerly known as Primal Investments and Finance Limited and changed its name to Tata Capital Limited in May 2007. Tata Capital Limited was incorporated in 1991 and is based in Mumbai, India. Tata Capital Limited operates as a subsidiary of Tata Sons Private Limited.",buy,1.69231,405.76923,450.0,335.0,13.0
TRENT.NS,Trent Limited,Consumer Cyclical,Apparel Retail,152093.85,Large,2852.3,-0.09,2945.87,3239.32,36.64,Bearish,Bearish,-8.22,2.97,14.05,-47.59,-30.68,1.2678,0.384,46.52,2.02,5674.0,2183.67,-49.73,30.62,-60.26,-47.59,14.01,25.0,Bear,Damaged,259,6.0,-9.21,0.3,0.44,Falling,Death Cross,296,-4.75,0.79,20.21,-43.74,86.5,149.3,0.58,"Trent Limited engages in the retailing and trading of apparels, footwear, accessories, food, grocery, and non-food products in India. The company provides apparel, footwear, and accessories for men, women, and children, as well as furnishings, decor, and a range of home accessories under the Westside brand; apparels and footwear for men, women, and children under the Zudio brand; apparel, footwear, innerwear, beauty, and accessories for women under the Utsa brand; and luxurious, differentiated, and elevated occasion wear for men and women under the Samoh brand. It also operates Star Hypermarket, a convenience store chain that offers a range of products, including staple foods, beverages, health and beauty products, apparel, home furnishings, vegetables, fruits, dairy, and non-vegetarian products; and Booker Wholesale, a cash and carry chain of stores, which provides various products, such as staple foods, beverages, health and beauty products, dairy, non-vegetarian products, and non-food products to caterers, retailers, and other businesses. In addition, the company engages in the operation of StarQuik for online grocery retailing. Further, it operates a youth-focused fashion brand under the Burnt Toast brand name. Additionally, the company engages in the provision of business support and outsourcing services relating to accounting, merchandising, human resources, payroll, sourcing, warehousing, distribution, etc.; franchisee business; invest and deploy funds related to acquisition, purchase, development, construction, leasing, sale, or otherwise dealing in real estate properties; and investment activities. It offers its products online through Westside.com, Tata CliQ, and Tata Neu, as well as My Star App. Trent Limited was incorporated in 1952 and is based in Mumbai, India.",buy,1.92308,3396.8718,4455.0,2950.0,26.0
TECHM.NS,Tech Mahindra Limited,Technology,Information Technology Services,143781.27,Large,1623.0,-0.92,1565.13,1490.25,55.85,Bearish,Bullish,-1.55,12.25,23.24,11.76,-12.41,0.595,0.162,27.42,2.25,1854.0,1304.1,-12.46,24.45,-24.69,11.76,13.42,9.52,Strong Bull,Correcting,154,8.0,-5.63,0.85,0.71,Falling,Golden Cross,30,1.92,10.07,29.39,15.61,87.5,66.1,1.32,"Tech Mahindra Limited provides information technology services and solutions in India, the Americas, Europe, and internationally. The company offers TechM AppGinieZ, a software development lifecycle acceleration platform; Swifter.io, a software engineering platform; ADMSNXT Reforge, an application modernization platform; Autonomous Operations Center, an AI-powered operations platform; and New Age Delivery Platform for DevSecOps and engineering. It also provides LitmusT, a quality engineering and intelligent testing platform; TechM Orion, an agentic AI platform; Ops amplifAler 4.0 for IT operations; Email amplifAler for visualization and automation; SDLC amplifAler solutions; Zone insights solutions for monitoring of object movement; synthetic data generation, freightwatch solutions, cognitive process monitoring, and guardrails framework for AI; VerifAI for scaling AI; and MobiLytix for marketers. In addition, the company offers netOps.ai, an automated cloud platform; AftEAZE solution for warranty and aftermarket problems; AI maturity assessment, generative AI studio, and generative AI performance monitoring; Vision amplifAler, a vision-based solution; Document amplifAler, a digital assistant; and AI-led care, forecasting workbench, AI store, AI adoption, AIOps solution suite, intelligent asset inspection platform, and legal artificial assistant. Further, the company provides business process services, such as consulting CoE and business-process-as-services; Navixus, a digital transformation suite; Cloud and infrastructure services, including enterprise mainframe, FLEX digital workplace, data center services, and CLOUDNXT.NOW, a cloud service; and digital enterprise applications comprising SAP, Oracle, Salesforce, ServiceNow, enterprise digital solutions, digital process solutions, and Emerging Apps. Additionally, it offers engineering, experience, network, and testing services. The company was incorporated in 1986 and is based in Pune, India.",buy,2.23077,1622.7179,1951.0,1080.0,39.0
POWERINDIA.NS,Hitachi Energy India Limited,Industrials,Electrical Equipment & Parts,143523.01,Large,32200.0,-1.35,33330.23,28734.03,42.2,Bearish,Bullish,0.63,-12.65,31.46,70.03,1.65,0.7627,0.572,44.03,3.39,38785.0,16111.0,-16.98,99.86,-28.75,70.03,95.73,74.12,Bull,Correcting,68,6.0,4.85,0.71,1.14,Stable,Golden Cross,913,4.1,-14.82,37.61,73.88,112.4,29.7,3.78,"Hitachi Energy India Limited offers products, projects, and services for electricity transmission and related activities in India and internationally. The company is involved in engineering, integration, installation, commissioning, and support of project and services, and design, manufacturing, configuration, and supply of system, equipment, devices, and accessories products. It also manufactures and sells electric motors, generators, transformers, and electricity distribution and control apparatus, as well as projects and services related electrical equipment. In addition, the company offers cable accessories, capacitors and filters, communication networks, cooling systems, disconnectors, energy storage, flexible AC transmission system, generator circuit breakers, high voltage switchgear and breakers, insulation and components, power conversion, semiconductors, surge arresters, and transformers. Further, it provides cybersecurity, digitalization, and power quality solutions, as well as substation automation, protection, and control services; and static frequency converters; substations and electrifications solutions. Additionally, the company offers asset and work management, energy portfolio management, and grid and generation management software. It serves utility, renewable energy, transportation, data center, and industry customers. The company was formerly known as ABB Power Products and Systems India Limited and changed its name to Hitachi Energy India Limited in November 2021. Hitachi Energy India Limited was incorporated in 2019 and is headquartered in Bengaluru, India. Hitachi Energy India Limited is a subsidiary of Hitachi Energy Ltd.",buy,2.28571,36814.43,49936.0,23595.0,21.0
SIEMENS.NS,Siemens Limited,Industrials,Specialty Industrial Machinery,143121.27,Large,4018.9,-0.28,3842.38,3541.17,57.8,Bearish,Bullish,0.46,9.13,27.76,31.82,2.41,1.1299,0.57,29.97,2.38,4149.4,2826.0,-3.15,42.21,-15.28,31.82,23.81,28.81,Strong Bull,Recovering,6,7.0,-2.58,0.93,1.01,Stable,Golden Cross,99,3.93,6.96,33.92,35.67,119.1,76.3,1.56,"Siemens Limited, a technology company, industry, infrastructure, mobility, and healthcare business in India and internationally. It operates through Smart Infrastructure, Mobility, Digital Industries, and Others segments. The Smart Infrastructure supplies products, systems, solutions, and services for transmission and distribution of electrical energy for power utilities, industrial companies, and infrastructure segments. This segment offers systems for low and medium voltage distribution; solutions for smart grids and energy automation; and low voltage power supply systems, as well as intelligent and connected infrastructure for grids and buildings. The Mobility segment provides solutions for passenger and freight transportation, including rail vehicles, rail automation systems, rail electrification systems, turnkey systems, and related services. The Digital Industries segment offers products for automation and digitalization of discrete, hybrid, and process industries. This segments portfolio consists of industrial software and automation, and drives technology products for optimizing manufacturing value chain, covering product design, production planning, engineering, execution, and customer services. The Others segment provides services related parties and lease rentals. The company was formerly known as Siemens India Limited and changed its name to Siemens Limited in March 1987. Siemens Limited was founded in 1847 and is based in Mumbai, India.",hold,2.65385,3974.8076,4850.0,3000.0,26.0
UNIONBANK.NS,Union Bank of India,Financial Services,Banks - Regional,142641.56,Large,186.86,1.06,177.95,165.61,58.35,Bearish,Bullish,7.39,15.2,0.65,50.11,-35.17,1.4476,0.893,32.32,2.49,205.49,125.45,-9.07,48.95,-21.45,50.11,30.34,42.89,Strong Bull,Correcting,133,10.0,2.32,0.02,0.85,Stable,Golden Cross,355,10.86,13.02,6.81,53.95,151.8,90.4,1.68,"Union Bank of India provides banking products and services in India. It operates in four segments: Treasury Operations, Retail Banking Operations, Corporate and Wholesale Banking, and Other Banking Operations. The company provides its products and services to individuals, commercial enterprises, large corporates, public bodies, and institutional customers. Union Bank of India was incorporated in 1919 and is headquartered in Mumbai, India.",none,,196.76471,225.0,160.0,17.0
CUMMINSIND.NS,Cummins India Limited,Industrials,Specialty Industrial Machinery,141053.22,Large,5088.5,-0.32,5352.28,4949.07,34.26,Bearish,Bearish,-8.32,-11.29,11.91,32.83,35.24,0.9342,0.546,27.87,2.21,6100.0,3792.0,-16.58,34.19,-14.88,32.83,44.91,43.4,Bull,Correcting,70,5.0,-4.56,0.43,0.84,Falling,Golden Cross,315,-4.84,-13.47,18.06,36.68,116.7,69.8,1.67,"Cummins India Limited engages in the design, manufacture, distribution, and service of engines, generator sets, and related technologies in India, Nepal, and Bhutan. The company operates through two segments, Engines and Lubes. It provides accelera, G-drive, fire pump drive, hydrogen, and natural gas and browse engines; and generators and power systems, including integrated power systems, alternators, transfer switches, generator set controls, system level controls and switchgears, remote monitoring, and browse generators. The company also offers engine components, such as fuel systems, turbochargers, and engine braking and valvetrain technologies; and aftertreatment emission solutions, as well as operates component care centers. In addition, it offers drivetrain and braking systems comprising axles, brakes, carriers, drivelines, gearboxes and power take-offs, tire inflation system, precision forged gears, suspensions, transfer cases, trailer solutions, and transmissions; parts and sales and services; software and electronic products; and digital products. The company serves Data Centers, Healthcare, Hospitality, Infrastructure, Realty, Manufacturing, and water treatment industries, as well as end users, original equipment manufacturers, channel partners, dealers, and retailers. It exports to the United States, Europe, Mexico, Africa, the Middle East, and China. The company was incorporated in 1962 and is headquartered in Pune, India. Cummins India Limited is a subsidiary of Cummins Inc.",buy,2.18182,5903.091,7177.0,3500.0,22.0
VBL.NS,Varun Beverages Limited,Consumer Defensive,Beverages - Non-Alcoholic,140372.29,Large,415.0,2.25,449.82,471.49,39.26,Bearish,Bearish,-5.47,-20.61,-3.11,-15.94,-28.22,1.0935,0.298,29.88,2.86,555.8,381.0,-25.33,8.92,-26.31,-15.94,6.4,32.02,Strong Bear,Damaged,55,6.0,1.4,-0.1,0.93,Stable,Death Cross,21,-2.0,-22.78,3.04,-12.1,100.0,117.5,0.85,"Varun Beverages Limited, together with its subsidiaries, manufactures, bottles, sells, and distributes beverages under the PepsiCo brands in India, Sri Lanka, Nepal, Zambia, Morocco, Zimbabwe, the Democratic Republic of Congo, Mozambique, South Africa, Lesotho, Eswatini, Namibia, and Botswana. The company offers carbonated soft drinks under the Pepsi, Pepsi Zero, Mountain Dew, Mirinda, and Seven-Up brands, as well as the Refreshhh, Coo-ee, and Jive brands; fruit pulp and juice-based drinks under the Slice, Tropicana, Tropicana Delight, and Seven-Up Nimbooz brands; club sodas under the Evervess and Duke's brands; and energy drinks under the Sting, Adrenaline Rush, and Rockstar brands. It also provides sports drinks under the Gatorade brand; carbonated juice-based drinks under the Seven-Up Nimbooz Masala Soda brand; ice-tea under the Lipton brand; packaged drinking water under the Aquafina and Aquavess brands, as well as the Refreshhh and Aquaclear brands; and snacks under the FritoLay, Cheetos, Doritos, Simba, and Kurkure brands. In addition, the company offers energy drinks under the Reboost Energy brand; and value-added dairy-based beverages under the Cream Bell brand. Varun Beverages Limited was incorporated in 1995 and is based in Gurugram, India.",strong_buy,1.44,549.76,657.0,422.0,25.0
PNB.NS,Punjab National Bank,Financial Services,Banks - Regional,134467.43,Large,117.0,1.54,112.61,110.2,59.05,Bearish,Bullish,2.64,12.68,-0.8,17.71,-31.67,1.3234,0.504,27.15,1.86,135.15,98.5,-13.43,18.78,-24.83,17.71,26.21,26.35,Bull,Correcting,163,9.0,-1.59,-0.03,0.92,Stable,Golden Cross,15,6.11,10.51,5.36,21.55,129.4,101.4,1.28,"Punjab National Bank provides various banking and financial products and services in India and internationally. The company operates through Treasury, Corporate/Wholesale Banking, Retail Banking, and Other Banking Operations segments. The company offers personal banking products and services, including saving fund accounts, current accounts, fixed deposit, and capital gain account and gold monetization schemes; and housing, vehicle, education, personal, gold, and mortgage and other loans. It also provides various micro, small, and medium enterprises schemes and loans; banking products for government customers; agricultural schemes and loans; corporate banking products and services consist of loans against future lease rentals, working capital financing, and term loans; EXIM finance and cash management services, as well as gold card schemes for exporters; and international banking products and services. In addition, the company offers life and general insurance services; depository, mutual funds, merchant banking, and application supported by blocked amount services; and NRI banking and services. Further, the company provides mobile and internet banking, UPI, SMS banking, missed call, e-statement, ATM, passbook updating machine, and electronic cheque deposit machine services; and point of sale (PoS) is the payment acceptance solutions, NFC-enabled terminals facilitating quick payments, as well as debit and credit cards. Punjab National Bank was incorporated in 1894 and is headquartered in New Delhi, India.",buy,2.5,121.61111,135.0,92.0,18.0
POLYCAB.NS,Polycab India Limited,Industrials,Electrical Equipment & Parts,132619.11,Large,8804.0,-1.03,9144.15,8446.83,40.66,Bearish,Bearish,-4.05,-8.8,6.78,23.81,-21.56,1.0416,0.636,29.81,2.55,10126.0,6663.0,-13.06,32.13,-21.08,23.81,23.49,37.03,Bull,Correcting,53,7.0,-1.12,0.23,1.1,Stable,Golden Cross,305,-0.58,-10.97,12.93,27.65,106.6,67.1,1.59,"Polycab India Limited manufactures and sells wires and cables under the POLYCAB brand in India and internationally. The company operates through three segments: Wires and Cables; Fast Moving Electrical Goods (FMEG); and Engineering, Procurement and Construction (EPC). The Wires and Cables segment provides wires, such as PolycabSuprema house wires, PolycabMaxima+ Green wire, PolycabPrimma house wires, ETIRA house wires, PolycabOptima+, GREENWIRE 180m, and POLYCAB LF FR 180m; and cables, such as control, rubber, defense, special, fire protection, marine offshore/onshore, domestic appliance and lighting, aerial bunched, industrial, high temperature, LV power, MV power, EHV power, communication and data, and instrumentation. The Fast Moving Electrical Goods segment offers ceiling, table, pedestal, wall, exhaust, farrata, and air circulated fans; LED lighting and luminaires, such as LED Bulb, downlight, panel light, led batten, outdoor lights, and rope and strip lights; water heaters; switches and accessories; switchgears consisting of isolators, MCB, RCCB, RCBO, distribution board, ACCL, and MCB changeover switches; solar products, including solar panel and invertors; and pumps, conduits, and domestic appliances. The EPC segment designs, engineers, and supplies materials; and engages in the survey, execution, and commissioning of turn-key power distribution, transmission, and rural electrification projects. The company provides coolers and iron appliances. It operates a distribution network through authorized dealers and distributors, and retail outlets. The company was founded in 1964 and is based in Mumbai, India.",buy,1.87097,10090.4375,11900.0,6490.0,32.0
GROWW.NS,Billionbrains Garage Ventures Limited,Financial Services,Capital Markets,117565.67,Large,189.88,0.25,196.03,181.17,42.41,Bearish,Bearish,-0.76,-3.17,20.93,,31.59,1.2956,2.1792,50.91,3.01,227.2,112.0,-16.43,69.54,-24.29,,,,Bull,Correcting,85,3.0,0.3,0.41,0.88,Stable,Golden Cross,209,2.71,-5.34,27.08,,178.8,90.7,1.97,"Billionbrains Garage Ventures Limited develops a direct-to-customer digital investment platform that provides wealth creation opportunities through multiple financial products and services in India. Its platform Groww, allows users to invest in and trade stocks, including cash, intraday, and IPO; equity and commodity derivatives; bonds; mutual funds; margin trading facility; exchange traded funds; personal loans, loan against securities; and other products. The company also offers Groww Lite, a secure, lightweight, web-based trading platform accessible on both desktop and mobile browsers; as well as Groww Charts, a mobile charting platform that helps users trade smarter. In addition, it provides content, such as financial literacy resources, news, and information through Groww Digest, blogs and newsletters. Billionbrains Garage Ventures Limited was founded in 2016 and is based in Bengaluru, India.",none,,237.5,255.0,190.0,10.0
TATAPOWER.NS,The Tata Power Company Limited,Utilities,Utilities - Independent Power Producers,116310.36,Large,364.0,3.84,377.15,387.25,43.73,Bearish,Bearish,-4.21,-10.49,0.11,-3.76,44.84,0.7444,0.342,21.1,2.0,464.9,342.5,-21.7,6.28,-24.39,-3.76,16.99,23.21,Bear,Damaged,90,5.0,-0.71,0.01,1.17,Rising,Death Cross,31,-0.74,-12.67,6.26,0.09,82.8,82.1,1.01,"The Tata Power Company Limited engages in the generation, transmission, distribution, and trading of electricity in India and internationally. It operates through four segments: Thermal & Hydro, Transmission & Distribution, Renewables, and Others. The company generates power from hydroelectric and thermal sources, such as coal, gas, and oil; and provides related ancillary services. It also engages in the operation of transmission and distribution networks; and sale of power to retail customers through distribution networks. In addition, the company offers project management contracts and infrastructure management, and property development services, as well as rents oil tanks. Further, it is involved in the generation of power from renewable energy sources, such as wind and solar; rooftop solar projects; electric vehicle charging stations; manufactures solar cells and modules; engineering, procurement, and construction; home automation solutions; and maintenance services. Additionally, the company trades in power and coal; generates and distributes power; hydro pump storage, coal mining, trading, shipping, and related infra business; and provides smart meter, consultancy, networking solution, shipping and coal handling, logistics, and equipment business and related services, as well as infrastructure for electric vehicles. As of March 31, 2026, the company had an installed generation capacity of 16,716 megawatt. The Tata Power Company Limited was founded in 1915 and is based in Mumbai, India.",buy,2.34783,417.43472,525.0,299.99875,23.0
TMPV.NS,Tata Motors Passenger Vehicles Limited,Consumer Cyclical,Auto Manufacturers,115182.43,Large,312.75,0.89,333.63,385.32,36.59,Bearish,Bearish,-10.27,-20.73,-10.21,-54.31,12.0,1.4981,0.793,50.34,2.39,739.7,294.3,-57.72,6.27,-58.83,-54.31,-19.23,1.12,Strong Bear,Damaged,256,5.0,-3.36,-0.2,0.82,Falling,Death Cross,473,-6.8,-22.9,-4.06,-50.47,110.4,185.7,0.59,"Tata Motors Passenger Vehicles Limited designs, develops, manufactures, and sells various automotive vehicles. The company offers passenger and electric vehicles, as well as related spare parts and accessories. It also manufactures engines for industrial applications. In addition, the company provides information technology and vehicle financing services. It operates in India, China, the United States, the United Kingdom, rest of Europe, and internationally. The company was formerly known as Tata Motors Limited and changed its name to Tata Motors Passenger Vehicles Limited in October 2025. Tata Motors Passenger Vehicles Limited was incorporated in 1945 and is headquartered in Mumbai, India.",hold,2.84,361.96,490.0,290.0,25.0
ZYDUSLIFE.NS,Zydus Lifesciences Limited,Healthcare,Drug Manufacturers - Specialty & Generic,115131.89,Large,1154.2,-1.16,1123.61,1031.15,53.16,Bullish,Bullish,2.14,6.08,28.8,16.57,50.3,0.6796,0.37,22.85,2.63,1205.0,835.5,-4.22,38.14,-17.87,16.57,22.22,15.0,Strong Bull,Recovering,15,6.0,0.11,1.26,1.39,Rising,Golden Cross,75,5.61,3.91,34.96,20.41,79.3,56.6,1.4,"Zydus Lifesciences Limited engages in the research, development, production, marketing, distribution, and sale of pharmaceutical products in India, the United States, Europe, and internationally. It operates through three segments: Pharmaceuticals, Consumer Products, and Medical Technologies. The company offers active pharmaceutical ingredients, human and finished dosage formulations, generics, branded generics, specialty formulations, biosimilars, vaccines, novel therapeutics, medical devices and technologies, consumer wellness, veterinary, and animal health products. It also provides biological products in the areas of oncology, autoimmune disorders, nephrology, inflammation, rheumatology, hepatology, and infectious diseases; and designs and executes clinical trials across new chemical entities (NCEs), biologics, vaccines, and specialty generics. In addition, the company operates seasonal, skin and healthcare, and food and nutrition products under the Glucon D, Complan, Sugar Free, Nycil, Everyuth, Nutralite, and RiteBite Max Protein brands. The company was formerly known as Cadila Healthcare Limited and changed its name to Zydus Lifesciences Limited in February 2022. Zydus Lifesciences Limited was founded in 1952 and is headquartered in Ahmedabad, India. Zydus Lifesciences Limited is a subsidiary of Zydus Family Trust.",hold,2.56667,1195.7827,1457.48,800.0,30.0
PFC.NS,Power Finance Corporation Limited,Financial Services,Credit Services,114348.52,Large,346.5,0.2,386.21,396.83,28.89,Bearish,Bearish,-16.61,-18.12,-10.14,-6.68,56.56,1.1103,0.639,27.93,2.37,486.5,329.9,-28.78,5.03,-28.72,-6.68,23.08,35.27,Strong Bear,Damaged,90,5.0,-10.57,-0.36,1.31,Rising,Death Cross,9,-13.14,-20.29,-3.99,-2.84,116.2,117.9,0.99,"Power Finance Corporation Limited, a non-banking finance company, provides financial products and related advisory services to the power, logistics, and infrastructure sectors in India. The company offers fund-based financial policies and products, such as project-specific funding; a revamped distribution sector scheme; funding for clearance of dues-LPS; a revolving bill payment facility; guidelines for solar and wind power generation projects, as well as for funding private sector independent transmission projects (ITP); a debt refinancing policy; a prepayment policy for solar wind ITP and other projects; takeout financing, asset acquisition, bridge loans, buyer's lines of credit, credit facilities for the purchase of power through power exchanges, and conventional and energy-saving projects; and project, medium, and short-term loan services. Its fund-based financial policies/products also include grants/interest-free loans for studies/consultancies; lease financing for the purchase of equipment and wind power projects; a line of credit for the import of coal; a policy for underwriting of debt; and financial assistance to distribution franchisees. The company also provides non-fund-based policies/products comprising guarantees, letters of comfort, and a policy for guarantees for credit enhancement; and non-fund-based consultancy services. Power Finance Corporation Limited was incorporated in 1986 and is headquartered in New Delhi, India.",strong_buy,1.21429,491.42856,525.0,410.0,14.0
GAIL.NS,GAIL (India) Limited,Utilities,Utilities - Regulated Gas,113748.87,Large,173.0,0.47,172.33,168.11,49.48,Bearish,Bullish,-0.86,3.65,12.22,1.69,-26.0,1.089,0.515,25.26,2.08,186.87,134.36,-7.42,28.76,-24.65,1.69,19.5,17.57,Strong Bull,Recovering,23,6.0,-2.08,0.48,0.96,Stable,Golden Cross,53,2.61,1.47,18.37,5.53,116.4,104.8,1.11,"GAIL (India) Limited operates as a natural gas processing and distribution company in India and internationally. It operates through Transmission Services, Natural Gas Marketing, Petrochemicals, LPG and Other Liquid Hydrocarbons, and Other segments. The company is involved in the transmission and marketing of natural gas through pipelines to the power, fertilizer, industrial, automotive, petrochemical, domestic, and commercial sectors; exploration and production activities; and marketing of compressed biogas, city gas, and biofuels. It also produces and markets liquefied petroleum gas (LPG), propane, pentane, naphtha, mixed fuel oil, ethylene, propylene, and polypropylene; and manufactures petrochemicals, such as high-density and linear low-density polyethylene. In addition, the company generates wind and solar power. GAIL (India) Limited was incorporated in 1984 and is based in New Delhi, India.",none,,194.58064,215.0,158.0,31.0
ENRIN.NS,Siemens Energy India Limited,Utilities,Utilities - Renewable,111084.67,Large,3119.3,-1.68,3386.12,3209.05,32.5,Bearish,Bearish,-5.77,-14.49,6.03,-10.54,101.3,0.6933,0.9568,38.3,3.42,3968.0,2115.0,-21.39,47.48,-41.07,-10.54,,,Strong Bear,Damaged,68,3.0,-0.94,0.16,1.17,Rising,Golden Cross,90,-2.3,-16.66,12.18,-6.69,56.7,55.0,1.03,"Siemens Energy India Limited engages in energy business. The company offers air insulated and gas insulated switchgears, bushings, instrument transformers and coils, power transformers, reactors, and traction transformers; gas turbines and steam turbines; hydrogen-powered hybrid power plants; and power generators. It also provides engineering procurement and construction services for projects; operation and maintenance; modernization and upgradation; plant flexibilization; control and digitalization services; and professional consulting. Siemens Energy India Limited was founded in 1922 and is based in Mumbai, India. Siemens Energy India Limited operates as a subsidiary of Siemens Aktiengesellschaft.",buy,2.2,3847.5334,4800.0,3077.0,15.0
OFSS.NS,Oracle Financial Services Software Limited,Technology,Software - Infrastructure,105875.67,Large,12158.0,-0.24,11335.94,9576.05,59.13,Bullish,Bullish,4.81,22.36,83.05,49.9,-52.16,0.8203,0.496,33.27,2.96,12540.0,6234.5,-3.05,95.01,-31.43,49.9,50.26,28.88,Strong Bull,Recovering,1,7.0,-2.64,2.5,0.84,Falling,Golden Cross,85,8.28,20.18,89.21,53.74,141.2,79.3,1.78,"Oracle Financial Services Software Limited, together with its subsidiaries, provides information technology (IT) solutions to the financial services industry worldwide. It operates in two segments, Product Licenses and Related Activities; and IT Solutions and Consulting Services. The company offers Oracle FLEXCUBE; Oracle FLEXCUBE Investor Servicing; Oracle Banking Digital Experience; Oracle Financial Services Lending and Leasing; and Oracle Banking APIs. It also provides Oracle FLEXCUBE Universal Banking; Oracle Banking Platform; Oracle Banking Enterprise Limits and Collateral Management; Oracle FLEXCUBE for Islamic banking and microfinance; Oracle Banking Branch; Oracle Banking Origination; Oracle Banking Cash Management; Oracle Banking Liquidity Management; Oracle Banking Corporate Lending; Oracle Banking Supply Chain Finance; Oracle Banking Trade Finance; Oracle Banking Treasury Management; Oracle Banking Virtual Accounts Management; Oracle Banking Payments; and Oracle Banking Credit Facilities Process Management, as well as Asset Finance, Oracle Banking Collections and Recovery, and Oracle Documaker solutions. In addition, the company offers Oracle Financial Services Data Management Solutions, as well as cloud infrastructure, risk and finance, human capital management, and data management for financial services; and bancassurance solutions. Further, it provides a suite of industry applications catering to the areas of risk, finance, treasury, front office, regulatory reporting, and compliance; and Oracle Finergy that enables financial services enterprises to drive simplicity using technology, as well as consulting and business process services business. The company was incorporated in 1989 and is headquartered in Mumbai, India. Oracle Financial Services Software Limited operates as a subsidiary of Oracle Global (Mauritius) Limited.",none,,13050.0,14350.0,11750.0,2.0
VEDL.NS,Vedanta Limited,Basic Materials,Other Industrial Metals & Mining,105702.99,Large,270.7,-1.2,288.83,408.92,46.5,Bullish,Bullish,0.63,-14.23,-60.74,-36.14,15.58,1.2001,0.363,74.2,3.05,795.0,249.7,-65.95,8.41,-67.87,-36.14,12.45,12.53,Strong Bear,Damaged,98,7.0,5.37,-0.82,1.02,Stable,Death Cross,78,4.1,-16.4,-54.59,-32.3,156.7,149.0,1.05,"Vedanta Limited, a diversified natural resources company, explores, extracts, and processes minerals, and oil and gas in India, Europe, China, the United States, Mexico, and internationally. The company explores, produces, and sells oil and gas, zinc, lead, silver, copper, aluminum, iron ores, and metallurgical coke. It also operates a thermal coal-based commercial power facility of 600 megawatts (MW) at Jharsuguda in Odisha; a 1,200 MW thermal coal-based power plants in the Chhattisgarh; 1,980 MW thermal coal- based commercial power facilities in Punjab; wind power plants; and a 1,000 MW coal-based power plant at Nellore, Andhra Pradesh. In addition, it manufactures and supplies billets, TMT bars, wire rods, and ductile iron pipes; mechanizes coal handling facilities and upgrades general cargo berth for handling coal at the outer harbor of Visakhapatnam Port on the east coast of India; offers port/berth services; and manufactures glass substrates, semiconductor, displays, ferro alloys, and slag cements. The company was formerly known as Sesa Sterlite Limited and changed its name to Vedanta Limited in March 2015. The company was founded in 1954 and is headquartered in Mumbai, India.",none,,314.8889,350.0,235.0,9.0
UNITDSPR.NS,United Spirits Limited,Consumer Defensive,Beverages - Wineries & Distilleries,104342.64,Large,1469.5,-0.03,1464.58,1383.75,41.1,Bearish,Bearish,-3.64,18.78,12.46,12.59,-46.43,0.8124,0.148,23.28,2.01,1563.4,1210.8,-6.01,21.37,-16.11,12.59,15.3,18.3,Strong Bull,Recovering,8,6.0,-9.9,0.54,0.76,Falling,Golden Cross,31,-0.17,16.6,18.61,16.43,86.2,62.4,1.38,"United Spirits Limited, together with its subsidiaries, manufactures, sells, and distributes alcoholic beverages and other allied spirits in India and internationally. The company offers alcoholic beverages, such as Scotch whisky, Indian made foreign liquor whisky, malts, tequila, brandy, rum, vodka, and gin under the Godawan, McDowell's No.1, Royal Challenge, Royal Challenge American Pride, Signature, Antiquity, Black Dog, Director's Special Black, McDowell's Rum, McDowell's Brandy, and McDowell's X-series brands. It also imports, manufactures, distributes, and sells alcoholic beverages under PIPA, Don Julio, Singleton, Tanquery, Captain Morgan, Johnnie Walker, J&B, Baileys, Lagavulin, Talisker, VAT 69, Black & White, Smirnoff, and Ciroc brands. The company was formerly known as McDowell & Company Limited and changed its name to United Spirits Limited in October 2006. The company was founded in 1826 and is headquartered in Bengaluru, India. United Spirits Limited is a subsidiary of Relay B.V.",buy,1.88,1562.6,1993.0,1303.0,25.0
PAYTM.NS,One97 Communications Limited,Technology,Software - Infrastructure,103799.45,Large,1619.0,-0.89,1453.67,1244.53,56.98,Bearish,Bullish,15.64,51.99,54.85,31.01,18.93,1.6456,-0.307,38.52,3.49,1732.3,930.6,-6.54,73.97,-29.89,31.01,23.29,,Strong Bull,Recovering,5,7.0,-1.69,1.42,1.22,Rising,Golden Cross,41,19.11,49.82,61.01,34.85,180.9,132.5,1.37,"One97 Communications Limited engages in the provision of payment, commerce and cloud, and financial services to consumers and merchants in India, the United Arab Emirates, Saudi Arabia, and Singapore. The company offers payment and financial services, including payment facilitator services, facilitation of consumer and merchant lending to consumers and merchants, wealth management, etc. It also provides marketing services consist of aggregators for digital products, the ticketing business, the provision of voice and messaging platforms to telecom operators, enterprise customers and other businesses, etc. In addition, the company offers mobile recharge; bill payments, such as utility bills, education and money transfers on the app, online payment gateways, as well as offline payment solutions to merchants through QR codes, soundbox, and card machines. Further, it provides digital distribution of credit, insurance, mutual funds and equity broking services; other services, including ticketing, deals and gift vouchers and advertising services for merchants; and distributes credit cards. One97 Communications Limited was incorporated in 2000 and is headquartered in Noida, India.",buy,1.7,1558.0,2200.0,1050.0,20.0
TATACONSUM.NS,Tata Consumer Products Limited,Consumer Defensive,Packaged Foods,100156.62,Large,1012.0,-1.8,1080.43,1107.57,31.81,Bearish,Bearish,-7.33,-10.51,-8.11,-5.13,-14.53,0.5999,0.414,22.97,1.97,1282.7,1007.2,-21.1,0.48,-19.7,-5.13,7.01,6.56,Strong Bear,Damaged,81,7.0,-3.83,-0.35,0.94,Stable,Death Cross,34,-3.86,-12.69,-1.95,-1.28,66.7,67.9,0.98,"Tata Consumer Products Limited, together with its subsidiaries, manufactures, distributes, and trades in food products in India, the United States, the United Kingdom, and internationally. It operates through Branded Business and Non Branded Business segments. The company provides tea, coffee, water, salt, pulses, spices, snacks, ready-to-eat packaged and processed food products, ready to cook, ready to drink beverages, breakfast cereals, sauces, instant masala noodles, meal solutions, staples, mini-meals, breakfast, chilli ginger garlic paste, cooking aids and condiments, dry fruits, floor and millets, honey, chutneys, and cold-pressed oils. It also offers health supplements; glucose and jelly drinks; juices; food; and out-of-home consumptions products. The company provides its products primarily under the Tata Tea, Tata Tea Premium, Tetley, 1868 by Tata Tea, Organic India, Tata Coffee Grand, Tata Coffee Gold, Tata Coffee Quick Filter, Sonnets by Tata Coffee, Tata Salt, Tata Sampann, Smith & Jones, Tata Soulfull, Himalayan honey and preserves, Ching's Secret, Tata Simply Better, Himalayan water, Tata Copper+, Tata Gluco+, Tata Coffee Grand Cold Coffee, Zip Zap, Tetley Ready-To-Drink Green Tea, Tata Starbucks, Tata Consumer Specialist Solutions, Tata MyBistro, Good Earth, Teapigs, Eight O'Clock, Vitax, Himalayan, Laager, Tea4Kidz, Tea time, Society Coffee, Phendula, Teeco, Southalls, Tata Tea Gold, Kanan Devan, Chakra Gold, Tata Tea Agni, Joekels, Tata Coffee Cold Coffee, Tata Fruski, Tata GoFit, Himalayan Honey & Preserves, Himalayan Saffron, and Tata MyBistro Vending brands. The company was formerly known as Tata Global Beverages Limited and changed its name to Tata Consumer Products Limited in February 2020. Tata Consumer Products Limited was incorporated in 1962 and is based in Mumbai, India.",buy,1.75,1343.0,1500.0,1124.0,26.0
GMRAIRPORT.NS,GMR Airports Limited,Industrials,Airports & Air Services,99243.81,Large,93.99,-0.14,102.97,99.83,23.82,Bearish,Bearish,-11.8,-7.88,-1.27,8.0,-16.81,1.4072,0.573,29.95,2.54,115.64,84.11,-18.72,11.75,-21.78,8.0,21.12,29.5,Strong Bear,Correcting,40,7.0,-9.17,-0.04,0.88,Stable,Golden Cross,350,-8.33,-10.05,4.88,11.84,139.3,120.0,1.16,"GMR Airports Limited development, maintenance, and operation of airports in India. It is also involved in operation of international airports on build, own, operate, and transfer basis. In addition, the company engages in construction business, including engineering, procurement, and construction contracting activities; and provides security services, as well as engages in maintenance, repairing, and overhauling of aircrafts. The company was formerly known as GMR Airports Infrastructure Limited and changed its name to GMR Airports Limited in September 2024. GMR Airports Limited was incorporated in 1996 and is based in New Delhi, India.",strong_buy,1.28571,118.42857,135.0,99.0,7.0
NYKAA.NS,FSN E-Commerce Ventures Limited,Consumer Cyclical,Internet Retail,96668.13,Large,337.4,-0.32,322.76,282.55,54.74,Bullish,Bullish,-1.49,28.63,31.95,44.35,5.82,1.051,0.351,27.7,2.42,349.55,227.9,-3.48,48.05,-16.37,44.35,35.94,,Strong Bull,Recovering,1,7.0,-11.03,1.15,0.97,Stable,Golden Cross,355,1.98,26.46,38.1,48.2,146.6,85.3,1.72,"FSN E-Commerce Ventures Limited, through its subsidiaries, manufactures, sells, and distributes beauty and lifestyle products in India and internationally. It operates through three segments: Beauty, Fashion, and Others. The company offers makeup for face, eyes, lips, and nails, as well as makeup palettes and tools and brushes; body, eye lip, sun, and hands and feet care products, as well as moisturizers, serums, cleansers, masks, toners, skin tools and supplements, neck creams, Korean beauty products, and specialized skincare; hair care and styling products, as well as tools and accessories; appliances; bath and shower, feminine hygiene, female and male grooming products, hygiene essentials, and oral care; and natural products. It also provides diaper essentials, baby accessories and hygiene, nursing and feeding items, and products for moms; health and wellness, including beauty boosters, daily nutrition, mind and mood, fitness and recovery, intimate wellness, herbal and ayurvedic, and women's health products; men essentials; fragrances; and lingerie, watches, sunglasses, bags, footwear, jewellery, and home essentials. In addition, the company offers marketing support services. It sells its products under various brand names through online portals or websites, such as e-commerce, m-commerce, internet, and intranet, as well as physical stores, stalls, and general and modern trade. The company was incorporated in 2012 and is based in Mumbai, India.",hold,2.56,339.56,414.0,220.0,25.0
DRREDDY.NS,Dr. Reddy's Laboratories Limited,Healthcare,Drug Manufacturers - Specialty & Generic,96335.09,Large,1156.5,-1.24,1205.05,1240.77,40.45,Bearish,Bearish,-1.37,-8.95,-9.86,-9.07,-43.42,0.5163,0.242,23.5,1.87,1414.9,1101.0,-18.26,5.04,-16.93,-9.07,0.38,4.83,Strong Bear,Correcting,46,7.0,1.61,-0.42,0.92,Stable,Death Cross,25,2.1,-11.12,-3.71,-5.23,49.5,56.4,0.88,"Dr. Reddy's Laboratories Limited, together with its subsidiaries, operates as an integrated pharmaceutical company North America, Europe, India, Russia, and internationally. The company operates through Global Generics, Pharmaceutical Services and Active Ingredients (PSAI), and Others segment. Its Global Generics segment manufactures and markets prescription and over-the-counter finished pharmaceutical products that are marketed under a brand name or as a generic finished dosages with therapeutic equivalence to branded formulations, as well as engages in the biologics business. The PSAI segment manufactures and markets active pharmaceutical ingredients and intermediates, which are principal ingredients for finished pharmaceutical products. This segment also provides contract research services; and manufactures and sells active pharmaceutical ingredients and steroids with the customer requirements. Its Others segment engages in developing therapies in the fields of oncology and inflammation; and research, development, and commercialization of differentiated formulations. The company offers its products for various therapeutic categories, including gastro-intestinal, cardiovascular, anti-diabetic, dermatology, oncology, respiratory, stomatology, urology, and nephrology, vaccines, vitamins and minerals, and pain management. Dr. Reddy's Laboratories Limited was incorporated in 1984 and is headquartered in Hyderabad, India.",hold,2.79487,1265.7726,1740.0,1039.0,39.0
GODREJCP.NS,Godrej Consumer Products Limited,Consumer Defensive,Household & Personal Products,92609.1,Large,905.0,0.0,989.51,1062.03,30.14,Bearish,Bearish,-14.0,-8.82,-19.6,-26.6,413.83,0.8345,0.368,26.3,2.29,1309.0,891.1,-30.86,1.56,-28.43,-26.6,-2.74,-1.3,Strong Bear,Damaged,260,6.0,-11.06,-0.75,1.4,Rising,Death Cross,125,-10.53,-10.99,-13.45,-22.75,72.7,105.3,0.69,"Godrej Consumer Products Limited, a fast-moving consumer goods company, manufactures and sells personal care and home care products in India, Africa, Indonesia, the Middle East, the United States, and internationally. The company offers household insecticides, home hygiene, and air and fabric care products; and personal wash and hygiene, hair color, beauty and professional products, and deodorants and fragrances. It provides its products under the Godrej Aer-O, Goodknight Agarbatti, Godrej Ninja, Godrej Good knight, Godrej aer, Godrej Expert, Darling, HIT, Godrej Ezee, Godrej No.1, CINTHOL, Ilicit, ISSUE, INECTO, Godrej magic, Godrej nupur, Godrej Professional, tcb, ROBY, Villeneuve, Millefiori, African Pride, Stella, Godrej spic, Godrej bloq, Mitu baby, NYU, Godrej Genteel, Park Avenune, Profectiy Mega Growth,and KamaSutra brands names. Godrej Consumer Products Limited was founded in 1897 and is headquartered in Mumbai, India.",buy,1.52941,1230.3823,1485.0,772.0,34.0
PERSISTENT.NS,Persistent Systems Limited,Technology,Information Technology Services,88895.46,Large,5690.0,-1.9,5386.7,5310.51,55.99,Bearish,Bullish,3.47,13.32,21.25,5.72,-38.05,0.936,0.082,35.1,2.9,6599.0,4244.5,-13.77,34.06,-34.27,5.72,32.92,30.98,Bull,Correcting,181,7.0,-0.97,0.61,0.82,Falling,Golden Cross,6,6.94,11.15,27.4,9.57,128.0,108.0,1.19,"Persistent Systems Limited provides software products, services, and technology solutions in India, North America, and internationally. It operates through Banking, Financial Services and Insurance (BFSI); Healthcare & Life Sciences; and Technology Companies and Emerging Verticals segments. The company provides Persistent GenAI Hub, a generative artificial intelligence (AI) solution; consulting services for business strategy and transformation; software engineering services to architect, design, develop, and manage software product lifecycle; and CX transformation solutions, such as CX strategy, Salesforce cloud implementation, CX platform integration, customer analytics and insights, and Salesforce industry solutions and accelerators. It also offers hybrid and multi-cloud transformation, data center modernization, persistent intelligent IT operations, cloud advisory, service management, service desk, digital workplace, and management and sustenance services, as well as CloudOps, a multi-cloud intelligent operations framework; business process management, robotic process automation, low code application development, and conversational AI solutions; and application modernization, maintenance and support, portfolio rationalization, application, and platform development solutions. It serves customers in the banking, financial services, insurance, healthcare, life sciences, consumer tech, industrial, software and hi-tech, and telecom and media sectors. The company has a research collaboration with the Indian Institute of Management Ahmedabad to introduce the 'AI Value compass to bring discipline and measurable outcomes to enterprise AI investments. Persistent Systems Limited was incorporated in 1990 and is based in Pune, India.",hold,2.58824,5511.706,6931.0,3310.0,34.0
DIXON.NS,Dixon Technologies (India) Limited,Technology,Consumer Electronics,88709.96,Large,14590.0,0.89,13822.39,12976.93,55.51,Bearish,Bullish,4.3,27.62,43.94,-16.98,-43.57,1.5269,-0.156,38.63,2.49,18471.0,9600.0,-21.01,51.98,-47.23,-16.98,46.45,27.9,Bull,Damaged,249,6.0,-4.91,1.14,0.72,Falling,Golden Cross,30,7.77,25.45,50.1,-13.14,165.8,168.5,0.98,"Dixon Technologies (India) Limited, together with its subsidiaries, manufactures and sells electronic goods in India and internationally. The company offers consumer electronics, such as LED and smart TVs, interactive flat panels, monitors, IFPD commercial displays, digital signages, PCB and LCM panel assemblies, LED bars, and injection moulding; and lightning solutions, including LED and special lamps, battens, bulbs, synthetic down lighters, 2X2s, panels, strip and rope lighting, CoB luminaries, wall washers, fancy and desk lights, magnetic track lights, and smart lights, as well as professional lighting products comprising street, flood, and industry lights. It also provides home appliances comprising semi-automatic washing machine and fully automatic top load; refrigerators; 4G and 5G smart, foldable, and feature mobile phones; wireless wearables and hearables; computing devices, such as laptops, desktops, and notebooks; and telecommunication and networking products, which include 5G fixed wireless access devices, optical network terminals, and IPTV set-top boxes. In addition, the company is involved in the provision of electronic manufacturing services; trading; reverse logistics, such as repair and refurbishment of LED TV panels; repair of mobile phones; research and development; design and prototyping; manufacturing and assembly; and quality and performance. It exports its products. Dixon Technologies (India) Limited was incorporated in 1993 and is headquartered in Noida, India.",buy,2.18519,14598.186,17800.0,8157.0,27.0
FEDERALBNK.NS,The Federal Bank Limited,Financial Services,Banks - Regional,87268.53,Large,353.35,1.17,342.98,298.34,52.59,Bearish,Bullish,-2.18,16.57,23.78,83.16,-34.23,0.9442,0.276,25.77,2.12,371.7,188.4,-4.94,87.55,-15.17,83.16,39.21,32.78,Strong Bull,Recovering,21,9.0,-7.7,0.92,0.95,Stable,Golden Cross,375,1.29,14.4,29.93,87.0,120.9,33.8,3.58,"The Federal Bank Limited provides various banking and financial services in India. It operates through four segments: Treasury, Corporate/Wholesale Banking, Retail Banking, and Other Banking Operations segments. The company offers savings, current, salary, GBD super 51, RFC domestic, RFC, EEFC, and gilt accounts, as well as fixed and recurring deposits, and cash certificates; fintech partnership products; and credit card, debit card, smart key chain flash pay, prepaid cards, and tokenization of cards. It also provides personal, gold, car, housing, property, education and career, digital personal, SME business, instant digital, and other loans as well as loans for NRIs and loans against fixed deposits; financing joint liability group; insurance, wealth management, Fed-e-Trade for online trading, national pension system, NPS Vatsalya, and Demat accounts; and priority banking, transfer fund, pay fees and bills, shop online and other, and invest and donate services. In addition, the company offers remittance services; FX retail, forward contracts, options, and swaps; term loans, project finance, bill discounting, working capital loans, packing credit limit, PCFC, and EBRD; bank guarantee, LC bill discounting, merchant banking services, cash management services, and Fed eSCF; and transaction banking services. Further, it provides payment and collection services; online and e-commerce services; and internet banking, mobile banking, conversational banking, ATMs, and open banking. The company was formerly known as Travancore Federal Bank Limited and changed its name to The Federal Bank Limited in March 1947. The Federal Bank Limited was incorporated in 1931 and is headquartered in Aluva, India.",buy,2.02857,364.97144,425.0,284.0,35.0
COFORGE.NS,Coforge Limited,N/A,N/A,87064.88,Large,1965.7,-1.17,1715.06,1551.98,68.87,Bullish,Bullish,12.33,37.57,68.79,12.43,-40.13,1.097,0.9329,38.61,2.51,2021.2,1008.1,-2.75,94.99,-45.58,12.43,24.38,16.11,Strong Bull,Recovering,3,7.0,-0.19,1.78,0.77,Falling,Golden Cross,24,15.8,35.39,74.94,16.27,127.7,97.3,1.31,,,,,,,
POLICYBZR.NS,PB Fintech Limited,Financial Services,Insurance Brokers,85565.56,Large,1851.9,1.24,1698.52,1659.63,65.98,Bullish,Bullish,15.96,20.72,25.13,4.58,-12.46,0.7476,0.375,33.13,2.7,1974.0,1364.0,-6.19,35.77,-27.1,4.58,36.54,,Strong Bull,Correcting,190,6.0,9.05,0.76,1.0,Stable,Golden Cross,8,19.43,18.54,31.28,8.42,73.8,66.9,1.1,"PB Fintech Limited operates an online marketplace for insurance and lending products in India and the United Arab Emirates. It operates through two segments, Insurance Services and Other Services. The company offers Policybazaar that enables consumers to compare, evaluate, and apply for insurance products, such as term, life, health, car, 2 wheeler, family health, travel, and home insurance products, as well as investment, guaranteed return, child savings, and retirement plans. It also provides Paisabazaar, which facilitates access to lending and personal credit products. In addition, the company offers online healthcare related services; insurance broking services; support services for motor vehicle claims and related assistance; account aggregation services; online marketing and sales consulting services; and information technology and related services. Further, the company engages in the operation of call center; online comparison, sale, and online, offline, and direct marketing of financial products; and payment aggregator, payment gateway services, payment facilitation activities by offline and a digital payment acceptance. PB Fintech Limited was incorporated in 2008 and is based in Gurugram, India.",buy,2.08333,1959.68,2500.0,1390.0,25.0
SHREECEM.NS,Shree Cement Limited,Basic Materials,Building Materials,85439.21,Large,23680.0,0.81,25192.79,25850.56,36.29,Bearish,Bearish,-11.97,-1.43,-6.36,-20.29,33.91,1.0149,0.8275,21.91,2.44,30750.0,22550.0,-22.99,5.01,-25.24,-20.29,0.37,-3.7,Strong Bear,Damaged,256,6.0,-11.49,-0.29,0.91,Stable,Death Cross,210,-8.5,-3.6,-0.21,-16.45,78.1,101.3,0.77,"Shree Cement Limited engages in the manufacture and sale of cement and clinker in India and internationally. The company provides ordinary Portland, Portland pozzolana, Portland slag, and composite cements. It also produces ready mix concrete, as well as aerated autoclaved concrete blocks, a lightweight and precast building material. The company offers its products under the Bangur brand name. In addition, it engages in the generation of power with a total capacity of 1,137 megawatts through thermal renewable, waste heat recovery, solar, and wind power plants. Shree Cement Limited was incorporated in 1979 and is headquartered in Kolkata, India.",buy,2.37838,27960.973,31600.0,20100.0,37.0
SAIL.NS,Steel Authority of India Limited,Basic Materials,Steel,81164.82,Large,196.5,1.81,177.76,165.25,67.04,Bullish,Bullish,13.22,3.12,26.27,64.31,79.78,0.9218,1.029,35.65,3.55,209.7,123.56,-6.29,59.03,-21.91,64.31,32.61,10.37,Strong Bull,Correcting,70,8.0,12.18,0.74,1.18,Rising,Golden Cross,326,16.69,0.94,32.42,68.15,129.1,52.8,2.45,"Steel Authority of India Limited, a steel-making company, manufactures and sells iron and steel products in India and internationally. The company offers a range of railway products, which include rail, high YS/UTS rail, corrosion-resistant micro-alloyed rail, vanadium alloyed rail, end forged thick web asymmetric rail, high conductivity rail, crane rails, and crossing sleeper bars. It also provides pig iron, cold rolled products, pipes, semis, structurals, sail tmt bars, galvanized products, wirerods, pm plates, railway products, wheels and axles, hot rolled products, stainless steel products, electrical steels, and sail SeQR TMT bars. It serves government organizations, PSUS, private companies, distributors, and resellers. Steel Authority of India Limited was founded in 1954 and is based in New Delhi, India.",hold,2.96552,179.2069,240.0,135.0,29.0
OIL.NS,Oil India Limited,Energy,Oil & Gas Integrated,81029.46,Large,498.15,1.66,461.9,451.25,68.72,Bullish,Bullish,10.7,3.06,1.23,27.93,-4.58,-0.2463,0.253,30.69,2.56,531.0,390.0,-6.19,27.73,-21.51,27.93,43.54,41.76,Strong Bull,Correcting,78,7.0,9.68,0.04,1.03,Stable,Golden Cross,15,14.17,0.89,7.38,31.77,23.2,-12.9,-1.8,"Oil India Limited engages in the exploration, development, and production of crude oil and natural gas in India. It operates through Crude Oil, Natural Gas, LPG, Pipeline Transportation, Renewable Energy, and Others segments. The company owns and operates crude oil trunk pipeline comprising an area of 1,157 kilometers; and drilling rigs and workover rigs. It is also involved in the transportation of crude oil and natural gas; and production of Liquefied Petroleum Gas (LPG) and condensate, as well as in the pipeline transportation services. In addition, it generates energy through wind and solar power projects. Oil India Limited was founded in 1889 and is based in Noida, India.",buy,1.90476,537.7143,645.0,370.0,21.0
SRF.NS,SRF Limited,Industrials,Conglomerates,77018.14,Large,2598.4,0.25,2642.92,2708.82,46.66,Bullish,Bearish,-1.66,-3.75,2.63,-10.0,-55.64,1.1304,0.132,29.23,1.76,3210.0,2355.0,-19.05,10.34,-24.89,-10.0,4.59,7.9,Bear,Correcting,229,6.0,-0.41,0.09,0.46,Falling,Death Cross,139,1.81,-5.93,8.78,-6.15,86.9,91.6,0.95,"SRF Limited manufactures, purchases, and sells technical textiles, chemicals, packaging films, and other polymers. It operates through Technical Textiles Business, Chemicals Business, Performance Films and Foil Business, and Others segments. The company offers polyester and nylon tyre cord, belting, coated, and laminated fabrics; and polyester industrial yarns. It also provides fluorochemicals, such as refrigerant gases, industrial and specialty chemicals, fluorochemicals, and allied products, as well as research and development services. In addition, the company offers polyester films and polypropylene films; organic and inorganic intermediates for use in material sciences, surface chemistry, and agrochemical and pharmaceutical; and fluoropolymers. Further, it engages in the acquisition and renting of real estate; manufacture, distribution, and trade of performance films; and manufacture of aluminum foil. The company operates in India, Germany, the United States, South Africa, the United Kingdom, Italy, Indonesia, the United Arab Emirates, South Korea, Thailand, Hungary, Switzerland, Belgium, and internationally. The company was formerly known as Shri Ram Fibres and changed its name to SRF Limited in 1990. SRF Limited was incorporated in 1970 and is headquartered in Gurugram, India. SRF Limited operates as a subsidiary of KAMA Holdings Limited.",buy,2.36667,2933.2666,3604.0,2209.0,30.0
NHPC.NS,NHPC Limited,Utilities,Utilities - Renewable,75990.69,Large,75.65,-0.85,77.39,78.17,42.4,Bearish,Bearish,-5.77,1.18,5.02,-1.7,-35.62,0.7485,0.191,23.58,1.96,89.22,71.62,-15.21,5.63,-17.13,-1.7,17.44,28.0,Bear,Correcting,250,3.0,-6.16,0.21,0.81,Falling,Death Cross,19,-2.3,-0.99,11.17,2.15,79.2,76.1,1.04,"NHPC Limited, together with its subsidiaries, engages in the generation, sale, and trading of electricity through hydro, wind, and solar power stations in India and Nepal. It also owns and operates power stations. In addition, the company offers consultancy, project execution, and maintenance services in the areas of design and engineering; geotechnical investigations; renovation and modernization of hydropower projects; procurement; project management and supervision; construction management; and operation and maintenance of power plants, rural road projects, and rural electrification projects. The company supplies electricity to various distribution companies, including state electricity distribution companies, state power departments, and private distribution companies. It exports its products and services. NHPC Limited was incorporated in 1975 and is based in Faridabad, India.",none,,87.83333,117.0,72.0,6.0
NMDC.NS,NMDC Limited,Basic Materials,Steel,75389.84,Large,85.75,0.07,85.62,82.56,50.64,Bullish,Bullish,1.84,-7.7,11.78,26.91,16.92,0.8864,0.643,27.63,2.47,97.49,72.24,-12.04,18.7,-13.95,26.91,35.27,20.01,Bull,Correcting,65,4.0,4.41,0.43,1.16,Rising,Golden Cross,328,5.31,-9.87,17.94,30.76,111.2,72.3,1.54,"NMDC Limited, together with its subsidiaries, explores for and produces iron ore in India and internationally. It operates through Iron Ore, and All Other Segments (Pellets, Other Minerals & Services). The company also explores for lithium, copper, rock phosphate, limestone, beach sand, coking and non-coking coal, magnesite, diamond, tungsten, nickel, gold, base metals, and rare earth metals. In addition, it produces and sells hot rolled coil and pellets; and generates and distributes solar and wind power. The company exports its products. NMDC Limited was incorporated in 1958 and is headquartered in Hyderabad, India.",hold,3.09091,89.56522,112.0,67.0,23.0
NTPCGREEN.NS,NTPC Green Energy Limited,Utilities,Utilities - Renewable,74252.82,Large,88.12,-1.22,93.03,97.16,27.66,Bearish,Bearish,-2.87,-12.63,2.6,-15.46,-79.56,0.4451,1.1078,28.33,1.63,119.95,84.0,-26.54,4.9,-25.86,-15.46,,,Strong Bear,Damaged,91,4.0,1.34,0.09,0.49,Falling,Death Cross,45,0.6,-14.81,8.75,-11.61,47.5,58.9,0.81,"NTPC Green Energy Limited engages in the renewable energy generation business in India. The company has a portfolio of 26,544 MWs solar and wind power projects. It also offers consultancy services, project management, and supervision services. The company was incorporated in 2022 and is based in New Delhi, India. NTPC Green Energy Limited is a subsidiary of NTPC Limited.",hold,2.71429,103.71429,126.0,85.0,7.0
WAAREEENER.NS,Waaree Energies Limited,Technology,Solar,74245.69,Large,2581.1,-0.27,2751.09,2918.74,31.84,Bearish,Bearish,-3.33,-15.46,-2.01,-19.31,-49.81,0.9107,0.0592,36.85,2.12,3865.0,2403.0,-33.22,7.41,-35.28,-19.31,,,Strong Bear,Damaged,254,4.0,1.82,-0.05,0.64,Falling,Death Cross,40,0.14,-17.63,4.15,-15.47,73.0,86.3,0.85,"Waaree Energies Limited manufactures and exports solar photovoltaic modules for residential, commercial, industrial, and institutional projects. It operates through three segments: Solar Photovoltaic Module Manufacturing, EPC and O&M Solutions, and the Independent Power Producer. The company offers HJT, TOPCon, mono PERC, polycrystalline, flexible, and special modules; off-grid and on-grid inverters; and solar products, such as solar streetlights, water heaters, and water pumps. It also provides engineering, procurement, and construction solutions; and operation and maintenance services; and operates as an independent power producer, which generates renewable energy. The company was founded in 1989 and is based in Mumbai, India.",buy,2.14286,3295.7144,4375.0,2430.0,14.0
UNOMINDA.NS,Uno Minda Limited,Consumer Cyclical,Auto Parts,71374.94,Large,1236.0,-3.01,1209.24,1160.26,48.67,Bearish,Bullish,0.73,13.39,10.09,-5.76,-9.59,1.3107,0.289,31.65,2.39,1382.0,994.0,-10.56,24.35,-25.79,-5.76,28.75,25.81,Bull,Correcting,235,5.0,-3.73,0.32,0.84,Falling,Golden Cross,20,4.2,11.22,16.24,-1.92,128.4,120.7,1.06,"Uno Minda Limited, together with its subsidiaries, manufactures and supplies auto components and systems in India and internationally. It provides alloy wheels, automotive switches, horns, infotainment systems, speakers, socket assemblies, fuel hoses, sensors, actuators, controllers, telematics and connected solutions, alternate fuel systems, air filtration systems, canisters, seat head rest and arm rests, luggage boards, automotive wireless chargers, seat recliner mechanism, multi-mode drive switches, USB chargers, wheel covers, seat belts, shifters, cameras, air ducts and washer bottles, EA pads, spoilers, steering wheels with air bags, body sealings, fuel caps, and brake hoses. The company also offers automotive seats, switches and lights, heated grips, customized switches, die casting components, batteries, handle bar assemblies, combined braking systems, relays, and noise supressor caps; off board chargers, and battery management products; combination switches, lamps, traction motors, motor controllers, and intelligent transport systems; and lever combinations, DC converters, smart plugs, and FNR switches. It also offers sunroofs, blow molded parts, vehicle control unit, and telematics. In addition, the company provides products for 4 wheelers, 2/3 wheelers, 2 and 3-wheeler EVs, off road, and commercial vehicles. Further, it sells its products to original equipment manufacturers. The company was formerly known as Minda Industries Limited and changed its name to Uno Minda Limited in July 2022. The company was founded in 1958 and is headquartered in Gurugram, India.",buy,2.10526,1329.1052,1532.0,970.0,19.0
SWIGGY.NS,Swiggy Limited,Consumer Cyclical,Internet Retail,70137.45,Large,267.7,-2.65,274.38,300.66,40.76,Bearish,Bullish,-8.01,6.82,-10.09,-37.53,-50.7,1.1635,1.1962,36.95,3.23,474.0,235.75,-43.52,13.55,-47.92,-37.53,,,Strong Bear,Damaged,248,3.0,-10.28,-0.27,0.55,Falling,Death Cross,193,-4.54,4.65,-3.94,-33.68,79.7,127.1,0.63,"Swiggy Limited, together with its subsidiary, operates a convenience platform for accessing food and everyday essentials in India. It operates through Food Delivery, Out of Home Consumption, Quick-Commerce, Supply Chain and Distribution, and Platform Innovations segments. The company operates Swiggy, a platform that enables customers to browse, select, order, and pay for food, groceries, and household essentials, with deliveries made directly to their doorstep through its delivery partner network. It also provides food delivery services through a network of restaurant partners and delivery partners; restaurant discovery and table reservation services through the Swiggy DineOut platform; curated in-restaurant event booking services through the Swiggy Scenes platform; and grocery and household essentials delivery services through the Swiggy Instamart platform, as well as a membership program through the Swiggy One platform. In addition, the company offers supply chain and distribution solutions comprising warehousing services, including inventory management, in-warehousing processing, and packaging solutions to wholesalers, retailers, and fast-moving consumer goods brands; logistics services; B2B trading services for fast-moving consumer goods; and an advertising platform for partner merchants and brands to promote their offerings. Further, it provides Toing, a marketplace designed for affordable food delivery; and Crew, a concierge-style assistance platform that helps users plan, coordinate, and simplify everyday tasks and experiences, as well as private brands, Swiggy Genie, Swiffy Minis, Swiggy Sports, and Snacc. The company serves micro, small, medium, and institutional food service establishments, including traditional restaurants and cloud kitchens, as well as end consumers. Swiggy Limited was incorporated in 2013 and is headquartered in Bengaluru, India.",buy,2.03704,365.0,520.0,230.0,27.0
YESBANK.NS,Yes Bank Limited,Financial Services,Banks - Regional,69525.07,Large,22.15,0.23,22.82,22.03,41.04,Bearish,Bearish,-3.7,-4.94,10.69,13.3,-22.77,1.1528,0.485,27.4,1.91,25.78,17.2,-14.08,28.78,-28.21,13.3,9.33,11.68,Bull,Correcting,54,6.0,-2.05,0.39,0.86,Stable,Golden Cross,71,-0.22,-7.11,16.85,17.14,117.2,90.9,1.29,"Yes Bank Limited engages in the provision of various banking and financial products and services in India. It operates through Treasury, Corporate Banking /Wholesale Banking, Retail Banking, and Other Banking Operations segments. The company offers savings, salary, and current accounts; deposits; safe deposit locker; credit, debit, prepaid, and MCTC cards; and NRI products. It also provides consumer, commercial, MSME, and rural and agri loans; custom duty, GTS, direct tax, online loan, credit card, and bill payments, as well as outward remittances and forex cards; wealth management, insurance, and government schemes; and working capital finance, term lending, foreign currency loan, supply chain finance, and equipment finance. In addition, the company offers trade finance; cash management; value added services; commercial business, multinational corporate, government, emerging corporate, and corporate banking, as well as financial institutions; digital solutions; and agri and micro products. Further, it provides agri-business product management; merchant acquiring services; food and agribusiness strategic advisory and research; corporate and government advisory; project finance, real estate and loan syndication; YES Premia, YES Grandeur, YES First, Yes Private, YES CONNECT, YES Genie, YES Prosperity, and YES Powher Up products; IRIS Biz mobile app; and ATM. The company serves large corporates, small and medium enterprises, individuals, women microfinance borrowers, and others. The company was incorporated in 2003 and is headquartered in Mumbai, India.",underperform,4.23077,21.15385,28.0,15.0,13.0
GLENMARK.NS,Glenmark Pharmaceuticals Limited,Healthcare,Drug Manufacturers - Specialty & Generic,69427.27,Large,2460.0,-0.42,2307.16,2158.12,64.76,Bullish,Bullish,10.67,13.68,20.73,28.11,-8.43,0.8731,0.248,27.01,2.44,2537.6,1792.6,-3.06,37.23,-14.9,28.11,45.94,32.91,Strong Bull,Recovering,3,6.0,6.11,0.77,1.06,Stable,Golden Cross,326,14.14,11.5,26.88,31.96,99.4,60.2,1.65,"Glenmark Pharmaceuticals Limited, together with its subsidiaries, research, develops, manufactures, and sells generics, specialty medicines, and over the counter (OTC) pharmaceutical products in India, North America, Europe, and internationally. The company provides various products in the therapeutic areas of dermatology, respiratory, oncology, cardiology, diabetes, gynecology, gastroenterology, and anti-infective in the dosage forms of complex injectables and biologics, oral solids, liquids, topical products, and respiratory-metered dose inhaler, dry powder inhaler, and nasal sprays. Its product pipeline includes ISB 2001, a CD38 x BCMA x CD3 trispecific T cell engager, which is in Phase 1 clinical trial for indication of multiple myeloma; ISB 2301, a Multispecific Immune Cell Activator that is in preclinical trial for solid tumors; ISB 2302, a bispecific immune modulator with an indication for hematologic and solid tumors; and ISB 2501, a trispecific T-cell engager indicated for solid tumors. The company's pipeline also comprises ISB 880, an IL-1RAP antagonist monoclonal antibody, which is in Phase 2 clinical trial for the treatment of hidradenitis suppurativa; and telazorlimab and ISB 830-X8, a OX40 antagonist mAb for the treatment of atopic dermatitis. In addition, the company offers Ryaltris, fixed-dose nasal spray for the treatment of allergic rhinitis. The company was incorporated in 1977 and is based in Mumbai, India.",buy,1.58333,2497.7273,2750.0,2100.0,11.0
FORTIS.NS,Fortis Healthcare Limited,Healthcare,Medical Care Facilities,69078.67,Large,915.0,0.0,932.46,913.16,46.15,Bullish,Bearish,-1.91,-5.44,0.56,-0.94,39.44,0.8247,0.665,25.81,2.35,1104.3,766.8,-17.14,19.33,-28.16,-0.94,43.06,29.3,Bull,Correcting,225,6.0,-0.1,0.02,1.28,Rising,Golden Cross,98,1.56,-7.61,6.71,2.9,73.7,66.0,1.12,"Fortis Healthcare Limited operates as a healthcare delivery service provider in India. The company services in the areas of cardiac science, nephrology, diabetology/endocrinology, foetal medicine, infectious diseases, mental health and behavioral science, oncology, orthopedics, physiotherapy and rehabilitation, rheumatology, urology, nuclear medicine, critical care, emergency and trauma, general surgery, internal medicine, neurointerventional radiology, obstetrics and gynaecology, pediatrics, pediatrics, vascular surgery, and support facilities. It also provides services in the areas of infertility medicine, dental science, endocrine surgery, geriatric medicine, liver transplant and hepatobiliary sciences, neurology, ophthalmology, pain and palliative medicine, pulmonology, thoracic surgery, gastroenterology sciences, dermatology, ENT, haematology, medical generics, neurology, organ transplant, radiology, and transfusion medicines. In addition, the company offers various spectrum integrated healthcare services ranging from clinics to quaternary care facilities and a range of ancillary services, as well as secondary, and tertiary care services. The company's healthcare verticals comprise hospitals, diagnostics, and day care specialty facilities. Fortis Healthcare Limited was incorporated in 1996 and is based in Gurugram, India.",strong_buy,1.3,1115.8,1180.0,975.0,20.0
PHOENIXLTD.NS,The Phoenix Mills Limited,Real Estate,Real Estate - Diversified,68675.01,Large,1920.1,1.45,1926.94,1813.78,47.88,Bullish,Bearish,-0.63,9.65,16.47,27.39,-56.9,1.198,0.324,26.12,2.16,2169.8,1465.6,-11.51,31.01,-24.27,27.39,32.46,35.01,Strong Bull,Correcting,36,8.0,-3.85,0.63,0.58,Falling,Golden Cross,96,2.84,7.48,22.62,31.23,128.1,93.1,1.38,"The Phoenix Mills Limited engages in the operation and management of malls, construction of commercial and residential properties, and hotel business in India. The company operates in three segments, Property and Related Services, Hospitality, and Residential Business. Its real estate asset portfolio consists of retail mall, commercial office, residential, and hospitality projects located in Mumbai, Chennai, Bengaluru, Pune, Kolkata, Lucknow, Bareilly, Agra, Ahmedabad, Indore, Surat, Chandigarh, Thane, and Coimbatore. The company owns and operates hotels under The St. Regis name; Courtyard by Marriott brand name in Agra; and various restaurants in Mumbai and Agra. It operates malls primarily under the Phoenix Palladium, Phoenix MarketCity, Palladium, Phoenix United, Phoenix Palassio, Phoenix Paragon, Phoenix Citadel, Phoenix Grand Victoria, Phoenix Mall of Asia, and Phoenix Mall of the Millennium brand names. The Phoenix Mills Limited was incorporated in 1905 and is based in Mumbai, India.",buy,1.80952,2102.0952,2495.0,1700.0,21.0
PRESTIGE.NS,Prestige Estates Projects Limited,Real Estate,Real Estate - Diversified,68141.52,Large,1582.0,0.76,1588.38,1523.13,46.29,Bearish,Bullish,-0.69,14.69,17.26,0.48,-32.86,1.7134,0.445,32.83,3.18,1805.2,1090.0,-12.36,45.14,-36.88,0.48,42.18,33.91,Bull,Correcting,221,5.0,-5.59,0.53,0.69,Falling,Golden Cross,40,2.78,12.52,23.42,4.33,175.9,166.2,1.06,"Prestige Estates Projects Limited, together with its subsidiaries, engages in the real estate development and related activities in India. It develops residential projects, such as apartments, villas, integrated townships, and plotted developments. The company is also involved in the development of commercial properties, including office parks, corporate campuses, built-to-suit developments, business parks, and warehousing assets; shopping, dining, entertainment and culture destinations; and luxury hotels, resorts, convention centers, serviced residences and golf resorts. In addition, it offers fit-out services, interior designs and execution, facilities and property management, and project and construction management for its projects. The company was incorporated in 1986 and is based in Bengaluru, India. Prestige Estates Projects Limited operates as a subsidiary of Razack Family Trust.",strong_buy,1.40909,1892.1428,2380.0,1440.0,21.0
OBEROIRLTY.NS,Oberoi Realty Limited,Real Estate,Real Estate - Development,67848.18,Large,1866.0,-0.78,1826.45,1719.41,52.4,Bearish,Bullish,4.9,14.36,25.47,16.41,6.86,1.2123,0.324,26.7,2.4,1986.1,1391.2,-6.05,34.13,-21.8,16.41,20.66,20.91,Strong Bull,Recovering,41,8.0,0.11,0.95,0.99,Stable,Golden Cross,56,8.37,12.19,31.62,20.25,136.2,110.6,1.23,"Oberoi Realty Limited, together with its subsidiaries, engages in real estate development business in India. The company operates through the Real Estate and the Hospitality segment. It develops and sells residential, commercial, retail, hospitality, and social infrastructure projects. The company also leases commercial properties; and owns and operates a hotel. In addition, it engages in the sale of rooms, food and beverages, and allied services related to hotel operations, as well as in the provision of property management services. Oberoi Realty Limited was incorporated in 1998 and is headquartered in Mumbai, India.",buy,1.88889,2054.1482,2490.0,1240.0,27.0
DABUR.NS,Dabur India Limited,Consumer Defensive,Household & Personal Products,67232.97,Large,379.0,-1.3,411.34,446.23,24.26,Bearish,Bearish,-7.48,-9.49,-21.23,-26.3,-23.61,0.9757,0.429,22.75,1.69,577.0,377.6,-34.32,0.37,-30.17,-26.3,-11.2,-8.09,Strong Bear,Damaged,259,6.0,-4.32,-0.93,0.52,Falling,Death Cross,126,-4.01,-11.66,-15.08,-22.45,79.2,110.5,0.72,"Dabur India Limited operates as a fast moving consumer goods company worldwide. It operates through Consumer Care Business, Foods Business, Retail Business, and Other segments. The company provides health supplements under the Dabur Chyawanprash, Dabur Honey, and Dabur Glucose brand name; digestive products under the Hajmola, Pudin Hara, Hingoli, Dabur Nature Care, and Sat Isabgol brands; cough and throat products under the Dabur Honitus brand name; baby care products under the Dabur Lal Tail; ayurvedic health juices; rejuvenators under the Dabur Shilajit brand name; Women's Health Tonics; and nutraceuticals under the Siens brand name, as well as Ayurvedic Ethicals. It also offers hair care products comprising hair oil and shampoo under the Dabur Amla, Vatika, and Dabur Almond brands; oral care products that includes toothpastes, gels, and toothpowders under the Dabur Red Paste, Dabur Babool, Meswak, Dabur Herb'l, and Dabur Lal Dant Manjan brands; skin care products, including rose water, moisturising creams and lotions, soaps, body wash, toners, facial bleaches, and depilatory creams under the Dabur Gulabari and Fem & OxyLife brand names; and home care products, such as air fresheners under Odonil name, mosquito repellents under the Odomos brand, and floor and toilet cleaner products under the Sanifresh brand name. In addition, the company provides beverages under the Réal and Réal Activ brand names; foods under the Dabur and Hommade brands; and spices under the Badshah brand, as well as edible oils and ghee which includes Dabur Cold Pressed Mustard, Sesame and Groundnut Oils, Virgin Coconut Oil, and Dabur 100% Cow Ghee. Further, it offers Guar gum, pharma, and other products. The company also operates specialized beauty retail stores that offer a range of cosmetics, fragrances, skin care, and personal care products, as well as beauty and fashion accessories under the NewU brand name. Dabur India Limited was founded in 1884 and is based in Ghaziabad, India.",buy,2.28947,506.26315,625.0,379.0,38.0
WELCORP.NS,Welspun Corp Limited,Basic Materials,Steel,66545.69,Large,2523.5,-1.18,1881.39,1344.95,79.86,Bullish,Bullish,45.31,82.31,218.32,198.41,145.18,0.974,0.473,39.43,3.81,2592.0,710.0,-2.64,255.42,-25.25,198.41,98.54,82.01,Strong Bull,Recovering,0,8.0,17.87,5.54,1.29,Rising,Golden Cross,104,48.78,80.13,224.47,202.25,152.5,-0.1,-1525.0,"Welspun Corp Limited, together with its subsidiaries, manufactures, trades in, distributes, and sells steel pipes, tubes, bars, coils, and plates in India, the United States, and internationally. It operates through Steel Products and Others segments. The company offers carbon steel line pipes comprising longitudinal submerged arc welding, helically submerged arc welding, high frequency welding, bends, and anti-corrosion and concrete weight coating; ductile iron pipes; thermo-mechanically treated bars; pig iron products; stainless steel and alloy products; water tanks; industrial containers; SMC panel tanks; electrical enclosures; and uPVC interiors. It also provides plastic products; basic precious and non-ferrous metals; prefabricated structures, infra project services, and turnkey projects; custom moulded products; polymers and its products; PVC/CPVC pipes and fittings for water supply; water pipes; and billet, rolled bar, black bar, ingot, bloom, and seamless pipes and tubes. The company's products are used in onshore and offshore oil, gas, and water transmission; gas distribution; households, commercial buildings, and institutional settings; hydrogen pipelines; and nuclear, space, defence, power and energy, and petrochemicals sectors. The company was formerly known as Welspun Gujarat Stahl Rohren Limited and changed its name to Welspun Corp Limited in April 2010. Welspun Corp Limited was incorporated in 1995 and is headquartered in Mumbai, India.",strong_buy,1.33333,2396.5,3107.0,1794.0,6.0
TORNTPOWER.NS,Torrent Power Limited,Utilities,Utilities - Independent Power Producers,62932.52,Large,1248.9,2.43,1338.64,1395.73,37.27,Bullish,Bearish,-6.87,-14.17,-15.09,0.33,-14.81,0.9158,0.655,30.5,2.41,1824.1,1188.0,-31.53,5.13,-31.21,0.33,26.5,24.54,Strong Bear,Damaged,91,5.0,-2.15,-0.49,0.94,Stable,Death Cross,16,-3.4,-16.34,-8.93,4.18,104.2,95.1,1.1,"Torrent Power Limited, together with its subsidiaries, engages in the generation, renewables, and transmission and distribution of electricity in India. The company owns thermal power plants with a generation capacity of 6,092 megawatts; renewable with a generation capacity of 5,952 megawatts peak; pumped storage project (PSP) develops 3,000 megawatts / 18,000 megawatt-hour PSP project; explores and evaluates various opportunities for supply of green hydrogen and green ammonia; and operates 952 ckm 400 kV and 388 ckm of 220 kV transmission line projects, including Khavda and Solapur projects. It also distributes electricity in the cities of Ahmedabad, Gandhinagar, Surat, Dahej, Dholera, Mandal Bechraji, Dadra and Nagar Haveli, and Daman and Diu covering an area of 2,050 square kilometers; and operates as a franchisee for electricity distribution in the cities of Bhiwandi, Agra, and Shil-Mumbra-Kalwa covering an area of approximately 1,007 square kilometers. In addition, the company is involved in the manufacture and supply of power cables and ancillary services; generates power from renewable energy sources comprising wind and solar; and trading of regassified liquified natural gas. The company was incorporated in 2004 and is based in Ahmedabad, India. Torrent Power Limited is a subsidiary of Torrent Investments Limited.",buy,2.45455,1522.6364,1780.0,1270.0,11.0
SUZLON.NS,Suzlon Energy Limited,Industrials,Specialty Industrial Machinery,62488.32,Large,45.46,-2.24,49.55,51.71,32.75,Bullish,Bearish,-5.31,-17.81,13.85,-21.43,-42.25,1.3089,0.657,31.98,2.44,61.5,38.19,-26.08,19.04,-34.5,-21.43,31.37,48.31,Strong Bear,Damaged,248,4.0,0.63,0.43,0.77,Falling,Death Cross,20,-1.84,-19.98,20.0,-17.59,109.4,128.1,0.85,"Suzlon Energy Limited, together with its subsidiaries, manufactures and sells wind turbine generators and related components in India and internationally. The company operates through the WTG, Foundry & Forging, O&M services, and Others segments. It offers onshore wind turbine generators with capacities ranging from 2 MW to 6 MW, and classic fleet turbines; and services including project development through its RE DevCo business, energy storage solutions, and renewable energy asset management. The company also provides operation and maintenance services for wind turbine generators, as well as project execution, procurement, and marketing services. In addition, it is involved in the sale/sub-lease of land; manufacture and sale of forging rings and casting articles, as well as power generation and evacuation infrastructure facilities. The company was incorporated in 1995 and is headquartered in Pune, India.",strong_buy,1.38462,62.25846,74.0,51.0,13.0
GICRE.NS,General Insurance Corporation of India,Financial Services,Insurance - Reinsurance,62360.15,Large,355.45,0.2,360.03,371.67,48.41,Bullish,Bearish,-1.18,-9.54,-2.08,-1.5,54.06,0.7232,0.34,22.22,1.64,417.95,346.7,-14.95,2.52,-14.94,-1.5,25.23,17.43,Strong Bear,Correcting,86,5.0,2.0,-0.09,0.64,Falling,Death Cross,50,2.29,-11.72,4.07,2.35,66.5,65.1,1.02,"General Insurance Corporation of India provides reinsurance services in India and internationally. It offers property, energy, marine, engineering, liability, spares, health, agriculture/weather, motor and workmen compensation, aviation, life, marine hull, cargo and offshore energy, and miscellaneous products. The company was incorporated in 1972 and is headquartered in Mumbai, India.",buy,2.2,458.16666,550.0,339.0,6.0
SCHAEFFLER.NS,Schaeffler India Limited,Consumer Cyclical,Auto Parts,62007.23,Large,3967.1,-0.83,4072.65,4012.78,39.13,Bearish,Bullish,-2.18,-1.69,-3.25,3.03,-9.87,0.9816,0.118,28.42,2.08,4467.7,3518.4,-11.2,12.75,-16.87,3.03,10.55,24.62,Strong Bear,Correcting,91,4.0,-1.62,-0.11,0.64,Falling,Golden Cross,134,1.29,-3.86,2.9,6.87,87.3,76.9,1.14,"Schaeffler India Limited engages in the development, manufacture, and distribution of high-precision roller and ball bearings, and related components in India and internationally. The company operates in two segments, Mobility Components and Related Solutions; and Others. It offers ball, plain, and roller bearings; linear guidance systems; cylindrical, spherical, needle, and tapered roller bearings; mounting and dismounting products; and lubrication, alignment, and condition monitoring products, as well as wheel bearings. The company also provides mechatronic products; release system, timing drive, front end auxiliary drive, steering and suspension, wheel bearing, cooling, dampers, valve train, flywheels; and clutch systems for passenger cars, light commercial vehicles, heavy commercial vehicles, and tractors; assembly machines, testing systems, handling technology, machining centers, digitalization services, robotics, and vision systems; and concentric slave cylinder, clutch master cylinder, semi slave cylinder, adapter, and high-pressure pipe assemblies. In addition, it offers engine, gear, chassis, transmission, grease, coolant, hydraulic, and shock absorber oil; spare part solutions; and maintenance, repair, and digital services. The company offers its products under the Schaeffler, LuK, INA, FAG, and Schaeffler TruPower brands. It serves aerospace, productronics, food, beverage and packaging, medical equipment, printing machinery, robotics, construction machinery, agriculture, pneumatic, industrial transmission, fluid, electric motors, rail, wind, water, solar, mining and processing, metallurgical production and processing, and textile machinery, as well as machine tools, two-wheelers, power transmission, raw material, paper, and pulp industries. The company was formerly known as FAG Bearings India Limited and changed its name to Schaeffler India Limited in July 2017. Schaeffler India Limited was incorporated in 1962 and is based in Pune, India.",buy,1.71429,4823.7144,5344.0,4225.0,7.0
SBICARD.NS,SBI Cards and Payment Services Limited,Financial Services,Credit Services,60443.61,Large,635.15,0.43,639.6,694.2,46.68,Bearish,Bearish,-3.47,7.73,-12.28,-21.39,89.44,1.2245,0.246,26.68,2.93,965.0,565.45,-34.18,12.33,-39.2,-21.39,-9.12,-9.25,Strong Bear,Damaged,226,5.0,-6.05,-0.46,0.91,Stable,Death Cross,159,-0.0,5.55,-6.13,-17.55,108.8,132.2,0.82,"SBI Cards and Payment Services Limited, a non-banking financial company, provides credit cards to individual and corporate customers in India. The company offers corporate, central travel, utility, and corporate purchase and virtual cards. It also acts as a corporate insurance agent for selling insurance policies to credit card customers. The company was incorporated in 1998 and is headquartered in Gurugram, India. SBI Cards and Payment Services Limited operates as a subsidiary of State Bank of India.",hold,2.75,690.6667,900.0,430.0,24.0
RBLBANK.NS,RBL Bank Limited,Financial Services,Banks - Regional,60393.58,Large,389.4,2.34,374.88,335.12,58.47,Bearish,Bullish,2.59,11.12,27.56,47.92,-67.05,1.1589,0.642,30.04,2.06,394.5,261.6,-1.29,48.85,-13.01,47.92,21.09,16.29,Strong Bull,At High,8,9.0,-1.12,0.92,0.64,Falling,Golden Cross,336,6.06,8.94,33.72,51.76,131.2,64.6,2.03,"RBL Bank Limited operates as a scheduled commercial bank in India. It operates through Corporate/Wholesale Banking, Retail Banking, Treasury, and Other Banking Operations segments. The company offers savings, salary, current, special institutions, and seafarer accounts; safe deposit lockers; fixed, recurring, and smart deposits; and portfolio investment schemes. It also provides housing, personal, business, pre-owned car, two-wheeler, education, business, crop, agri investment, agri allied, and micro-enterprise loans, as well as overdrafts, rural vehicle finance, loans against gold ornaments, loans against property, working capital finance, and unsecured and secured small business loans; life, general, and health insurance products; investments services, such as e-ASBA and national pension system; and Demat accounts. In addition, the company offers online tax and bill payment, missed call recharge and facility, payment gateway, and merchant acquiring services; online, mobile, and digital banking; debit, credit, commercial, and prepaid cards; outward remittances; wire transfer and foreign currency cheques; and developmental banking and financial inclusion services, including loan syndications. Further, it provides corporate finance; investment banking services, comprising mergers and acquisitions advisory and private equity capital advisory; project and infrastructure finance, structured finance, and real estate financing; cash management, trade and remittance, and supply chain finance services; and financial markets and treasury products, including capital markets, and forex and bullion. Additionally, the company offers agribusiness, NRI, and preferred banking services. It operates a network of bank branches, business correspondent branches, and ATMs. The company was formerly known as The Ratnakar Bank Limited and changed its name to RBL Bank Limited in August 2014. RBL Bank Limited was incorporated in 1943 and is based in Mumbai, India.",buy,2.45,383.65,470.0,285.0,20.0
RADICO.NS,Radico Khaitan Limited,Consumer Defensive,Beverages - Wineries & Distilleries,59973.21,Large,4476.2,0.04,4302.02,3571.83,48.94,Bearish,Bullish,0.59,28.52,76.54,57.27,-32.0,0.7246,0.244,32.6,2.19,4747.0,2500.0,-5.7,79.05,-24.73,57.27,49.91,38.39,Strong Bull,Recovering,10,8.0,-8.92,2.35,0.8,Falling,Golden Cross,95,4.06,26.34,82.69,61.11,68.8,2.9,23.72,"Radico Khaitan Limited engages in the manufacture and trading of Indian made foreign liquor (IMFL) and country liquor in India, the United States, and internationally. It provides IMFL products in various categories of whisky, brandy, rum, gin, vodka, and liqueurs. The company also provides bottling services to other spirit manufacturers. It offers its products to state government, state-owned corporation, canteen stores department, private distributors, and retailers in open market. The company was formerly known as Rampur Distillery Company. Radico Khaitan Limited was founded in 1943 and is based in New Delhi, India.",strong_buy,1.45,4675.45,5285.0,3700.0,20.0
GODREJPROP.NS,Godrej Properties Limited,Real Estate,Real Estate - Development,59362.71,Large,1970.7,-0.37,1998.43,1932.73,42.13,Bearish,Bullish,-3.09,15.92,16.92,1.44,-29.61,1.859,0.478,34.83,2.91,2352.0,1434.0,-16.21,37.43,-36.59,1.44,8.51,3.6,Bull,Correcting,221,5.0,-8.4,0.49,0.78,Falling,Golden Cross,30,0.38,13.74,23.07,5.28,201.2,189.9,1.06,"Godrej Properties Limited, together with its subsidiaries, engages primarily in the business of real estate construction, development, hospitality, and other related activities in India. It develops residential and commercial projects. Godrej Properties Limited was incorporated in 1985 and is headquartered in Mumbai, India.",buy,1.95652,2326.2173,3000.0,1525.0,23.0
COROMANDEL.NS,Coromandel International Limited,Basic Materials,Agricultural Inputs,56392.84,Large,1914.6,-0.43,2000.66,2049.93,35.57,Bearish,Bearish,-9.5,6.66,-9.11,-17.76,-10.92,1.0988,0.143,29.54,2.5,2499.0,1706.5,-23.39,12.19,-27.23,-17.76,22.29,17.54,Strong Bear,Damaged,180,6.0,-11.72,-0.31,0.71,Falling,Death Cross,120,-6.03,4.49,-2.96,-13.91,95.5,113.5,0.84,"Coromandel International Limited provides agriculture solutions in India and internationally. The company operates through the Nutrient and Other Allied Business, and Crop Protection segments. It offers crop nutrition products, including fertilizers, specialty nutrients, organic, and nano products; crop protection products comprising insecticides, fungicides, herbicides, plant growth regulators, and GPS products; and other bio products. It also provides drone spray services, as well as soil and leaf testing services. The company also provides value-added services, including drone spraying, soil testing, crop diagnostics, and weather insights, as well as e-commerce platform for advisory and ordering. In addition, it operates an e-commerce platform for advisory and ordering services. The company was formerly known as Coromandel Fertilisers Ltd and changed its name to Coromandel International Limited in September 2009. Coromandel International Limited was founded in 1901 and is based in Chennai, India. Coromandel International Limited operates as a subsidiary of E.I.D.- Parry (India) Limited.",buy,1.55556,2333.6667,2951.0,2067.0,9.0
TIINDIA.NS,Tube Investments of India Limited,Industrials,Conglomerates,52651.67,Large,2720.0,-1.56,2868.42,2873.93,38.22,Bearish,Bearish,-0.83,-13.02,-1.79,-13.28,83.48,1.1034,-0.3,33.87,2.95,3419.9,2164.9,-20.47,25.64,-35.69,-13.28,-1.64,18.84,Strong Bear,Damaged,250,4.0,3.51,-0.05,1.09,Stable,Death Cross,0,2.64,-15.2,4.36,-9.44,111.7,114.1,0.98,"Tube Investments of India Limited, together with its subsidiaries, engages in the manufacture and sale of precision engineered and metal formed products to automotive, railway, construction, agriculture, etc. in India. It operates through eight segments: Engineering, Metal Formed Products, Mobility, Gear and Gear Products, Power Systems, Industrial Systems, Medical, and Semiconductors. The Engineering segment offers cold rolled steel strips, precision steel tubes, cold drawn welded tubes, electric resistance welded tubes, and tubular components. The Metal Formed Products segments provides automotive chains, fine blanked and stamped products, roll-formed car doorframes, and cold rolled formed sections. The Mobility segment offers standard bicycles; special bicycles, including alloy bikes; specialty performance bikes; fitness equipment; and electric bicycles, as well as cycling accessories and spare parts. The Gear and Gear Products segment provides gears, gear boxes, gear motors, and gear assemblies. The Power Systems segment offers transformers and switchgears, as well as engages automation and turnkey projects. The Industrial Systems segment provides electric motors, alternators, drives, and traction electronics, as well as SCADA solutions. The Electric Vehicle segment offers electric three-wheelers, tractors, and commercial vehicles. The Medical segment is involved in the provision of medical consumables; and contract development and manufacturing operations of active pharmaceutical ingredients. It also offers industrial chains, optic lens, TMT bars and TI machine building solutions. The company was founded in 1900 and is based in Chennai, India.",buy,2.0,3331.8333,3649.0,2682.0,6.0
FACT.NS,The Fertilisers and Chemicals Travancore Limited,Basic Materials,Agricultural Inputs,52044.0,Large,804.3,-1.34,834.44,853.26,44.1,Bullish,Bullish,-4.51,-7.22,20.09,-15.5,1636.23,1.1817,1.4466,40.76,3.35,1058.6,652.1,-24.02,23.34,-34.23,-15.5,24.46,42.55,Strong Bear,Damaged,260,4.0,-2.1,0.49,1.16,Rising,Death Cross,28,-1.04,-9.39,26.24,-11.66,123.0,137.0,0.9,"The Fertilisers and Chemicals Travancore Limited manufactures and markets fertilizers and petrochemicals in India. It operates through Fertilizer and Petrochemical segments. The company offers complex fertilizers, including ammonium phosphate and sulphate, and zincated factamfos; straight fertilizers, such as ammonium sulphate; organic fertilizers under the FACT Organic and FACT Organic Plus brands; imported fertilisers; and bagged gypsum under the FACT Gypsum brand. It also provides caprolactam, such as benzene, sulphur, ammonia, and carbon dioxide for use in manufacturing nylon tyre cords, nylon filament yarns, and engineering plastics, etc. for the textile and automobile industries; and by-products comprising anhydrous ammonia, cyclohexanone, soda ash, gypsum, sulphuric acid, and carbon dioxide. In addition, the company imports fertilizers, including muriate of potash and others; and offers various services for farmers. Further, it engages in engineering consultancy and design; and fabrication and erection of industrial equipment activities. Further, it offers services for farmer, including fact agro service centre, fact marketing network, Prime minister Krishi Samridhi Kendra, soil testing and soil health card, field demonstrations, mobile based fertiliser management system, and drone technology. The Fertilisers and Chemicals Travancore Limited was incorporated in 1943 and is headquartered in Kochi, India.",none,,,,,
FLUOROCHEM.NS,Gujarat Fluorochemicals Limited,Basic Materials,Specialty Chemicals,51933.79,Large,4727.7,-0.26,4403.57,3883.97,59.54,Bearish,Bullish,2.49,32.86,41.6,39.33,23.26,0.6105,-0.005,31.43,2.93,4958.9,2916.6,-4.66,62.1,-23.36,39.33,18.28,21.58,Strong Bull,Recovering,3,9.0,-8.46,1.32,0.81,Falling,Golden Cross,75,5.96,30.68,47.75,43.17,61.5,11.4,5.39,"Gujarat Fluorochemicals Limited engages in the manufacture and trading of refrigerant gases, fluorochemicals, fluoropolymers, battery chemicals, wind energy, and renewable energy solutions in India, Europe, the United States, and internationally. It provides caustic soda, carbon tetrachloride, chlorine, methylene di chloride, hydrochloric acid, sodium hydrogen sulphate, hydrogen gas, fluorspar, chloroform, and anhydrous hydrogen chloride. The company offers its products under the INOFLON, FLUONOX, INOFLAR, INOLUB, and Refron brands. It provides its products to agrochemicals, pharmaceuticals, battery materials, and other sectors. It also engages in design, develop, manufacture, export, import, assemble, fit, repair, convert, over-haul, alter, maintain, and improve all types of semiconductor devices, integrated circuits, electronic components, software, devices, technologies, equipment and appliances, and electronic devices. In addition, the company provides PTFE, micro powders, PVDF, FEP, FKM, and PPA; and battery chemicals, including lithium hexafluorophosphate, electrolyte formulations, PVDF and PTFE binders, LFP cathode active material, and additives. The company was formerly known as Inox Fluorochemicals Limited and changed its name to Gujarat Fluorochemicals Limited in July 2019. The company was incorporated in 1987 and is headquartered in Noida, India. Gujarat Fluorochemicals Limited operates as a subsidiary of Inox Leasing and Finance Limited.",buy,2.11765,4715.8823,5800.0,3000.0,17.0
PIRAMALFIN.NS,Piramal Finance Limited,Financial Services,Credit Services,51592.11,Large,2186.5,-1.78,2115.85,1883.54,54.39,Bullish,Bullish,6.54,11.2,22.86,,2.81,0.2535,0.0815,33.32,2.96,2324.0,1260.0,-5.92,73.53,-13.37,,,,Strong Bull,Recovering,1,6.0,2.81,0.69,0.85,Stable,Golden Cross,211,10.01,9.03,29.01,,65.3,-21.7,-3.01,"Piramal Finance Limited, a housing finance company, provides financing solutions to corporate and private customers in India. It offers housing loans, such as home, construction, and home renovation and extension loan; business loans, which include working capital loan, loan against property and secured business loan, as well as loans for growing business, consolidate business needs, and professionals; and real estate financing, corporate finance, emerging corporate lending, and capital markets and advisory services. Piramal Finance Limited was formerly known as Piramal Capital & Housing Finance Limited and changed its name to Piramal Finance Limited in March 2022. The company was incorporated in 1984 and is based in Mumbai, India.",buy,1.9,2312.0,2800.0,1200.0,10.0
VMM.NS,Vishal Mega Mart Limited,Consumer Cyclical,Department Stores,50862.97,Large,108.57,1.9,110.81,118.47,49.44,Bullish,Bullish,-2.45,-8.56,-2.73,-27.18,55.67,0.9733,1.0007,30.91,3.32,155.32,98.77,-30.1,9.92,-34.93,-27.18,,,Strong Bear,Damaged,255,3.0,0.4,-0.09,1.36,Rising,Death Cross,155,1.02,-10.73,3.42,-23.34,54.7,86.9,0.63,"Vishal Mega Mart Limited engages in the wholesale, trading, and retail of apparel, fast moving consumer goods, and general merchandise in India. The company offers apparel, including t-shirts, classics, fashion, lingerie, men's formal and casual, kids' wear, women's casual and ethnic, denims, athleisure, infant wear, and girl's wear products; and general merchandise, such as home appliances and furnishings, crockery, utensils, and travel products, as well as footwear and lifestyle products. It also provides fast-moving consumer goods comprising staples, packaged food, women hygiene, home care, personal care, infant diapers, savoury products, dairy and confectionery, kitchen roll napkin, facial tissue, and incense products. The company sells its products through its stores, mobile application, and website under third party and its own brand names. The company was incorporated in 2018 and is based in Gurugram, India.",strong_buy,1.27778,147.38889,170.0,100.0,18.0
COLPAL.NS,Colgate-Palmolive (India) Limited,Consumer Defensive,Household & Personal Products,50630.13,Large,1861.5,0.09,1978.34,2075.0,37.06,Bearish,Bearish,-7.39,-6.9,-13.75,-19.34,-11.03,0.8488,0.522,23.96,2.2,2504.0,1782.0,-25.66,4.46,-26.64,-19.34,0.4,4.52,Strong Bear,Damaged,259,5.0,-5.09,-0.57,0.85,Stable,Death Cross,436,-3.92,-9.08,-7.6,-15.49,70.7,87.3,0.81,"Colgate-Palmolive (India) Limited manufactures and trades in personal and oral care products in India. The company offers toothpastes, toothpowder, toothbrushes, mouth wash, serum, rinses, whitening products, hand washes, and shower gels under the Colgate and Palmolive brand name. It also offers soaps, cosmetics, and toiletries. In addition, the company exports its products. Colgate-Palmolive (India) Limited was incorporated in 1937 and is headquartered in Mumbai, India.",hold,3.0,2240.0,2750.0,2000.0,26.0
SUNDARMFIN.NS,Sundaram Finance Limited,Financial Services,Credit Services,50228.35,Large,4557.2,0.38,4537.97,4650.19,51.02,Bullish,Bullish,-4.65,11.59,-15.79,3.29,-41.12,1.0455,0.186,28.5,2.28,5642.0,4000.0,-19.23,13.93,-27.1,3.29,21.54,12.63,Bear,Correcting,129,8.0,-8.51,-0.55,0.82,Falling,Death Cross,86,-1.18,9.42,-9.63,7.13,96.9,97.2,1.0,"Sundaram Finance Limited, together with its subsidiaries, operates as a non-banking finance company in India. The company accepts fixed, cumulative, and NRI deposits. The company also offers finance for new and used cars, new and used commercial vehicles, and new and used construction equipment; diesel finance for commercial vehicle operators and companies; tire and insurance finance; farm equipment finance for new/used tractors, harvesters, and farm implements; SME finance working capital, enterprise business, and machinery term loans, as well as channel finance; housing finance; and leasing services. In addition, it provides life, health, asset, and business insurance products; mutual funds; and information technology, and business processing and support services. Further, it offers a suite of investment management services, which include asset allocation and execution, portfolio management, tax management, risk management, and estate management. Sundaram Finance Limited was incorporated in 1954 and is based in Chennai, India.",buy,2.22222,5105.3335,5880.0,4765.0,9.0
GLAXO.NS,GlaxoSmithKline Pharmaceuticals Limited,Healthcare,Drug Manufacturers - General,49973.08,Large,2949.9,-1.54,2688.86,2513.08,60.47,Bullish,Bullish,11.44,36.31,21.69,7.71,142.07,0.4195,0.057,25.03,2.91,3120.7,2088.1,-5.47,41.27,-24.69,7.71,30.11,15.0,Strong Bull,Recovering,3,5.0,-0.66,0.87,1.2,Rising,Golden Cross,21,14.91,34.14,27.84,11.55,34.7,19.2,1.81,"GlaxoSmithKline Pharmaceuticals Limited manufactures, distributes, and trades in pharmaceuticals in India and internationally. The company offers adult and pediatric vaccines, such as Shingrix, Havrix, Fluarix Tetra, Varilrix, Infanrix Hexa, Boostrix, Synflorix, Menveo, and Priorix. It also provides respiratory specialty medicines, such as NUCALA for severe eosinophilic asthma, eosinophilic granulomatosis with polyangiitis, and hypereosinophilic syndrome; Trelegy Ellipta for the treatment of chronic obstructive pulmonary disease; and Seretide. In addition, the company offers general medicines, including Augmentin, an oral antibiotic for respiratory tract infections, surgical prophylaxis, dental infections, and skin infections; Ceftum, an anti-infective medicine; Calpol and Calpol T for pain management; Eltroxin for the treatment of hypothyroidism; Neosporin, Betnovate, T-bact, Physiogel, Tenovate, and Flutivate for dermatology indications; and CobadexCZS and CCM, which are mineral, vitamins, and nutrition products. Further, it provides oncology medicines, including Jemperli and Zejula. The company was formerly known as SmithKline Beecham Pharmaceuticals India Ltd. and changed its name to GlaxoSmithKline Pharmaceuticals Limited in 2001. The company was incorporated in 1924 and is headquartered in Mumbai, India. GlaxoSmithKline Pharmaceuticals Limited operates as a subsidiary of GSK plc.",none,,3081.0,3500.0,2870.0,4.0
UPL.NS,UPL Limited,Basic Materials,Agricultural Inputs,48895.46,Large,578.45,2.0,586.8,628.52,50.05,Bullish,Bearish,-0.59,-8.38,-4.89,-19.77,-4.68,1.3134,0.555,31.71,2.05,812.2,557.95,-28.78,3.67,-29.84,-19.77,0.01,-5.12,Strong Bear,Damaged,174,7.0,2.2,-0.15,0.65,Falling,Death Cross,123,2.88,-10.55,1.26,-15.93,106.1,122.2,0.87,"UPL Limited, together with its subsidiaries, manufactures and sells pesticides, insecticides, and micronutrients in India, Brazil, the United States, the United Kingdom, and internationally. It operates through Crop protection, Seeds & Post-Harvest solutions, and Non-Agro segments. The company offers herbicides, fungicides, insecticides, acaricides, seed treatment, adjuvants, bio-solutions, public health products, fumigants, soil and water technologies, agrochemical products, and other agricultural related products under the Winger, Preview, Propose, and Nuvita brand names, as well as ProNutiva, a solution for crop protection. It also provides seeds for vegetables and crops, such as grain sorghum, forage, corn, canola, sunflower, rice, and wheat as well as other crops, including pearl millets, biofumingants, oats, mustards, and alfalfas under the Advanta, Alta Seeds, and Pacific Seeds brand names. In addition, the company offers industrial and specialty chemicals, such as phosphorus, cynation, phosgenation, and acrolein; other non-agricultural related products; post-harvest solutions; farmer education and engagement; environmental solutions; and apiculture services, as well as operates nurture.farm, a digital platform for growers, farming communities, and food systems. It serves input suppliers, distributors, farmers, food wholesalers/traders, food manufacturers, food retailers, consumers, industry associations, media, cooperatives, government, restaurants, agriculture chemical distributors, and non-government organisations. The company exports its products. The company was formerly known as United Phosphorus Limited and changed its name to UPL Limited in October 2013. UPL Limited was founded in 1969 and is based in Mumbai, India.",buy,1.88235,731.2353,880.0,600.0,17.0
SONACOMS.NS,Sona BLW Precision Forgings Limited,Consumer Cyclical,Auto Parts,48828.8,Large,782.65,-3.32,747.98,619.14,48.61,Bearish,Bullish,-0.55,30.32,56.55,74.68,-30.82,1.2334,0.449,31.04,2.78,844.0,402.3,-7.27,94.54,-13.15,74.68,13.16,12.99,Strong Bull,Recovering,10,9.0,-10.66,1.82,0.97,Stable,Golden Cross,144,2.92,28.15,62.7,78.53,166.4,80.6,2.06,"Sona BLW Precision Forgings Limited, together with its subsidiaries, designs, manufactures, and supplies systems and components for the automotive industry in India and internationally. The company offers mobility products comprising electronically and limited locking differentials, integrated motor controller modules, traction motors, spool gears, controllers, park gear, spiral bevel gears, input/rotor shafts, starter motors, differential assembly and bevel gears, intermediate and portal axle gears, epicyclic geartrains, in-cabin radar and short range radar sensors, steering bevel boxes, coupling/sleeves, inter-axle gear sets, hub wheel motors, integrated hub motors and controllers, and integrated drive motors and controllers. It also provides railway components comprising brake systems, dampers, couplers, suspension systems, friction and rubber products, HVAC systems, electric control panels, vacuum evacuation systems, air springs, and automatic plug doors. In addition, the company offers non-automotive components, such as AVG/AMR drive units, industrial robot and eVOLT reduction gearboxes, short range radar and zone monitoring sensors, humanoid components, and eVOLT and humanoid motors. Its products are used in conventional and electric passenger vehicles, commercial vehicles, off-highway vehicles, buses, and electric two and three-wheelers, as well as for railways and non-automotive applications. The company was formerly known as Sona Okegawa Precision Forgings Ltd. and changed its name to Sona BLW Precision Forgings Limited in July 2013. Sona BLW Precision Forgings Limited was incorporated in 1995 and is headquartered in Gurugram, India.",buy,2.22222,764.94446,900.0,550.0,18.0
TATACOMM.NS,Tata Communications Limited,Communication Services,Telecom Services,48749.64,Large,1710.0,-1.37,1756.23,1726.53,46.69,Bullish,Bearish,-3.85,-12.53,16.37,10.54,-17.06,0.9467,0.816,33.52,2.73,2110.0,1322.5,-18.96,29.3,-31.62,10.54,1.19,3.88,Bear,Correcting,51,6.0,0.33,0.49,0.98,Stable,Golden Cross,69,-0.38,-14.7,22.52,14.38,91.8,70.3,1.31,"Tata Communications Limited operates as a communications technology company worldwide. It offers voice and data transmission services, internet connectivity services, and other value-added services, such as unified conferencing and collaboration services, managed hosting, mobile global roaming and signaling services, transponder lease, television uplinking and other managed services, data center colocation services, network management and support, and other related services. The company also provides IZO, a self-healing network for interconnection between data centre; IZO+, a multi cloud network; Vayu Cloud, an enterprise sovereign cloud platform, which integrates infrastructure, AI, data, and security; AI Studio, an end-to-end platform to discover, build, deploy, and scale AI workloads; and ThreadSpan, an AI-powered control platform for observability, automated configuration, and closed-loop automation. In addition, it offers TC, a single-pane-of-glass view and control in network, cloud, and cybersecurity environments; Kaleyra AI platforms for conversational AI, omnichannel engagement and hyper-personalized experiences; cybersecurity products, including managed detection and response, cloud security, advanced network security, security assessment and consulting services, OT security, SD-WAN, security service edge, hosted and managed SASE, and edge distribution platform. Further, the company provides move, an IoT product; TX Hub, an AI powered and no-code platform for customer and agent experience; and Kaleyra.ai, a CX platform for data, automation, and engagement. Additionally, it is involved in the sale and leasing of bandwidth on undersea cable systems; leasing, letting out, licensing, or developing immovable properties. The company was formerly known as Videsh Sanchar Nigam Limited and changed its name to Tata Communications Limited in 2008. Tata Communications Limited was incorporated in 1986 and is based in Mumbai, India.",buy,1.81818,2108.5454,2600.0,1665.0,11.0
GLAND.NS,Gland Pharma Limited,Healthcare,Drug Manufacturers - Specialty & Generic,47319.03,Large,2868.4,-0.23,2621.93,2173.04,62.41,Bearish,Bullish,11.88,27.15,69.17,54.43,64.78,0.5815,0.566,33.01,3.01,3039.8,1573.6,-5.64,82.28,-21.06,54.43,21.38,-5.68,Strong Bull,Recovering,13,6.0,2.83,2.1,1.2,Rising,Golden Cross,80,15.35,24.97,75.32,58.27,81.1,19.0,4.27,"Gland Pharma Limited engages in manufacturing and sale of injectable formulations in India, the United States, Europe, Canada, Australia, New Zealand, and internationally. It engages in research and development of active pharmaceutical ingredient products, including synthesis of complex drug molecules, such as low molecular weight heparins, corticosteroids, peptides, and cytotoxic molecules. The company also offers its products for various therapeutic categories, such as anti- diabetic, anti-malarial, anti-infectives, anti-neoplastic, and neurological and central nervous system; blood related, ophthalmics and otologicals, cardiac, gastro-intestinal, and hormonal products; pain, neuromuscular blocking agents, and analgesics; respiratory and pulmonology; and vitamins, minerals, and nutrients. In addition, it provides contract development, dossier preparation, and technology transfer services. The company was incorporated in 1978 and is based in Hyderabad, India. Gland Pharma Limited operates as a subsidiary of Fosun Pharma Industrial Pte. Ltd.",none,,2856.0715,3350.0,1940.0,14.0
PREMIERENE.NS,Premier Energies Limited,Technology,Solar,45144.65,Large,1000.0,-1.27,1029.99,987.49,43.38,Bearish,Bearish,-3.5,-7.42,41.71,-3.44,-19.7,0.7837,0.2818,33.44,3.06,1134.0,660.0,-11.82,51.52,-37.9,-3.44,,,Bull,Correcting,38,6.0,-1.03,1.25,0.93,Stable,Golden Cross,86,-0.03,-9.59,47.86,0.41,93.4,82.2,1.14,"Premier Energies Limited, together with its subsidiaries, manufactures, sells, and trades in solar cells and modules in India and internationally. The company offers P-type mono PERC and
N-type TOPCon photovoltaic cells, including M10R 10BB mono PERC solar cells, G12R 16BB n-type bifacial solar cells, and G12R 0BB n-type bifacial solar cells; and a range of p-type mono
PERC and n-type TOPCon bifacial solar modules across various glass back sheet configurations using M10, M10R, and G12R cells. It also provides engineering, procurement, and construction services across ground mounted, rooftop, floating, canal-top, and hybrid projects; operations and maintenance solutions; battery energy storage systems (BESS) for cell-pack and pack-container solutions; aluminium frames; and inverter duty, power, distribution, LV dry-type, compact substation, and BESS transformers. In addition, the company trades in silicon wafers and other accessories. Further, it undertakes construction/project-related activities. The company serves solar project developers; engineering, procurement, and construction (EPC) firms; government agencies; and residential and large corporate clients involved in utility-scale, commercial, industrial, and rooftop solar projects. It exports its products. The company has collaborations with RENA Technologies GmbH for advanced wet-chemical processes for n-type, TOPCon, and silicon-perovskite tandem technologies; and BITS Pilani. Premier Energies Limited was incorporated in 1995 and is headquartered in Hyderabad, India.",buy,2.11111,1143.6666,1340.0,814.0,18.0
SUPREMEIND.NS,The Supreme Industries Limited,Industrials,Building Products & Equipment,44867.5,Large,3530.6,-2.06,3511.02,3617.23,49.39,Bearish,Bullish,0.85,-1.29,-8.79,-22.05,-0.71,0.7844,0.182,26.18,2.53,4642.7,3140.0,-23.95,12.44,-31.13,-22.05,-4.44,12.0,Strong Bear,Damaged,260,4.0,1.28,-0.34,0.74,Falling,Death Cross,219,4.32,-3.46,-2.64,-18.21,81.7,107.4,0.76,"The Supreme Industries Limited manufactures and sells plastic products in India. The company offers plastic piping systems, including uPVC pipes, injection-molded PVC and handmade fittings; polypropylene random co-polymer pipe systems; HDPE and CPVC pipe systems; inspection chambers; manholes; bath fittings and sanitaryware; roto-molded tanks and fittings; solvents; industrial piping systems; DWC pipe system; PERT pipe system; O-PVC pipe system; and fire sprinkler systems. It also provides industrial products, such as industrial components, material handling system and pallets, roto moulded crates, pallets, and garbage bins and composite LPG cylinders. In addition, the company provides packaging products comprising flexible packaging film products, protective packaging products, and cross-laminated film and products; and furniture. Further, the company offers fabricated and customised windows from uPVC profile. It also exports its products. The Supreme Industries Limited was incorporated in 1942 and is based in Mumbai, India.",none,,3948.0344,4661.0,3150.0,29.0
CPPLUS.NS,Aditya Infotech Limited,Industrials,Building Products & Equipment,44024.32,Large,3721.4,-0.15,3465.74,2621.36,58.48,Bullish,Bearish,6.35,6.32,120.86,198.28,57.43,0.634,0.7018,43.4,4.24,4094.0,1227.0,-9.1,203.29,-20.37,198.28,,,Strong Bull,Recovering,15,8.0,4.24,2.78,1.14,Stable,Golden Cross,270,9.82,4.14,127.02,202.12,179.7,25.1,7.16,"Aditya Infotech Limited manufactures, assembles and trades security and surveillance equipment in India and internationally. The company offers analog cameras, digital video recorders, internet protocol network cameras, network video recorders, access control products, mobile surveillance solutions, body-worn cameras, smart Wi-Fi cameras, digital door locks, video door phones and other surveillance-aligned products temperature screening solutions, interactive displays, routers, cables, power supplies, and thermal cameras. It also provides temperature screening solutions, explosion-proof cameras, integrated central command and control software, learning-based video analytics solutions, access control, time-attendance solutions, biometric products, wifi doorbells and video door-phones, HMS, AMS, interactive displays, monitors, SD Cards, as well as other accessories and products including cabling, racks, storage solutions and customized solutions; and products for enterprise and consumer segments under the CP PLUS and Dahua brands. In addition, it offers power over ethernet network switches, NVR/DVR racks, switched-mode power supply power supplies, and cables. Further, it provides cloud storage services for surveillance management under CP PLUS Cloud Storage brand name; and software solutions, such as health monitoring systems, attendance management systems, and video management software. It offers its products to government establishments, retail chains, financial institutions, residential, industrial warehouse, public spaces, and infrastructure projects. The company was formerly known as Perfect Lucky Goldstar International Limited and changed its name to Aditya Infotech Limited in August 1997. The company was founded in 1994 and is based in Noida, India.",strong_buy,1.16667,3984.3333,4517.0,3100.0,6.0
PETRONET.NS,Petronet LNG Limited,Energy,Oil & Gas Refining & Marketing,43380.01,Large,289.2,-1.06,283.24,278.93,52.84,Bullish,Bullish,1.47,8.57,4.48,8.21,-1.75,1.2847,0.45,29.0,2.19,326.4,235.35,-11.4,22.88,-26.39,8.21,13.52,10.06,Bull,Correcting,133,7.0,-1.39,0.15,0.85,Stable,Golden Cross,20,4.94,6.39,10.63,12.05,111.3,88.8,1.25,"Petronet LNG Limited engages in the import, storage, regasification, and supply of liquefied natural gas (LNG) in India. It owns and operates an LNG import and regasification terminal with name plate capacity of 17.5 MMTPA located in Dahej, Gujarat; and an LNG terminal with name plate capacity of 5 MMTPA located in Kochi, Kerala. The company serves private entities, key infrastructure entities, petrochemical entities, city gas distribution entities, refineries, fertilizer and power generating entities, and other industrial entities. Petronet LNG Limited was incorporated in 1998 and is based in New Delhi, India.",none,,317.03226,412.0,240.0,31.0
RVNL.NS,Rail Vikas Nigam Limited,Industrials,Engineering & Construction,42951.42,Large,206.0,-1.14,228.32,271.16,27.27,Bearish,Bearish,-10.7,-12.29,-26.74,-34.34,-9.37,1.4833,0.835,33.6,2.48,400.7,203.83,-48.59,1.06,-46.57,-34.34,18.73,50.23,Strong Bear,Damaged,178,2.0,-6.6,-0.8,0.84,Falling,Death Cross,403,-7.23,-14.47,-20.58,-30.5,121.5,165.5,0.73,"Rail Vikas Nigam Limited, together with its subsidiaries, engages in rail infrastructure works in India and internationally. The company undertakes rail project development and implementation, as well as provides financial resources mobilization services. It also executes various railway projects, including new lines, doubling, gauge conversion, railway electrification, workshops, bridge work, mega and monumental bridges, metro and metropolitan transport projects, new lines, hilly railway projects, construction of cable stayed bridges, institutional buildings, track renewal, training institutes, railway and other safety works, traffic facilities, and road over bridges, etc. In addition, the company engages in civil engineering; equipment and engine; installation of solar energy systems, and electricity transmission and control apparatus; installation and maintenance of underwater telecommunications and power cables; contracting of electrical fittings, ports and marine construction, bridges and dams, and tunnels; construction and reconstruction; tourism sector engagement; business planning and implementation; consulting; construction of rail links, subways, irrigation systems, canals, water main storage towers, transmission lines, and feeder bays; installation, maintenance, and repair of solar energy collectors; multimodal logistics park; and operation and maintenance of railway facilities. It serves Indian Railways, various central and state government ministries, departments, and public sector undertakings. Rail Vikas Nigam Limited was incorporated in 2003 and is based in New Delhi, India.",sell,5.0,165.0,165.0,165.0,1.0
THERMAX.NS,Thermax Limited,Industrials,Conglomerates,42271.41,Large,3752.5,-4.11,4211.14,3957.3,28.32,Bearish,Bearish,-6.54,-22.03,24.95,17.47,-66.15,0.5271,0.321,35.06,3.3,5277.8,2742.7,-28.9,36.82,-26.97,17.47,14.22,22.17,Bear,Damaged,45,7.0,0.8,0.71,0.64,Falling,Golden Cross,99,-3.07,-24.2,31.1,21.31,57.2,28.5,2.01,"Thermax Limited provides energy, environmental, and chemical solutions in India and internationally. It operates in Industrial Products, Industrial Infra, Green Solutions, and Chemical segments. The Industrial Products segment offers manufacturing, installation, sales and services related to boilers and heating equipment, absorption chillers/heat pumps, air pollution control equipment/ systems, water & waste recycling, including associated services and engineering, procurement and construction. The Industrial Infra segment provides engineering, procurement, and construction (EPC) of power plants, infra projects, and flue gas desulphurisation projects, along with associated services and manufacturing, installation, sales and services related to boiler and heater plants. The Green solutions segment builds, owns and operates BOO models, energy management solutions, oil and gas-fired, green hydrogen projects and renewable energy (Solar/Wind). The Chemical segment offers manufacturing, installation, sales and services related to ion exchange resins, performance chemicals, construction chemicals, water treatment chemicals, oil field chemicals, paper and construction chemicals, and related services. It also operates cogeneration, waste heat recovery power, captive power, and independent power plants, as well as offers operation and maintenance services. In addition, the company offers steam boilers; waste heat recovery units; fired heaters and process furnaces; thermic fluid, hot air, and hot water heaters; and waste heat recovery. It serves automobiles, cement, chemicals and fertilizers, commercial/construction, dairy, distillery, paper and pulp, pharmaceuticals, plywood, power generation, food, refineries and petrochemicals, soft beverages, metals, sugar, textiles, and tyre industries. Thermax Limited was incorporated in 1966 and is headquartered in Pune, India. Thermax Limited is a subsidiary of RDA Holdings Private Limited.",hold,2.71429,4392.0,5325.0,3300.0,21.0
PAGEIND.NS,Page Industries Limited,Consumer Cyclical,Apparel Manufacturing,40377.02,Large,36200.0,1.47,37784.26,37895.94,41.72,Bullish,Bearish,-8.43,-5.07,17.22,-16.66,8.96,0.6837,0.052,23.64,2.33,45890.0,29805.0,-21.12,21.46,-32.96,-16.66,-1.71,4.17,Bear,Damaged,250,5.0,-6.74,0.73,1.01,Stable,Death Cross,0,-4.96,-7.25,23.37,-12.82,63.8,88.5,0.72,"Page Industries Limited manufactures, markets, and distributes textile garments and clothing accessories for men, women, and kids in India and internationally. It offers vests, briefs, boxer briefs, trunks, inner boxers, tank tops, t-shirts, polos, oversized T-shirts, knit shirts, henleys, sweatshirts, jackets, hoodies, windcheater, boxer shorts, shorts, bermudas, joggers, track pants, pyjamas, pants, bras, panties, crop tops, camisoles, kurta slips, shrugs, sleep dresses, skirts, shorts, capris, culottes, leggings, shapewears, sets, caps, handkerchief, and masks; face, hand, bath, and gym towels; calf, ankle, knee, low show, and no show socks; and thermals under the Jockey brand. The company also has license with swim wear Speedo brand. Page Industries Limited was incorporated in 1994 and is headquartered in Bengaluru, India.",buy,2.38462,41649.73,47700.0,31500.0,26.0
POONAWALLA.NS,Poonawalla Fincorp Limited,Financial Services,Credit Services,40259.22,Large,459.65,-0.28,467.04,444.42,40.28,Bearish,Bullish,-2.13,17.9,7.94,7.22,-10.33,1.4331,0.318,37.08,2.92,570.4,361.2,-19.42,27.26,-32.09,7.22,2.03,21.97,Bull,Correcting,230,6.0,-8.1,0.21,0.85,Stable,Golden Cross,35,1.34,15.73,14.09,11.06,162.9,148.8,1.09,"Poonawalla Fincorp Limited, a non-banking finance company, provides consumer and MSME financing services in India. The company offers prime personal, gold, education, consumer durable, commercial vehicle, shopkeeper, instant consumer, pre-owned car, business, mid-market, machinery and medical equipment, and professional loans, and loan against property, as well as NBFC lending. It also provides supply chain financing and credit leasing services. In addition, the company offers insurance services. It serves individuals, salaried and self-employed professionals, students, proprietorship, MSMEs, OPCs, partnership firms, LLPs, private and public companies, private and public trusts, and society. The company was formerly known as Magma Fincorp Limited and changed its name to Poonawalla Fincorp Limited in July 2021. The company was incorporated in 1978 and is based in Mumbai, India. Poonawalla Fincorp Limited operates as a subsidiary of Rising Sun Holdings Pvt Ltd.",none,,531.7778,663.0,365.0,9.0
NH.NS,Narayana Hrudayalaya Limited,Healthcare,Medical Care Facilities,39050.01,Large,1922.7,-0.83,1906.64,1854.13,54.25,Bullish,Bullish,0.17,-2.14,10.49,7.94,14.22,0.796,0.849,29.9,2.07,2093.3,1589.0,-8.15,21.0,-21.43,7.94,25.09,31.18,Strong Bull,Recovering,24,8.0,0.88,0.35,0.8,Falling,Golden Cross,81,3.64,-4.32,16.64,11.78,95.5,79.9,1.2,"Narayana Hrudayalaya Limited provides medical and healthcare services in India, the United Kingdom, and the Cayman Islands. It operates through the Medical and Healthcare Related Services; and Others segments. The company offers oncology, anesthesiology, audiology, blood bank, breast oncology, oncoplastic surgery, cardiac surgery, cardiology, clinical genetics, clinical immunology, clinical nutrition and dietetics, clinical psychology, congenital adult heart disease, cosmetology, cranio-maxillofacial surgery, critical care medicine, dental, dermatology, diabetology, ENT, emergency medicine, endocrinology, family medicine, general and GI surgery, general medicine and surgery, geriatric medicine, gynecology, hematology, headache and facial pain management, transplant, infectious diseases, neurology, radiology, hepatobiliary surgery, gastroenterology, minimal access GI and bariatric surgery, neonatology, nephrology, neuro-otology, neuro-rehabilitation, neurosurgery and spine surgery, and nuclear medicine services. It also provides ophthalmology, orthopedics and joint replacement, pain management and palliative care, pathology, perinatology and fetal intervention, physical medicine and rehabilitation, physiotherapy and physical rehabilitation, plastic surgery, psychiatry, pulmonology, reproductive medicine, rheumatology, renal science, speech and swallow rehabilitation, spine surgery, thoracic and vascular surgery, uro oncology, urology, and other services. In addition, the company acquires, owns, and operates hospitals, clinics, health centers, diagnostic centers, and nursing homes. Further, it provides health insurance, consultancy services in the field of healthcare and hospitals, and IT services related to healthcare. Additionally, the company engages in investment activities; and develops software related to the healthcare industry. The company was incorporated in 2000 and is headquartered in Bengaluru, India.",strong_buy,1.5,2213.0715,2559.0,1817.0,14.0
CONCOR.NS,Container Corporation of India Limited,Industrials,Railroads,38842.52,Large,510.0,-0.78,502.85,505.36,50.08,Bearish,Bearish,-0.97,13.44,10.68,-4.07,-44.07,1.155,0.228,26.5,2.55,569.8,421.45,-10.49,21.01,-24.0,-4.07,-7.11,-4.84,Bull,Correcting,250,5.0,-5.45,0.4,1.0,Stable,Death Cross,489,2.5,11.27,16.83,-0.23,96.5,94.2,1.02,"Container Corporation of India Limited engages in handling, transportation, and warehousing activities in India. The company provides inland transport by rail for containers; manages ports and air cargo complexes; develops multimodal logistics support for containerization and trade; and operates logistics facilities, including dry ports, container freight stations, and private freight terminals. It also engages in the cold-chain business for fruits and vegetables; and handling of air cargos and containers. In addition, the company provides LCL hub, air cargo movement, bonded warehousing, factory stuffing/destuffing services; and road transportation services for door-to-door services. Container Corporation of India Limited was incorporated in 1988 and is based in New Delhi, India.",buy,2.13333,563.26666,667.0,470.0,15.0
ENDURANCE.NS,Endurance Technologies Limited,Consumer Cyclical,Auto Parts,38765.27,Large,2755.9,-3.02,2820.6,2635.68,36.75,Bearish,Bearish,-2.92,8.29,10.47,-5.87,0.09,1.008,0.723,30.74,2.81,3079.9,2142.8,-10.52,28.61,-27.62,-5.87,19.1,10.02,Bull,Correcting,8,6.0,-5.68,0.34,0.96,Stable,Golden Cross,68,0.55,6.12,16.62,-2.03,90.6,82.9,1.09,"Endurance Technologies Limited manufactures and sells automotive components for original equipment manufacturers (OEM) in India and internationally. The company offers aluminium die casting products, such as high-pressure, low-pressure, and gravity die castings, as well as swing arms, EV mission cases, integrated face and modular electric drive HV covers, PPE EVO and MHEV transmission housings, and crank cases; transmission products consisting of solid axle and CV joint driveshafts, assist and slip clutches, clutches, crankshaft-mounted and cargo vehicle clutches, clutch assemblies, and continuously variable transmission assemblies; and suspension products, including front fork and inverted front fork assemblies, solar dampers, cargo rear and front assemblies, spring-in-spring and mono shock absorbers, gas-filled and mono shock absorbers, and mono gas-filled shock absorbers. It also provides braking systems, such as drum brakes, single and dual channel ABS modulators, two-wheeler disc brakes, disc and hydraulic drum brake assemblies, anti-lock and combined braking systems, tandem master cylinders, and rocker arms; aftermarket products, including camshafts, brake shoes, horns, brake discs, steering bearing kits, clutch assemblies, lock sets, performance clutch discs, CVT parts, clutch spares, silencers, lubricants, control cables, scooter brake discs, wheel rims, front disc brake assemblies, and brake drums; alloy wheels and battery management systems; and other products for two-wheelers, three-wheelers, and four-wheelers. In addition, the company offers high-pressure die-casting and machining components, including engines, gearboxes, and transmission parts; assembled metallic components; and spare parts. It sells its products to OEM customers through dealers and distributors. The company exports its products to Europe, Latin America, the Middle East, Asia, and Africa. Endurance Technologies Limited was founded in 1985 and is based in Aurangabad, India.",buy,1.8125,3157.25,3740.0,2700.0,16.0
GODREJIND.NS,Godrej Industries Limited,Industrials,Conglomerates,38360.6,Large,1138.8,-1.22,1214.38,1121.92,35.11,Bearish,Bearish,-12.99,9.23,21.37,-6.97,-45.43,1.2215,0.635,41.53,3.96,1443.0,744.2,-21.08,53.02,-39.77,-6.97,31.96,14.57,Bull,Damaged,38,6.0,-16.07,0.51,0.63,Falling,Golden Cross,70,-9.52,7.05,27.53,-3.13,102.4,102.9,1.0,"Godrej Industries Limited, together with its subsidiaries, engages in the chemical, agriculture, real estate, vegetable oil, hospitality, and financial and investment businesses in India and internationally. The company produces and sells fatty acids, fatty alcohols, esters and emulsifying waxes, refined glycerin, alpha olefin sulphonates, sodium lauryl sulphate, and sodium lauryl ether sulphate. It also offers compound feeds for cattle, poultry, shrimp, and fish. In addition, the company provides refined vegetable and vanaspati oil; and engages in oil trading and oil palm plantation business. Further, it is involved in real estate sales, development, and leave, licensing and leasing activities; financial services business; and crop protection business. Additionally, the company provides milk and milk products; and hotel room, food and beverage sale, and banquet services. Furthermore, it is involved in poultry and cattle breeding; energy generation through windmills; and seeds related business. Godrej Industries Limited offers skin care, hair care, home care, pet care, and personal care products. The company provides mortgage-based lending solutions, business loans, plot loans, loans against property, and home loans. Godrej Industries Limited was formerly known as Godrej Soaps Limited and changed its name to Godrej Industries Limited in April 2001. Godrej Industries Limited was founded in 1897 and is based in Mumbai, India.",none,,,,,
NLCINDIA.NS,NLC India Limited,Utilities,Utilities - Regulated Electric,38201.84,Large,275.5,0.44,289.65,285.02,43.9,Bullish,Bearish,-8.38,-18.15,10.53,21.68,-12.96,0.7565,0.511,36.68,2.62,387.8,225.72,-28.96,22.05,-27.91,21.68,30.68,40.22,Bear,Damaged,79,7.0,-2.33,0.29,1.08,Stable,Golden Cross,255,-4.91,-20.33,16.69,25.52,97.9,60.3,1.62,"NLC India Limited engages in the mining and power generation business in India. The company mines for lignite and coal; and generates power through lignite and coal, as well as through thermal, solar, and wind power plants. It also operates open cast lignite mines with a mining capacity of 28.0 million tonnes per annum (MTPA) in Tamil Nadu and 30.10 MTPA in Rajasthan; and has total coal mining capacity of 20.00 MTPA. In addition, it provides consultancy services to the mining sector and firms in the solar power generation sector. Further, the company has a total installed thermal power generation capacity of 5,300 MW; and renewable energy generation capacity of 1,483.89 MW. It serves state distribution firms, commercial enterprises, and industrial consumers. The company was formerly known as Neyveli Lignite Corporation Limited and changed its name to NLC India Limited in April 2016. The company was incorporated in 1956 and is based in Cuddalore, India.",none,,390.0,390.0,390.0,1.0
VOLTAS.NS,Voltas Limited,Consumer Cyclical,"Furnishings, Fixtures & Appliances",38121.23,Large,1152.1,-4.39,1273.42,1331.38,27.76,Bearish,Bearish,-13.23,-10.98,-19.68,-18.14,56.96,1.1781,0.138,30.59,2.77,1582.5,1151.0,-27.2,0.1,-25.98,-18.14,12.22,2.74,Strong Bear,Damaged,133,5.0,-9.57,-0.64,1.07,Stable,Death Cross,80,-9.76,-13.16,-13.53,-14.3,111.8,121.5,0.92,"Voltas Limited operates as air conditioning and engineering solutions in India, the Middle East, Africa, and internationally. The company operates through three segments: Unitary Cooling Products; Electro - Mechanical Projects and Services; and Engineering Products and Services. The company manufactures, sells, and services cooling appliances and cold storage products, such as room air conditioners, water dispensers and coolers, visi coolers, chest and convertible freezers, cold rooms, medical refrigeration, air coolers and purifiers, water heaters, ducted AC, variable refrigerant flow, cassette and tower AC, and chillers, as well as refrigerators, washing machines, microwave ovens, dishwashers, dry iron, and mixer grinders. It also offers a comprehensive range of electromechanical services, including HVAC (heating, ventilation, and air conditioning), electrical systems, plumbing, firefighting, extra low voltage, and specialized services. In addition, it provides facilities maintenance services, such as operations and maintenance contracts in various sectors, AMCs, spares, and retrofit jobs, etc. Further, it engages in the provision of water treatment solutions for the industrial and domestic sewage segments, as well as last-mile connectivity of water tabs under various government schemes; sale and service of capital machinery for textile industry; sale of spares and accessories for textile equipment; and sale of mining and construction equipment. Additionally, the company offers operations and maintenance services for the mining and construction industry; it undertakes rural electrification, power augmentation, substations, industrial electrification, and solar projects related to engineering, procurement, and construction. Furthermore, it engages in manufacturing ducts and duct accessories; drilling, irrigation, and landscaping activities; and construction of water treatment plants. Voltas Limited was incorporated in 1954 and is headquartered in Mumbai, India.",hold,2.64706,1363.4,1580.0,1075.0,35.0
CUPID.NS,Cupid Limited,Consumer Defensive,Household & Personal Products,37744.63,Large,280.7,2.05,240.91,152.01,60.32,Bearish,Bullish,17.95,104.74,270.17,713.1,-33.56,0.8669,0.288,57.59,4.5,299.0,32.87,-6.12,754.02,-28.25,713.1,345.4,160.99,Strong Bull,Recovering,14,11.0,-16.96,4.69,1.03,Stable,Golden Cross,335,21.42,102.57,276.32,716.95,214.4,-89.7,-2.39,"Cupid Limited manufactures and supplies male and female condoms in India and internationally. The company offers water based lubricant jellies; in vitro diagnostic kits, including viral transport medium, pregnancy detection testing kit, ovulation testing kit, typhoid antibody, dengue, hepatitis b antigen, malaria antigen, syphilis antibody, hepatitis C, HIV/Syphilis Combo, rapid diagnostic, HIV 1 and 2 kit antibody testing kits, as well as COVID-19 antigen tests; and FMCG, personal care, and wellness products including deodorants, perfumes, face wash, hair-removal sprays, hair and body oils, almond hair oil, petroleum moisturizing jelly, toilet sanitizers, menstrual products, and hair removal sprays. The company was formerly known as Cupid Condom Limited and changed its name to Cupid Limited in January 2006. Cupid Limited was incorporated in 1993 and is based in Nashik, India.",none,,,,,
PATANJALI.NS,Patanjali Foods Limited,Consumer Defensive,Packaged Foods,37531.85,Large,345.0,-0.23,367.44,445.19,36.3,Bullish,Bearish,-3.51,-17.41,-30.76,-41.47,-66.42,0.7674,-0.175,25.24,2.19,615.0,328.2,-43.9,5.12,-44.48,-41.47,-5.87,-0.49,Strong Bear,Damaged,219,3.0,2.29,-1.22,0.24,Falling,Death Cross,200,-0.04,-19.58,-24.6,-37.62,18.5,83.5,0.22,"Patanjali Foods Limited engages in the processing of oil seeds and refining crude oil for edible use in India and internationally. The company operates through Edible Oils, Food & FMCG, Home & Personal Care, and Wind Power Generation segments. The company offers crude and refined oil; vanaspati, bakery fats, seed extractions, and other related products; mustard, soyabean, sunflower, rice bran, sesame, groundnut, and roasted/virgin coconut oil; palm, castor, and soya derivatives, as well as refined glycerine; and soya value-added products, such as soya flakes, lecithin, textured vegetable protein, grits, flour, TSP, and meal. It also provides crude palm oil; palm kernel oil; palm kernel cake for animal feed and renewable by-products, including shells and fibres; food products comprising dry fruits, ghee, honey, flour, kesar, sugar, salt, juices, fruit beverages/drinks, sharbat, roasted diet, herbal products, rice, pulses, spices, and namkeen products; nutraceuticals, biscuits and confectionery, breakfast cereals, candy, jam, murabba, ketchup, chawanprash, badam and musli pak, noodles, pickles, sauces, sweets, tea products; home, skin, dental, and hair care products; soya chunks and granules, nutrela maxxs millet and nuts. In addition, the company generates electricity from windmills; sports nutrition, nutritional drinks, health supplements, healthy aging, plant-based, and weight gainer products, and trading of various products. It sells its products under the Patanjali, Tulsi, Ruchi No. 1, Dant Kanti, Kesh Kanti, Neem Kanti, Neem Tulsi, Saundarya, Nutrela, Mahakosh, Doodh, Sunrich, Patanjali, Soyumm, Ruchi star, and Ruchi Gold brands. Additionally, it engages in the oil palm plantation activities. The company was formerly known as Ruchi Soya Industries Limited and changed its name to Patanjali Foods Limited in June 2022. Patanjali Foods Limited was incorporated in 1986 and is based in Indore, India.",strong_buy,1.25,532.5,580.0,490.0,4.0
STLTECH.NS,Sterlite Technologies Limited,Technology,Communication Equipment,36711.25,Large,714.35,2.98,606.02,400.22,65.58,Bullish,Bullish,18.18,15.36,327.93,569.81,-31.55,1.4674,1.536,61.06,4.86,757.7,84.6,-5.72,744.39,-30.47,569.81,67.98,18.39,Strong Bull,Recovering,1,8.0,13.06,5.37,0.85,Stable,Golden Cross,145,21.65,13.18,334.09,573.65,270.6,11.9,22.74,"Sterlite Technologies Limited, together with its subsidiaries, manufactures and sells telecom products in India and internationally. It operates through Optical Networking Business and Digital and Technology Solutions segments. The company designs and manufactures optical fibres, optical fibre cables and specialty cables, optical connectivity, and optical inter connect products. It also provides STL neuralis data center solutions; sensron, a fibre optic sensing solution; FTTH and enterprise solutions; STL store; and operates Neox communication platform, as well as enabling digital transformation of telcos and enterprises. Sterlite Technologies Limited was founded in 1988 and is based in Pune, India.",strong_buy,1.5,860.0,950.0,770.0,2.0
PIIND.NS,PI Industries Limited,Basic Materials,Agricultural Inputs,36303.28,Large,2393.0,-0.17,2609.05,2939.26,31.8,Bearish,Bearish,-13.78,-11.64,-21.61,-36.15,60.88,0.9707,0.388,27.56,2.35,3832.9,2353.5,-37.57,1.68,-37.64,-36.15,-13.55,-6.04,Strong Bear,Damaged,211,4.0,-9.9,-0.78,1.24,Rising,Death Cross,245,-10.31,-13.81,-15.45,-32.31,69.7,123.8,0.56,"PI Industries Limited, together with its subsidiaries, manufactures and distributes of agricultural chemicals in India, rest of Asia, North America, Europe, and internationally. It operates through Agro Chemicals and Pharma segments. The company offers agrochemicals, including insecticides, fungicides, herbicides, and biologicals; crop solutions for soybeans, chili, sugarcane, rice, wheat, cotton, and corn, as well as horticulture products; and plant nutrients and specialty chemicals. It also provides custom synthesis and manufacturing services to other companies; and pharmaceuticals, medicinal chemical, and botanical products. The company sells its products to farmers, distributors, retailers, and sellers. It also exports its products. PI Industries Limited was incorporated in 1946 and is based in Gurugram, India.",hold,2.84615,2915.0386,5300.0,2010.0,26.0
EXIDEIND.NS,Exide Industries Limited,Consumer Cyclical,Auto Parts,36180.25,Large,425.65,-2.43,437.28,392.02,36.02,Bearish,Bearish,-7.13,7.04,36.23,3.75,-50.29,1.1512,0.552,29.42,3.06,496.4,287.0,-14.25,48.31,-32.63,3.75,17.69,20.53,Bull,Correcting,15,5.0,-9.48,1.23,0.77,Falling,Golden Cross,60,-3.66,4.87,42.38,7.59,121.2,101.6,1.19,"Exide Industries Limited designs, manufactures, markets, and sells lead acid batteries and accumulators in India and internationally. It offers automotive, infrastructural, genset, solar, inverter, institutional uninterrupted power supply (UPS), and submarine batteries, as well as home UPS systems, integrated power back-up systems, and e-rickshaw vehicles. The company also manufactures and supplies recycled lead and lead alloys; offers lithium-ion batteries; produces and distributes industrial battery chargers and rectifiers; and provides energy storage solutions, as well as engages in the non-conventional energy business. It sells batteries under the Exide, Index, Dynex, SF Sonic, Chloride, Dagenite, Jupiter, Black panther, and CEIL brand names through a distribution network of dealers. The company was formerly known as Chloride Industries Ltd. and changed its name to Exide Industries Limited in August 1995. Exide Industries Limited was founded in 1916 and is headquartered in Kolkata, India.",none,,438.1875,524.0,325.0,16.0
EMCURE.NS,Emcure Pharmaceuticals Limited,Healthcare,Drug Manufacturers - Specialty & Generic,35253.71,Large,1858.4,0.68,1863.62,1673.35,44.39,Bearish,Bullish,-6.05,5.78,26.69,34.51,-4.91,0.5115,-0.056,32.0,2.64,2048.0,1260.0,-9.26,47.49,-9.86,34.51,,,Strong Bull,Recovering,15,9.0,-7.98,0.83,0.88,Stable,Golden Cross,310,-2.58,3.61,32.84,38.35,80.4,41.8,1.92,"Emcure Pharmaceuticals Limited provide quality and affordable healthcare solutions worldwide. It offers products in various therapeutic areas, such gynecology, anti-infectives, pain/analgesics, Vitamins, Minerals & Nutrients, blood-related, oncology, respiratory, HIV antivirals, gastro, anti-diabetic, neuro, and cardiovascular. It provides its products under Orofer XT, Tenectase, Pause, Metpure XL, Vylda, Vitanova, and Proxym brand names. Emcure Pharmaceuticals Limited has a strategic partnership with Novo Nordisk India Pvt Ltd. for the development and commercialization of Poviztra, a semaglutide injection for weight loss. Emcure Pharmaceuticals Limited was incorporated in 1981 and is based in Pune, India.",none,,2214.2856,2362.0,1900.0,7.0
EMBASSY.NS,Embassy Office Parks REIT,N/A,N/A,35064.49,Large,438.73,0.06,435.79,419.63,51.44,Bearish,Bullish,0.46,3.87,6.1,20.0,485.41,0.2582,0.1106,17.52,1.23,462.0,385.2,-5.04,13.9,-9.9,20.0,19.37,10.9,Strong Bull,Recovering,12,8.0,-0.83,0.35,1.2,Rising,Golden Cross,735,1.8,1.43,11.48,24.1,38.4,12.7,3.02,,,,,,,
CRISIL.NS,CRISIL Limited,Financial Services,Financial Data & Stock Exchanges,34383.54,Large,4701.7,-2.65,4415.14,4366.5,61.24,Bullish,Bullish,7.91,21.49,10.26,-5.91,-33.36,0.6701,0.166,26.86,2.45,5115.0,3686.0,-8.08,27.56,-26.36,-5.91,8.57,10.76,Strong Bull,Correcting,250,6.0,0.75,0.38,0.93,Stable,Golden Cross,4,11.38,19.32,16.41,-2.07,78.9,81.6,0.97,"CRISIL Limited, an analytical company, provides ratings, research, and risk and policy consulting services in India, Europe, North America, and internationally. It operates through two segment, Rating Services; and Research, Analytics and Solutions. The company offers credit ratings for corporates, banks, and bank loans; credit analysis services; grading services; and analytical services. It also provides research and risk solutions, industry reports, customized research assignments, subscription to data services, training, and advisory services; and a range of risk management tools, analytics, and solutions for financial institutions, banks, and corporates. The company was formerly known as The Credit Rating Information Services of India Limited and changed its name to CRISIL Limited in December 2003. CRISIL Limited was incorporated in 1987 and is headquartered in Mumbai, India.",strong_buy,1.5,5092.0,5184.0,5000.0,2.0
DELHIVERY.NS,Delhivery Limited,Industrials,Integrated Freight & Logistics,34067.01,Large,454.8,-1.3,466.09,449.41,44.9,Bullish,Bearish,-5.64,2.14,9.14,-4.0,-35.08,0.9938,0.174,30.53,2.5,524.0,374.45,-13.21,21.46,-21.93,-4.0,3.08,,Bull,Correcting,38,6.0,-6.35,0.3,0.74,Falling,Golden Cross,310,-2.17,-0.03,15.3,-0.16,108.2,103.5,1.05,"Delhivery Limited provides supply chain solutions in India. It offers express parcel services; part truckload services; supply chain services that provide integrated warehousing and transportation services; point-to-point and multi-point full-truckload services; and cross-border services comprising door-to-door and port-to-port parcel and freight shipping services. The company also provides Delhivery Rapid, a network of shared in-city forward fulfillment centers, as well as Delhivery Direct, an on-demand intra-city pickup and delivery service. In addition, it offers SaaS and data solutions, such as the OS1 platform that provides APIs and SDKs; TransportOne, a transport management system solution; and LocateOne and RTOne data solutions for e-commerce companies. The company provides its services to e-commerce marketplaces, direct-to-consumer e-tailers, enterprises, FMCG, consumer durables, consumer electronics, lifestyle, retail, automotive, and manufacturing industries. Delhivery Limited was incorporated in 2011 and is based in Gurugram, India.",strong_buy,1.5,550.65,610.0,450.0,20.0
PTCIL.NS,PTC Industries Limited,Industrials,Metal Fabrication,34055.58,Large,22715.0,-0.18,19282.51,17583.35,72.57,Bullish,Bullish,25.5,22.63,26.43,62.12,316.25,0.5875,0.287,35.86,3.52,22980.0,13400.0,-1.15,69.51,-23.21,62.12,65.58,,Strong Bull,At High,0,9.0,17.96,0.74,1.38,Rising,Golden Cross,841,28.97,20.46,32.59,65.97,90.2,17.4,5.18,"PTC Industries Limited manufactures and sells high-precision metal castings in India and internationally. The company offers various materials, including alloy steel, stainless steel, duplex and super duplex, nickel-based alloys, cobalt-based alloys, and nickel aluminum bronze, as well as creep and heat-resistant steels. Its proprietary and licensed processes include RepliCast, RapidCast, and ForgeCAST. It also operates a windmill located in the Kutch district, Gujarat. In addition, the company exports its products to original equipment manufacturers. It serves aerospace, defense, space, marine, energy, and industrial sectors. The company was formerly known as Precision Tools & Castings Private Limited. PTC Industries Limited was incorporated in 1963 and is based in Lucknow, India.",strong_buy,1.0,23895.0,25770.0,21500.0,3.0
NUVAMA.NS,Nuvama Wealth Management Limited,Financial Services,Asset Management,33914.58,Large,1841.0,3.14,1744.56,1549.87,60.34,Bullish,Bullish,8.66,16.93,55.34,45.45,-27.28,1.229,0.389,35.44,3.45,2066.0,1096.9,-10.89,67.84,-27.08,45.45,,,Bull,Correcting,28,6.0,3.02,1.56,0.78,Falling,Golden Cross,81,12.14,14.76,61.49,49.3,121.1,67.0,1.81,"Nuvama Wealth Management Limited engages in wealth management, asset management, and capital markets businesses in India and internationally. The company offers wealth management business, which includes the distribution of financial products, investment advisory, lending against securities and securities broking for clients in the wealth management business; and the asset management business comprises investment management for alternative investment funds (AIFs) and portfolio management services (PMS) across strategies. It also provides capital market business, such as institutional broking business, merchant banking business, advisory and clearing services. The company was formerly known as Edelweiss Securities Limited and changed its name to Nuvama Wealth Management Limited in August 2022. Nuvama Wealth Management Limited was incorporated in 1993 and is based in Mumbai, India. Nuvama Wealth Management Limited operates as a subsidiary of PAGAC Ecstasy Pte. Ltd.",buy,1.66667,2031.6666,2165.0,1800.0,9.0
UBL.NS,United Breweries Limited,Consumer Defensive,Beverages - Brewers,33912.6,Large,1282.6,-2.01,1362.13,1483.07,26.42,Bearish,Bearish,-9.93,-2.44,-20.74,-28.07,-46.92,0.4654,-0.03,21.47,2.25,1874.0,1276.0,-31.56,0.52,-30.12,-28.07,-5.36,-1.95,Strong Bear,Damaged,260,3.0,-9.12,-0.97,0.72,Falling,Death Cross,283,-6.46,-4.61,-14.59,-24.23,15.7,58.7,0.27,"United Breweries Limited engages in manufacture, purchase, and sale of beer and non-alcoholic beverages in India and internationally. The company offers beer products under the Heineken Original, Heineken Silver, Kingfisher Premium, Kingfisher Strong, Kingfisher Ultra, Kingfisher Ultra Max, Kingfisher Ultra Witbier, Amstel Bier, Amstel Grande, Bullet, Bullet Super Strong, Cannon 10000, Zingaro, Kingfisher Storm, Kingfisher Blue, Kingfisher Flavour Mango and lemon, Kalyani Black Label, UB Export Lager, UB Export Strong, London Pilsner Premium, London Pilsner Premium Strong, and Queenfisher brands; and non-alcoholic products under the Kingfisher Premium Packaged Drinking Water, Kingfisher Strong Power Soda, Kingfisher Ultra-Premium Soda, and Heineken 0.0. It also licenses its brands; and offers contract manufacturing services. In addition, the company is involved in scrap sales. The company was founded in 1915 and is based in Bengaluru, India. United Breweries Limited operates as a subsidiary of Heineken N.V.",none,,1482.1111,2100.0,1150.0,18.0
SAILIFE.NS,Sai Life Sciences Limited,Healthcare,Diagnostics & Research,33706.96,Large,1587.0,4.54,1361.72,1131.27,73.12,Bullish,Bullish,16.14,33.77,58.02,87.79,101.91,0.8179,0.4103,33.24,3.08,1595.0,783.85,-0.5,102.46,-18.55,87.79,,,Strong Bull,At High,0,9.0,4.88,1.75,1.25,Rising,Golden Cross,313,19.62,31.59,64.17,91.63,135.0,49.0,2.76,"Sai Life Sciences Limited operates as a contract research, development, and manufacturing organization (CRDMO) in India and internationally. It offers medicinal chemistry, pharmacokinetics, clinical and commercial manufacturing, and process development services. The company was formerly known as SAI Advantium Pharma Limited and changed its name to Sai Life Sciences Limited in July 2006. Sai Life Sciences Limited was incorporated in 1999 and is headquartered in Hyderabad, India.",none,,1552.6666,1610.0,1450.0,6.0
PWL.NS,Physicswallah Limited,Consumer Defensive,Education & Training Services,33496.69,Large,115.47,0.46,122.87,122.73,37.73,Bearish,Bearish,-8.45,12.4,45.14,,12.54,0.6899,1.2761,52.26,4.78,161.99,77.72,-28.72,48.57,-48.75,,,,Bear,Damaged,205,5.0,-12.58,0.86,0.86,Stable,Golden Cross,35,-4.98,10.23,51.29,,65.1,86.3,0.75,"Physicswallah Limited offers test preparation courses and study materials. The company's test preparation courses, including joint entrance exam, national eligibility cum entrance test, and foundation; other-test preparation courses for other competitive entrance examinations for undergraduate and post-graduate studies, public administration jobs, and professional qualifications; and upskilling courses for students and professionals. It offers its courses through online channels, which includes its social media channels, website, and apps; hybrid centers, its two-teacher model where a student attends a live online classes at a physical center and can benefit from another faculty that is present at the center to resolve questions and participate in revision classes; offline centers where its faculty conducts live classes in a physical center. It also offers hospitality services. The company was incorporated in 2020 and is based in Noida, India.",buy,1.66667,141.33333,150.0,132.0,6.0
DALBHARAT.NS,Dalmia Bharat Limited,Basic Materials,Building Materials,33286.19,Large,1773.1,-1.85,1822.29,1890.21,40.4,Bearish,Bullish,-2.95,5.31,-9.25,-25.81,8.23,1.1933,0.184,27.03,3.08,2496.3,1605.0,-28.97,10.47,-34.85,-25.81,-3.38,-3.4,Strong Bear,Damaged,250,4.0,-4.72,-0.34,0.95,Stable,Death Cross,130,0.52,3.14,-3.09,-21.97,86.2,113.2,0.76,"Dalmia Bharat Limited, together with its subsidiaries, manufactures and sells cement and its related products primarily in India. It offers ordinary Portland cement (OPC), Portland pozzolana cement (PPC), Portland composite cement (PCC), and Portland slag cement (PSC) under the Dalmia DSP Cement, Dalmia Cement, Konark Cement, Dalmia Bharat Weather365, InfraPro Cement, and InstaPro Cement brand names. The company also provides Dalmia Magic Premium Skim Coat, a natural colour tone alternative to wall putty; Dalmia Magic FIBROTHICK, a versatile cement based micro-texture; Dalmia Magic Premium Ceilingfast, a fiber polymer modified cement-based plaster; Dalmia Magic INNOBOND, a versatile thin-set block jointing mortar for thin bed applications; Dalmia Magic INNOFIX, a versatile adhesive material for very thin bed applications; and Dalmia Infra Green products. It serves institutional and commercial establishments, individual home builders, and government bodies engaged in infrastructure development. The company was formerly known as Odisha Cement Limited and changed its name to Dalmia Bharat Limited in April 2019. Dalmia Bharat Limited was founded in 1939 and is headquartered in New Delhi, India.",buy,1.73529,2150.5,2500.0,1800.0,34.0
ESCORTS.NS,Escorts Kubota Limited,Industrials,Farm & Heavy Construction Machinery,33221.67,Large,3019.4,0.11,3017.8,3138.59,47.31,Bearish,Bullish,-2.64,9.78,-6.52,-15.78,-47.01,1.2213,0.289,30.49,2.14,4180.0,2700.0,-27.77,11.83,-30.88,-15.78,6.27,20.9,Strong Bear,Damaged,171,7.0,-5.9,-0.21,0.9,Stable,Death Cross,125,0.83,7.61,-0.36,-11.94,96.5,105.6,0.91,"Escorts Kubota Limited manufactures and sells agricultural and construction equipment in India and internationally. The company offers rotavators, straw reapers, super seeders, MB ploughs, orchard sprayers, paddy harvesters, seed drills, and rice transplanters; filters, pumps, engine assemblies, gear parts, clutch systems, hydraulic pumps, cylinders, lubricants, oils, and service kits; and generator and diesel engines; and cranes, soil compactors, backhoe loaders, tandem rollers, and mini excavators. It also provides agricultural tractors; construction, earth moving, and material handling equipment; and round and flat tubes, heating elements, center buffer couplers, automobile shock absorbers, telescopic front fork and Mcpherson struts, internal combustion engines, and brake blocks. In addition, the company develops, produces, and imports parts and accessories, as well as provides maintenance and warranty, crop, and financing services. It offer its products under the Farmtrac, Powertrac, Digitrac, Steeltrac, Farmpower, and Kubota brands. The company was formerly known as Escorts Limited and changed its name to Escorts Kubota Limited in June 2022. Escorts Kubota Limited was incorporated in 1944 and is based in Faridabad, India. Escorts Kubota Limited is a subsidiary of Kubota Corporation.",none,,3330.2942,4000.0,2700.0,17.0
STARHEALTH.NS,Star Health and Allied Insurance Company Limited,Financial Services,Insurance - Life,33124.18,Large,562.95,0.46,573.84,524.77,39.17,Bearish,Bullish,-4.21,7.02,22.42,25.24,-43.48,0.4307,0.197,23.3,2.51,624.9,416.55,-9.91,35.15,-18.62,25.24,-3.72,,Strong Bull,Recovering,24,6.0,-6.55,0.96,0.72,Falling,Golden Cross,110,-0.74,4.85,28.57,29.08,64.7,27.4,2.36,"Star Health and Allied Insurance Company Limited provides health insurance products in India. It offers retail health insurance products for individuals and families; group health insurance products for employer/employee and non-employer/employee groups, including small-to-medium enterprises; and personal accident and travel insurance products. The company also provides star women care insurance policy that provides surrogacy and oocyte donor covers; and star special care product that covers children diagnosed with autism and for outpatient specialized treatments. In addition, it offers star health assure insurance policy, star cancer care platinum insurance policy, senior citizens health insurance policy, and star cardiac care insurance policy  platinum, as well as star group OPD care insurance product. The company offers its products through web aggregators, digital channels, agency channels, corporate agents, brokers, point of salesperson, insurance marketing firms, and various other channels. Star Health and Allied Insurance Company was incorporated in 2005 and is based in Chennai, India.",none,,644.04346,770.0,440.0,23.0
TATATECH.NS,Tata Technologies Limited,Technology,Information Technology Services,33022.16,Large,813.25,-0.21,778.49,702.87,52.54,Bearish,Bullish,6.65,7.07,44.37,21.94,127.99,1.0979,0.833,32.55,3.6,891.0,507.4,-8.73,60.28,-29.71,21.94,,,Strong Bull,Recovering,16,6.0,4.29,1.36,1.19,Rising,Golden Cross,60,10.12,4.9,50.53,25.79,128.5,91.7,1.4,"Tata Technologies Limited provides product engineering and digital services in India, the United Kingdom, North America, rest of Europe, and internationally. The company offers software-defined vehicles, end to end electric vehicle engineering, and turnkey full vehicle development, end to end engineering and electrification, product benchmarking, and embedded engineering solutions; HIL testing and validation solutions; and model-based systems engineering, digital transformation, smart manufacturing, and digital customer experience solutions. It also provides enterprise transformation SAP S/4 HANA, aerospace engineering, and aerospace MRO solutions, as well as upskilling competency centers. In addition, it offers i GET IT, an online training platform for self-paced training courses; modular EV platform for product launches and reduces time to market; Pulse, an agile product data and management tool; Factorymagix, a manufacturing execution system tool; and AMP.IoT, a suite of modular applications designed to cater to the Industrial IOT requirements of the manufacturing industry. Further, it provides centralized hybrid integration platform, an enterprise hybrid integration ecosystem that connects and maps applications, data, and devices in the cloud; Power of 8, a digital application to enable OEMs to attract customers; TRACE, a connected vehicle platform that helps OEMs to develop and deliver end-to-end connected services; RightWeighting 5R, a solution that enables manufacturing companies to optimize weight and engineer products; and Visimatic, a suite of machine learning solutions. The company was formerly known as Tata Technologies (India) Limited and changed its name to Tata Technologies Limited in February 2001. Tata Technologies Limited was incorporated in 1994 and is based in Pune, India. The company operates as a subsidiary of Tata Motors Limited.",none,,724.3333,1340.0,500.0,15.0
NIACL.NS,The New India Assurance Company Limited,Financial Services,Insurance - Diversified,32813.33,Large,199.11,7.18,179.04,168.94,67.7,Bullish,Bullish,15.92,32.5,45.99,6.11,444.25,1.2054,1.101,41.57,3.64,218.0,116.97,-8.67,70.22,-41.47,6.11,18.3,5.24,Bull,Recovering,51,4.0,5.09,1.11,0.66,Falling,Golden Cross,50,19.39,30.33,52.14,9.95,128.3,105.9,1.21,"The New India Assurance Company Limited, together with its subsidiaries, engages in the general insurance industry in India and internationally. The company offers motor, health, travel, rural, credit, engineering, aviation, personal accident, liability, marine hull, fire, marine cargo, and miscellaneous insurances, as well as rural micro products, such as cattle, sheep, goat, pig, and agriculture pumpset Sukshma Bima policies. It also provides reinsurance, bancassurance, state insurance plan, and parametric insurances. The New India Assurance Company Limited was incorporated in 1919 and is headquartered in Mumbai, India.",none,,170.33333,180.0,156.0,3.0
TATAINVEST.NS,Tata Investment Corporation Limited,Financial Services,Asset Management,31778.9,Large,628.1,-0.88,659.53,671.39,32.09,Bearish,Bearish,-7.31,-5.73,0.91,-7.38,33.67,1.0203,0.314,43.48,2.16,1184.7,538.85,-46.98,16.56,-48.85,-7.38,37.33,42.19,Strong Bear,Damaged,240,3.0,-5.4,0.02,0.81,Falling,Death Cross,160,-3.83,-7.9,7.06,-3.54,54.4,53.4,1.02,"Tata Investment Corporation Limited is a publicly owned investment firm. The firm operates as an investment company in India. Its activities primarily include investing in a diversified portfolio of quoted and unquoted securities, debt instruments, long-term investments in equity shares, equity-related securities and other securities of companies in a range of industries. The company also distributes mutual funds and other investment related securities. Tata Investment Corporation Limited was formerly known as The Investment Corporation of India Limited. Tata Investment Corporation was founded in 1937 and is based in Mumbai, India.",none,,,,,
GODFRYPHLP.NS,Godfrey Phillips India Limited,Consumer Defensive,Tobacco,31592.55,Large,2025.4,-2.55,2139.15,2257.95,36.73,Bearish,Bearish,-12.06,-7.44,2.93,-41.35,-62.09,1.3532,0.33,48.49,2.68,3947.0,1832.1,-48.69,10.55,-49.76,-41.35,46.14,44.95,Strong Bear,Damaged,258,4.0,-9.58,0.06,0.53,Falling,Death Cross,169,-8.59,-9.61,9.08,-37.51,95.2,148.3,0.64,"Godfrey Phillips India Limited, together with its subsidiaries, manufactures and trades cigarettes, tobacco products, and related products in India and internationally. It operates through Cigarette, Tobacco and Related Products; and Others segments. The company provides cigarette products under the Marlboro, Four Square, Red & White, Stellar, Cavanders, Originals, North Pole & Tipper, Focus, Jaisalmer, Ultima, Black Jack, Force 10, and Bulls & Bears, Sahara; leaf and cut tobacco products under the Philip Morris, ITG, JTI, Eastern Company, European Tobacco, Libyan Tobacco Company, and RNTA brand names. It also offers confectionary products, such as candies and chewing gums under the Funda and Naturalz Imli brand names. In addition, the company engages in the acquisition of securities and real estate development. It exports its products. Godfrey Phillips India Limited was incorporated in 1936 and is based in New Delhi, India.",none,,,,,
WOCKPHARMA.NS,Wockhardt Limited,Healthcare,Drug Manufacturers - Specialty & Generic,30943.39,Large,1904.3,2.9,1884.72,1664.79,50.05,Bearish,Bearish,-5.85,-0.86,47.59,34.51,10.45,0.9817,0.99,51.27,3.64,2422.3,1086.7,-21.38,75.24,-29.67,34.51,98.63,31.32,Bull,Damaged,66,5.0,-5.56,0.93,1.23,Rising,Golden Cross,84,-2.38,-3.04,53.74,38.36,100.7,44.4,2.27,"Wockhardt Limited, together with its subsidiaries, operates as a pharmaceutical and biotech company, in India, the United States, Europe, and internationally. It manufactures and trades pharmaceuticals, medicinal chemical, and botanical products, as well as chemicals and chemical products. The company also develops its flagship antibiotic, ZAYNICH zidebactam/cefepime, a novel beta lactam enhancer mechanism for the treatment of sepsis and hospital/ventilator associated pneumonia; FOVISCU, an antibiotic for gram-negative infections; MIQNAF nafithromycin, which targets azithromycin-resistant community respiratory pathogens; and ODRATE, a once-daily combination of ertapenem and zidebactam for resistant gram-negative infections through outpatient parenteral antimicrobial therapy. In addition, it develops and commercializes insulin analogs, glucagon-like peptide-1 agonists, and novel combination drug products; Biovac-B, a recombinant hepatitis-B vaccine; Wepox, a recombinant human erythropoietin; Wosulin, a recombinant human insulin; and Glaritus, a recombinant insulin glargine, as well as offers insulin aspart regular and biphasic drug products. Further, the company offers delivery devices for insulin, including DispoPen disposable pen and Mypen reusable pen. Wockhardt Limited was founded in 1967 and is headquartered in Mumbai, India.",none,,,,,
GUJGASLTD.NS,Gujarat Energy Limited,,,30684.84,Large,247.7,-2.79,270.25,276.93,31.1,Bearish,Bearish,-9.76,,,,,1.0884,0.502,28.2,3.98,484.8,273.0,-48.91,-9.27,-12.9,,,,Strong Bear,Damaged,12,,,,1.1,Stable,Death Cross,30,-8.52,,,,,,,"Gujarat Energy Limited engages in the distribution of natural gas in India. It operates a network of approximately 42,600 kilometers of natural gas pipeline and 828 compressed natural gas (CNG) stations. The company supplies piped natural gas to approximately 22.6 lakh households, approximately 15,600 commercial customers; and approximately 4,400 industrial customers, as well as operates 828 CNG stations. The company also owns wind power generation assets in Gujarat and operates a pilot project of blending green hydrogen. Additionally, it provides IT services for various e-governance initiatives of the government of Gujarat. It operates in the states of Gujarat, Maharashtra, Punjab, Madhya Pradesh, Rajasthan, and Haryana; and 1 union territory of Dadra and Nagar Haveli, and Daman and Diu. The company was formerly known as Gujarat Gas Limited and changed its name to Gujarat Energy Limited in May 2026. Gujarat Energy Limited was incorporated in 2012 and is based in Gandhinagar, India.",buy,2.46429,428.4643,600.0,270.0,28.0
UCOBANK.NS,UCO Bank,Financial Services,Banks - Regional,30583.98,Large,24.39,-0.81,25.97,27.28,27.8,Bearish,Bearish,-7.37,-3.44,-9.0,-13.21,-42.6,1.3879,0.711,27.58,1.91,34.2,22.22,-28.68,9.77,-33.14,-13.21,-4.88,13.26,Strong Bear,Damaged,216,4.0,-6.22,-0.33,0.6,Falling,Death Cross,490,-3.9,-5.62,-2.85,-9.36,114.5,123.9,0.92,"UCO Bank provides various banking and financial services in India and internationally. The company's deposit products include current accounts, saving accounts, fixed deposits, recurring deposits, accounts in foreign currency, and fee collection accounts. It also offers agri, home, education, gold, personal, vehicle, and mortgage loans; finance to micro and small enterprises; working capital financing; term loans; infrastructure finance; and agriculture credit. In addition, the company provides life, health, and general insurance products; credit and debit cards; internet banking services; and international banking services, such as NRI banking, foreign currency loans, finance to exporters and importers, remittances, forex and treasury services, resident foreign currency deposits, and correspondent banking services to Indian customers, corporates, NRIs, overseas corporate bodies, foreign companies/individuals, and foreign banks. Further, it provides government deposit schemes/bonds, pension payments/schemes, and tax collection services; merchant banking services; sovereign gold bonds; and mutual funds. The company was formerly known as The United Commercial Bank Ltd. and changed its name to UCO Bank in 1985. UCO Bank was incorporated in 1943 and is headquartered in Kolkata, India.",none,,,,,
RUBICON.NS,Rubicon Research Limited,Healthcare,Drug Manufacturers - General,30192.05,Large,1828.8,0.36,1573.69,1139.81,65.36,Bearish,Bullish,20.72,52.23,136.69,,93.23,0.3429,1.472,45.67,4.18,1899.0,570.75,-3.7,220.42,-17.1,,,,Strong Bull,Recovering,4,10.0,3.31,2.99,1.19,Rising,Golden Cross,208,24.19,50.06,142.85,,120.8,-53.4,-2.26,"Rubicon Research Limited operates as a specialty pharmaceutical company in India, the United States, and internationally. Its primary proprietary technologies for drug delivery comprising RubiSRL for the formulation of sustained release liquids using a combination of ion exchange and membrane diffusion controlled-release technologies; and RubiReten, a gastro-retentive system for drugs with poor solubility and a limited window of absorption. The company develops products in the areas of analgesics/pain management, hypokalemia, gastrointestinal, cardiovascular, skeletal muscle relaxants, metabolic, central nervous system, nicotine replacement therapy, and immunosuppressant. The company was incorporated in 1999 and is based in Mumbai, India.",strong_buy,1.0,1897.5,1915.0,1880.0,2.0
SHYAMMETL.NS,Shyam Metalics and Energy Limited,Basic Materials,Steel,29853.31,Large,1072.6,-0.5,1005.73,925.32,63.59,Bullish,Bullish,5.46,7.59,32.69,19.37,-2.82,0.9093,0.509,28.33,2.75,1111.0,746.0,-3.46,43.78,-21.56,19.37,32.85,21.64,Strong Bull,Recovering,3,7.0,2.93,1.15,1.08,Stable,Golden Cross,81,8.93,5.42,38.85,23.21,106.6,80.1,1.33,"Shyam Metalics and Energy Limited, a metal-producing company, produces and sells long steel products, ferro alloys, and aluminium and stainless steel in India and internationally. The company offers carbon steel products, such as pellet, sponge and pig iron, billet, TMT bar, structural bar, structural steel, wire rods, and crash barrier; SS rebar, hot rolled bar, bright bar, wires, welding wires, and wire rod, as well as stainless steel billets; and flat, pipe, and hollow section products. It also provides battery and bare aluminum foils, fin stock, and kitchen foil range. In addition, the company is involved in the operation of solar and wind power plants; invests in captive power infrastructure; railway wagons business; generation of power and electricity; and mining and allied, as well as real estate activities. It also exports its products. Shyam Metalics and Energy Limited was founded in 1991 and is headquartered in Kolkata, India.",none,,1161.6666,1250.0,1014.0,9.0
PNBHOUSING.NS,PNB Housing Finance Limited,Financial Services,Mortgage Finance,29757.73,Large,1141.0,-0.95,1109.38,999.73,50.54,Bearish,Bullish,5.65,15.26,46.83,51.05,24.27,1.4807,0.298,31.81,2.56,1211.5,729.6,-5.82,56.39,-25.51,51.05,21.22,15.34,Strong Bull,Recovering,5,7.0,0.56,1.47,0.74,Falling,Golden Cross,89,9.12,13.08,52.98,54.9,178.6,117.0,1.53,"PNB Housing Finance Limited operates as a housing finance company in India. It offers loans to individuals and corporate bodies for purchase, construction, repair, and upgradation of houses; loans for commercial space, and loans against property, as well as for purchase of residential plots; and home loans, property-related services, and fixed deposits. The company was incorporated in 1988 and is based in Gurugram, India.",none,,1295.7693,1425.0,960.0,13.0
RRKABEL.NS,R R Kabel Limited,Industrials,Electrical Equipment & Parts,29751.27,Large,2630.4,-8.34,2594.0,2000.58,42.64,Bearish,Bearish,-0.41,18.6,77.24,121.19,-37.06,0.9632,1.367,38.11,4.22,2983.8,1181.6,-11.84,122.61,-17.23,121.19,,,Strong Bull,Correcting,1,8.0,-6.61,2.03,0.98,Stable,Golden Cross,215,3.07,16.43,83.4,125.04,137.6,21.5,6.4,"R R Kabel Limited manufactures and sells wires and cables, and fast-moving electrical goods under the RR Signature brand name in India and internationally. It offers house wires, industrial wires, low and medium voltage power cables, solar, and special cables. The company also provides fans, lighting, switches, switchgear, and other accessories; and water heaters, room heaters, iron, air coolers, and kitchen appliances. Its products are used in residential, commercial, industrial, and infrastructure sectors. The company was formerly known as Ram Ratna Agro-Plast Limited and changed its name to R R Kabel Limited in November 2000. R R Kabel Limited was incorporated in 1995 and is based in Mumbai, India.",none,,2837.0,3400.0,1950.0,14.0
ZFCVINDIA.NS,ZF Commercial Vehicle Control Systems India Limited,Consumer Cyclical,Auto Parts,29273.05,Large,2572.2,0.96,2524.01,2427.08,52.04,Bearish,Bullish,0.65,7.15,8.75,8.78,-48.44,0.6875,-0.022,29.91,2.6,3044.0,2050.33,-15.5,25.45,-17.42,8.78,4.81,16.05,Strong Bull,Correcting,46,8.0,-1.73,0.29,0.64,Falling,Golden Cross,195,4.12,4.97,14.9,12.62,49.5,35.7,1.39,"ZF Commercial Vehicle Control Systems India Limited manufactures and sells air brake actuation systems for commercial vehicles in India and internationally. The company offers various products for trucks, trailers, buses, coaches, and light commercial vehicles comprising advanced driver assistance systems (ADAS) and air disc brakes; intelligent trailer programs and tire pressure monitoring systems; collision mitigation systems, autonomous emergency braking systems, electro-pneumatic handbrakes (EPH), advanced braking system technologies, automatic transmissions, digital solutions, electric portal axles, integrated and modular electric central drives, air compressors, and software updates; continuous damping control products; and the SCALAR fleet orchestration platform for cargo transport, as well as auto ancillary parts. It also engages in software development and other services. The company exports its products to approximately 18 countries, including the Americas, Asia, Europe, and Africa. It serves automotive original equipment manufacturers (OEMs), distributors, government agencies, and retailers. The company was formerly known as WABCO India Limited and changed its name to ZF Commercial Vehicle Control Systems India Limited in March 2022. The company was incorporated in 2004 and is headquartered in Chennai, India. ZF Commercial Vehicle Control Systems India Limited operates as a subsidiary of WABCO Asia Private Limited.",none,,2928.25,3060.0,2800.0,4.0
CRAFTSMAN.NS,Craftsman Automation Limited,Consumer Cyclical,Auto Parts,28767.26,Large,10999.0,-2.26,10063.49,8517.2,62.06,Bullish,Bullish,8.1,21.48,43.62,58.08,-28.08,1.0294,0.325,35.61,3.17,11500.0,6324.0,-4.36,73.92,-19.37,58.08,32.1,40.83,Strong Bull,Recovering,0,8.0,0.94,1.22,0.95,Stable,Golden Cross,331,11.57,19.31,49.78,61.92,105.3,30.6,3.44,"Craftsman Automation Limited operates as an engineering company in India. It operates through Powertrain, Aluminium Products, and Industrial & Engineering segments. The Powertrain segment manufactures engine parts, including cylinder blocks and cylinder heads, camshafts, transmission parts, gear box housings, turbo charges, and bearing caps. The Aluminium Products segment offers crank case and cylinder blocks for two wheelers, and engine and structural parts for passenger vehicles; gear box housings for heavy commercial vehicle; and aluminium casting products for power transmission applications. The Industrial & Engineering segment provides stationary racking for warehouses, V-stores, roll form products, and automated storage and retrieval systems; and SPM and material handling products, gears and gear boxes, tool rooms, mould bases, and sheet metals. The company offers metal and metal products; electricals or electronic machinery, railway or tramway locomotives, rolling stock, railway or tramway fixtures and fittings, and mechanical appliances; machining services; trades in marine engines, and hoists and cranes; and cast-iron products for stationary engines. It serves commercial vehicles, special utility vehicles, tractors, off-highway vehicles, two-wheelers, passenger vehicles, power transmission and distribution, automotive, foundries, railways, textile and printing machines, industrial engineering, fast moving consumer goods, e-commerce, food and beverages, logistics, pharmaceuticals, and electronics sectors. The company also exports its products. Craftsman Automation Limited was incorporated in 1986 and is based in Coimbatore, India.",none,,11371.125,12800.0,9699.0,8.0
GRSE.NS,Garden Reach Shipbuilders & Engineers Limited,Industrials,Aerospace & Defense,28581.87,Large,2495.1,-1.39,2616.01,2568.55,36.26,Bearish,Bearish,-2.03,-6.15,7.8,1.11,36.95,1.5795,0.691,44.93,2.46,3339.0,1963.7,-25.27,27.06,-32.28,1.11,57.25,67.4,Bear,Damaged,84,5.0,0.02,0.17,0.86,Stable,Golden Cross,98,1.44,-8.33,13.96,4.95,166.6,146.4,1.14,"Garden Reach Shipbuilders & Engineers Limited engages in the design and construction of war ships in India. The company offers frigates, anti-submarine warfare corvette, missile corvette, landing ship tank, landing craft utility, survey vessel, fleet replenishment tanker, fast patrol vessel, offshore patrol vessel, inshore patrol vessel, water jet fast attack craft, anti-submarine warfare shallow water craft, electric ferries, ocean going passenger and cargo ferry vessel, hovercraft, and fast interceptor boat products to the Indian Navy, Indian Coast Guard, and other government. It also provides unmanned surface vessels, autonomous underwater vessels, ship-based drones, and green platforms and naval surface guns. In addition, the company offers portable bridges; and deck machinery equipment, such as anchor capstans and windlass, mooring and dock capstans, general-purpose and ammunition davits, electric boats and electro-hydraulic drive deck machinery products, survey vessels, hydrographic and oceanographic surveys, helicopter traversing systems, and dock capstans and winches. Further, it engages in the assembling, overhauling, and testing of marine diesel engines, as well as provides dry docking and afloat maintenance, refit, and repair services for defense and commercial ships. The company was founded in 1884 and is based in Kolkata, India.",none,,3069.2856,3500.0,2660.0,7.0
REDINGTON.NS,Redington Limited,Technology,Information Technology Services,28394.05,Large,363.2,3.89,316.04,269.75,62.68,Bearish,Bullish,3.89,55.3,48.74,52.19,-46.77,1.4563,0.885,50.17,4.14,378.5,191.31,-4.04,89.85,-33.29,52.19,37.71,20.94,Strong Bull,Recovering,3,8.0,-14.54,0.97,0.9,Stable,Golden Cross,44,7.36,53.12,54.89,56.03,178.3,100.1,1.78,"Redington Limited distributes information technology, mobility, and other technology products in India, the Middle East, Turkey, Africa, and South Asian countries. It provides AI and automation, software applications, security, digital printing, data and analytics, infrastructure, 3D printing, network modernization, cyber security, solar, gaming, AR and VR, home automation, wearables, and displays; and firewalls, access service edge, endpoint security, and identity and access management solutions. The company also offers software and hardware solutions, such as laptops, tablets, servers, software, notebooks, workstations, networking, power supply, desktops, accessories, components, and lighting products for mobility, computing, printing, automation, gaming, and solar applications. In addition, it is involved in the marketing, sale, and maintenance of computer hardware, accessories and spare parts; wholesale of mobile phones and devices, electronic household appliances, telecommunication products, and cosmetics; artificial intelligence activities; distribution of renewable energy products, information technology, spare parts, and telecommunication products; cloud services and software sales; public materials transportation; requisites trading of computer software, computer equipment, telephones and telecommunication equipment, and data processing; and import and export of computers, computer peripherals, and components. Further, the company provides supply chain management, logistics, payment intermediation, hardware support and maintenance, and business and knowledge process outsourcing services; and cloud consulting, managed, and security solutions. It serves resellers, retailers, system integrators, and independent service vendors of technology products and solutions. The company was formerly known as Redington (India) Limited and changed its name to Redington Limited in August 2022. The company was incorporated in 1961 and is headquartered in Chennai, India.",strong_buy,1.0,379.66666,409.0,350.0,3.0
PPLPHARMA.NS,Piramal Pharma Limited,Healthcare,Drug Manufacturers - Specialty & Generic,28326.25,Large,213.78,0.27,196.99,181.18,59.46,Bearish,Bullish,5.57,28.19,40.36,13.83,-39.18,1.1629,0.324,33.84,3.33,220.36,132.3,-2.99,61.59,-36.01,13.83,30.42,,Strong Bull,Recovering,3,6.0,-3.83,1.19,0.8,Falling,Golden Cross,25,9.04,26.01,46.51,17.67,133.4,106.7,1.25,"Piramal Pharma Limited operates as a pharmaceutical company in the United States, Europe, Japan, India, and internationally. The company offers a portfolio of pharmaceutical products and services through global development and manufacturing facilities. It also operates contract development and manufacturing organization that provides services across the drug life cycle, including discovery, development, and commercial manufacturing; offers inhalation anesthetics, intrathecal therapy for spasticity management, injectable pain management drugs, and other generic and speciality products; and analgesics, skin care, vitamin and mineral supplement, kids' wellness, digestives, and women's health, as well as geriatric care. In addition, the company operates as a contract development and manufacturing organization, providing process development, scale-up, and GMP manufacturing services for vaccines and biologics. The company was incorporated in 2020 and is based in Mumbai, India.",none,,233.27274,265.0,200.0,11.0
SCHNEIDER.NS,Schneider Electric Infrastructure Limited,Industrials,Electrical Equipment & Parts,27963.22,Large,1169.5,-1.58,1279.11,1111.9,38.59,Bearish,Bearish,-12.32,-0.23,40.44,38.5,68.53,0.9712,0.461,48.6,4.97,1548.0,571.85,-24.45,104.51,-36.55,38.5,54.81,53.28,Bull,Damaged,41,6.0,-12.24,0.83,1.01,Stable,Golden Cross,134,-8.85,-2.4,46.59,42.34,142.6,81.0,1.76,"Schneider Electric Infrastructure Limited designs, manufactures, builds, and services products and systems for electricity distribution in India and internationally. The company offers air-insulated switchgear, e-house and switchyard solutions, vacuum circuit breakers and protection relays, ring main units, gas-insulated switchgear, oil and dry type transformers, automation platforms and digital energy management systems, and battery energy storage solutions. It also offers medium voltage distribution and grid automation products, such as EasyPact EXE, a vacuum circuit breaker; medium voltage switchgear; protection relays, distribution management systems and grid solutions, including self-healing networks; digital substation, as well as EcoStruxure grid, AI-powered, software-defined platform. In addition, the company provides partner managed, and field and automation services. It serves power generation, transmission, distribution, oil and gas, metro rail, mining, metals and other infrastructure sectors, including electro-intensive industries. The company was formerly known as Smartgrid Automation Distribution and Switchgear Limited and changed its name to Schneider Electric Infrastructure Limited in December 2011. The company was incorporated in 2011 and is based in Gurugram, India. Schneider Electric Infrastructure Limited is a subsidiary of Energy Grid Automation Transformers and Switchgears India Private Limited.",strong_buy,1.0,1416.6666,1475.0,1375.0,3.0
SYRMA.NS,Syrma SGS Technology Limited,Technology,Electronic Components,27622.42,Large,1434.0,-0.96,1391.01,1099.97,49.19,Bearish,Bullish,0.98,17.01,94.28,90.15,-25.75,1.3769,0.209,42.26,3.36,1543.0,634.5,-7.06,126.0,-29.12,90.15,45.94,,Strong Bull,Recovering,16,8.0,-4.69,2.23,0.87,Stable,Golden Cross,335,4.45,14.83,100.44,94.0,185.3,81.0,2.29,"Syrma SGS Technology Limited operates as an electronics system design and manufacturing company in India, the United States, Germany, and internationally. The company offers electronic manufacturing services, such as PCBAs for industries and end applications; assemblies, including PCBAs, enclosures, wire harnesses, testing, and custom packing; EOL and functional testers based on customer specifications; cables with cutting, stripping, tinning, crimping, over molding, and ultrasonic welding; and injection molding. It also provides engineering and technology services comprising product engineering, digital engineering, design studio, and prototyping; and medtech ODM services consisting of homogenization, electrotherapy, colorimetry, laser therapy, RF therapy, and spectrophotometry. In addition, the company offers standard and application-specific components, which include transformers, chokes, inductors, and induction elements for the test and instrumentation, telecommunications, consumer goods, industrial products, factory automation, and aerospace and defense industries. Syrma SGS Technology Limited was founded in 1978 and is based in Chennai, India.",none,,1511.6296,2050.0,940.0,27.0
URBANCO.NS,Urban Company Limited,Technology,Software - Application,25304.13,Large,171.84,2.51,145.52,138.17,77.43,Bullish,Bullish,21.11,36.98,61.26,,95.17,1.0446,0.3096,45.11,3.86,201.18,100.7,-14.58,70.65,-44.82,,,,Bull,Correcting,246,5.0,8.78,1.36,0.97,Stable,Golden Cross,10,24.58,34.8,67.41,,98.9,75.7,1.31,"Urban Company Limited operates an online services marketplace that provides various home and beauty services and solutions in India, the Kingdom of Saudi Arabia, Singapore, and the United Arab Emirates. It operates through four segments: India consumer services; Native; International; and InstaHelp. The company offers home services, which includes cleaning and pest control; appliance servicing and repair; electrical, plumbing, and carpentry; and painting and wall decor. It also provides beauty services, such as women's skincare and hair grooming; men's grooming; and spa and massage therapies for men and women. In addition, the company sells water purifiers and electronic door locks under the Native brand name. Further, it provides training and certification, such as new service professional training, new product launch training, customized re-training, and upskill training, as well as products, consumables, and tools. The company provides an e-commerce platform through its online portal www.urbancompany.com and its UC mobile application. The company was formerly known as UrbanClap Technologies India Limited and changed its name to Urban Company Limited in April 2025. The company was incorporated in 2014 and is headquartered in Gurugram, India.",hold,2.77778,149.0,190.0,91.0,9.0
DATAPATTNS.NS,Data Patterns (India) Limited,Industrials,Aerospace & Defense,25286.28,Large,4516.7,0.03,4467.26,3787.05,48.49,Bearish,Bullish,-0.83,7.45,44.79,80.21,-29.8,1.0521,0.538,49.44,3.86,5000.0,2131.0,-9.67,111.95,-29.92,80.21,29.4,,Strong Bull,Recovering,51,7.0,-3.31,0.91,0.73,Falling,Golden Cross,145,2.64,5.28,50.94,84.05,196.0,97.5,2.01,"Data Patterns (India) Limited provides defense and aerospace electronics solutions in India. It offers COTS boards, ATE and test systems, RF and microwave products, electronic warfare products, cockpit and rugged displays, radar and radar subsystems, identify friend and Foe products, avionic systems, laser and electro optic systems, space systems, power supply products, naval systems, communication products, gimbal and actuator controller products, launch and fire control systems, high-speed processors, digital IF processors and waveform generators, consoles, and navigation systems; and software and application products. In addition, the company provides hardware design, product development, ATE/functional test equipment, FPGA, software, microwave, mechanical product design, manufacturing, and environmental qualification testing services. Data Patterns (India) Limited was incorporated in 1998 and is based in Chennai, India.",none,,4550.3,5545.0,3940.0,10.0
SUMICHEM.NS,Sumitomo Chemical India Limited,Basic Materials,Agricultural Inputs,25214.35,Large,505.15,-1.76,515.02,482.3,39.97,Bearish,Bullish,-1.32,7.27,28.08,-11.04,-53.33,1.1662,0.207,35.86,3.19,617.45,362.6,-18.19,39.31,-39.44,-11.04,7.73,2.96,Bull,Correcting,248,5.0,-3.74,0.78,0.75,Falling,Golden Cross,35,2.15,5.1,34.23,-7.2,118.5,124.2,0.95,"Sumitomo Chemical India Limited engages in the manufacture and sale of household and public health insecticides, agricultural pesticides, and animal nutrition products in India and internationally. It also offers crop protection products, such as insecticides, herbicides, fungicides, and miticides; household pesticides; animal nutrition; plant nutrition and plant growth regulators; fumigants and rodenticides; and biological products. The company was incorporated in 2000 and is headquartered in Mumbai, India. Sumitomo Chemical India Limited is a subsidiary of Sumitomo Chemical Company Limited.",none,,582.6667,650.0,435.0,9.0
PGHH.NS,Procter & Gamble Hygiene and Health Care Limited,Consumer Defensive,Household & Personal Products,25197.65,Large,7762.5,-1.51,8516.27,10062.05,18.08,Bearish,Bearish,-9.47,-16.79,-30.33,-39.24,-43.96,0.3203,0.22,20.2,1.64,14509.0,7740.0,-46.5,0.29,-44.71,-39.24,-18.65,-7.92,Strong Bear,Damaged,236,2.0,-3.87,-1.5,0.49,Falling,Death Cross,475,-6.0,-18.97,-24.18,-35.4,-18.3,44.8,-0.41,"Procter & Gamble Hygiene and Health Care Limited manufactures and sells branded packaged fast-moving consumer goods in the feminine care and healthcare businesses in India and internationally. It operates through Health care Products and Hygiene Products segments. The company offers health care products, including ointments and creams, cough drops, and tablets; and hygiene products, such as feminine hygiene and other skin care hygiene products, as well as feminine care pads. It also provides baby care products comprising nappies, pants, and baby wipes; grooming products; laundry products; hair care products; home, personal and skin care, and oral products. The company sells its products under the Vicks, Whisper, Pampers, Ariel, Tide, Gillette, Head & Shoulders, Herbal Essences, Pantene, Ambi Pur, Oral-B, Olay, and Old Spice brands through mass merchandisers, as well as grocery, membership club, drug, department, and high frequency stores. The company was incorporated in 1964 and is based in Mumbai, India. Procter & Gamble Hygiene and Health Care Limited operates as a subsidiary of The Procter & Gamble Company.",none,,10834.0,12168.0,9500.0,2.0
SJVN.NS,SJVN Limited,Utilities,Utilities - Renewable,25119.25,Large,63.92,-1.54,67.95,74.03,22.61,Bearish,Bearish,-6.87,-12.78,-5.83,-30.44,-24.66,1.2386,0.481,30.83,1.55,95.58,63.02,-33.12,1.43,-31.88,-30.44,5.59,22.42,Strong Bear,Damaged,248,2.0,-2.61,-0.19,0.52,Falling,Death Cross,469,-3.4,-14.96,0.32,-26.6,93.1,136.7,0.68,"SJVN Limited, together with its subsidiaries, engages in the generation and sale of electricity in India and internationally. The company is also involved in thermal power, hydro power, wind power, solar power, and power trading and transmission businesses. The company operates the Nathpa Jhakri Hydro Power Station (NJHPS) with a capacity of 1500 MW located in Shimla District; the Arun-3 Hydro Electric Projec with a capacity of 900 MW, located on River Arun in District Sankhuwasabha of Eastern Nepal; the Rampur Hydro Power Station with an installed capacity of 412 MW in Shimla and Kullu District in Himachal Pradesh; and the Naitwar Mori Hydro Power Station with a capacity of 60 MW located in Uttarkashi district in Uttarakhand state. It also operates the Khirvire Wind Power Project with a capacity of 47.6 MW in Ahmednagar, Maharashtra; and the Sadla Wind Power Project with an installed capacity of 50 MW in Surendranagar District in Gujarat, as well as Buxar Thermal Power Project with a capacity of 1320 MW located in Village Chausa, Distt Buxar, Bihar. In addition, the company operates the Charanka Solar Power Station with a capacity of 5.6 MW in Patan district in Gujarat; 1 MW solar power plant at Wadhal and 310 KW solar power plant at Surge Shaft of NJHPS; Parasan Solar Power Station with a capacity of 75 MW in Jalaun District; Gurhah Solar Power Station with a capacity of 75 MW; Gujrai Solar Power Station with a capacity of 50 MW; Raghanesda Solar Power Station with a capacity of 100 MW; and 90 MW Floating Solar Project located in Omkareshwar, Madhya Pradesh. Further, it provides consultancy services, as well as undertakes contracts, project management services, and power trading. The company was formerly known as Satluj Jal Vidyut Nigam Limited and changed its name to SJVN Limited in September 2009. SJVN Limited was incorporated in 1988 and is based in Shimla, India.",none,,69.5,72.0,67.0,2.0
GABRIEL.NS,Gabriel India Limited,Consumer Cyclical,Auto Parts,24544.59,Large,1384.9,-2.9,1359.19,1148.12,47.48,Bearish,Bearish,-9.34,38.69,49.58,13.36,-61.89,1.3311,0.722,48.86,4.29,1600.0,795.7,-13.44,74.05,-37.4,13.36,83.13,60.68,Bull,Correcting,20,6.0,-22.24,1.01,0.71,Falling,Golden Cross,90,-5.87,36.52,55.74,17.2,130.3,82.4,1.58,"Gabriel India Limited manufactures and sells of ride control products to the automotive industry in India, the Netherlands, and internationally. The company offers canister shock absorbers, telescopic front forks, inverted front forks, mono shox, floating piston shock absorbers, semi-active front forks, and semi-active shock absorbers; rear shock absorbers, strut assemblies, FSD suspension, semi-active suspension systems, and gas springs; axle dampers, cabin dampers, and seat dampers. It also provides double-acting hydraulic shock absorbers for conventional coaches, shock absorbers for EMU/MEMU coaches, dampers for diesel and electric locomotives, dampers for rajdhani and shatabdi coaches, and dampers for vande bharat coaches. In addition, the company offers macpherson struts, gas springs, brake pads, drive shafts, suspension parts, suspension and strut bush kits, OC springs, coolants, brake fluids, front fork components, oil seals, front fork oil, wheel rims, alloy wheels, spokes, cone sets, and trailing arms. Further, it provides e-bikes, solar dampers, and hydraulic and electronic products. The company also exports its products. The company was incorporated in 1961 and is based in Pune, India. Gabriel India Limited operates as a subsidiary of Asia Investments Private Limited.",none,,1570.4286,1721.0,1315.0,7.0
GILLETTE.NS,Gillette India Limited,Consumer Defensive,Household & Personal Products,23937.1,Large,7346.0,-0.99,7576.79,7936.79,37.14,Bearish,Bearish,-3.35,-4.61,-7.23,-24.91,-28.25,0.6119,0.278,23.08,1.7,10740.0,7206.0,-31.6,1.94,-29.81,-24.91,12.86,6.11,Strong Bear,Damaged,259,4.0,-1.81,-0.31,0.58,Falling,Death Cross,209,0.12,-6.78,-1.07,-21.06,33.5,68.3,0.49,"Gillette India Limited engages in the manufacture and sale of grooming and oral care products in India and internationally. The company operates through grooming, and oral care segment. It offers shaving system and cartridges, blades, toiletries, razors, and other components. The company also offers toothbrushes and oral care products. In addition, the company provides body shaving and trimming; skin care; and shaving gel, shaving cream and after shave; and female grooming products under the Gillette Venus brand name. The company sells its products primarily under the GilletteLabs, SkinGuard Sensitive, Fusion5, MACH3, Disposable Razor, Guard3, and Styler brand names. Gillette India Limited markets and sells its products through mass merchandisers, grocery stores, membership club stores, drug stores, department stores, and high frequency stores. The company was incorporated in 1984 and is based in Mumbai, India.",none,,,,,
GODIGIT.NS,Go Digit General Insurance Limited,Financial Services,Insurance - Property & Casualty,23889.05,Large,258.4,-0.9,273.79,305.43,43.9,Bullish,Bearish,-1.86,-15.72,-19.71,-27.75,-31.26,0.3478,0.229,24.71,3.0,381.4,244.2,-32.25,5.81,-32.81,-27.75,,,Strong Bear,Damaged,220,5.0,3.38,-0.8,0.66,Falling,Death Cross,159,1.61,-17.89,-13.56,-23.91,25.7,67.2,0.38,"Go Digit General Insurance Limited provides various insurance products and services in India. It offers car, bike, and commercial vehicle insurance; health and property insurance; fire, marine cargo and hull, travel, miscellaneous, and business insurance; and workmen's compensation, public/product liability, engineering, aviation, personal accident, crop, and other insurance. The company was formerly known as Oben General Insurance Limited and changed its name to Go Digit General Insurance Limited in June 2017. The company was incorporated in 2016 and is based in Bengaluru, India. Go Digit General Insurance Limited operates as a subsidiary of Go Digit Infoworks Services Private Limited.",buy,2.0,332.0,380.0,270.0,9.0
SANSERA.NS,Sansera Engineering Limited,Consumer Cyclical,Auto Parts,23779.5,Large,3810.6,-2.37,3529.54,2689.95,54.15,Bearish,Bullish,8.6,29.39,75.76,199.08,8.55,1.3901,0.756,40.48,3.77,4084.9,1287.3,-6.71,196.01,-17.0,199.08,60.34,,Strong Bull,Recovering,1,9.0,-1.2,1.87,1.08,Stable,Golden Cross,308,12.08,27.21,81.91,202.93,225.9,64.2,3.52,"Sansera Engineering Limited engages in the manufacture and sale of precision engineered components for automotive and non-automotive sectors in India, Europe, the United States, and internationally. The company offers automotive components, such as connecting rods, rocker arms, finger followers, balancer shafts, gear shifter forks, suspension and steering parts, assembly components, aluminum parts, drivetrain and rotar parts, sprockets, adapters, rocker shafts, housing shift lever shafts, lever and arm shifts, shaft propellers, spacer input gears, shaft controls, braking system parts, tans axle parts, generator shafts, valve bridges, braking assembly parts, transmission parts, and chassis parts for two- wheelers, passenger vehicles, four-wheelers, and commercial vehicles, as well as crank shafts. It also provides products for off-road vehicles; industrial and stationery engines; agriculture; aerospace; and medical implants. In addition, the company offers forging and other related services. Sansera Engineering Limited was incorporated in 1981 and is headquartered in Bengaluru, India.",buy,2.0,3932.75,4500.0,2500.0,12.0
DEEPAKNTR.NS,Deepak Nitrite Limited,Basic Materials,Chemicals,23651.92,Large,1734.1,-2.73,1711.58,1694.31,49.8,Bearish,Bullish,0.95,3.69,12.69,-2.57,252.18,0.9545,0.448,28.45,3.03,1904.4,1280.0,-8.94,35.48,-31.17,-2.57,-5.58,-3.03,Bull,Correcting,83,4.0,-0.28,0.45,0.94,Stable,Golden Cross,10,4.43,1.51,18.84,1.28,84.3,81.7,1.03,"Deepak Nitrite Limited manufactures, trades, and sells chemical intermediates in India and internationally. It operates through Advanced Intermediates and Phenolics segments. The company offers sodium nitrite, sodium nitrate, nitro toluidines, fuel additives, nitrosylsulfuric acid, xylidines, oximes, cumidines, speciality agrochemicals, optical brighteners, nitric acid, fluorinated compounds, DASDA, benzotrifluoride, cumene, phenol, acetone, isopropyl alcohol, and alpha methyl styrene. It also provides 2 MePPDA, 2,3-xylidine, 2,4-xylidine, 2,6-xylidine, 2-ethylhexyl nitrate, 3-NOX, 4-NOX; 2B, 4BBT, ABP, ABP X, and BMK deepwhite powders; 2BL, ABP, AS, BA, BHT HC, DSP, MST, SPF Z, SI, UBR, UP, and XBE deepwhite liquids; 4BB conc, 4BB conc T, DMA-X, DMA-X conc, and UFD slurry deepwhite products; IPA, MAHCL, mHBTF, MMDPA, MNT(3- nitrotoluene), MT(m-toluidine), ONT(2- nitrotoluene), OT(o-toluidine), PNT(4- nitrotoluene), and PT(p-toluidine); B+ (brown colour), FX (yellow colour), and GLP (yellow colour) protecto products; ortho and para cumidines; and TFMAP, as well as project management consultancy services and manufactures polycarbonate compounds. The company serves colourants, dyes, rubber, paper, agrochemicals, pharmaceuticals, personal care, water treatment, glass, explosives, textiles, laminate and plywood, automotive, construction, adhesives, and sanitisers industries. Deepak Nitrite Limited was incorporated in 1970 and is headquartered in Vadodara, India.",none,,1892.5,2200.0,1500.0,18.0
TIMKEN.NS,Timken India Limited,Industrials,Tools & Accessories,23577.31,Large,3134.5,-2.34,3249.57,3276.04,44.15,Bearish,Bullish,-3.01,-13.9,-3.06,8.62,-31.22,0.7398,0.39,27.22,2.67,3925.0,2800.5,-20.14,11.93,-18.42,8.62,-2.31,15.43,Strong Bear,Damaged,50,6.0,1.62,-0.11,0.97,Stable,Death Cross,6,0.46,-16.08,3.1,12.46,63.9,51.6,1.24,"Timken India Limited manufactures, sells, and distributes tapered and other roller bearings, components, accessories, and mechanical power transmission products in India, the United States, and internationally. The company offers engineered bearing products, such as mounted, roller, energy efficient, ball, precision, plain, thrust bearings, engineered seals, bearing accessories, and lubricant solutions, as well as bearing repair; grease lubrication and filtration systems; and sealing solution, oil, rail, automotive, and industrial seals. It also provides brakes and clutches; chains and augers; lovejoy couplings; torsion contril couplings; industrial and precision gearing; linear motion; and aerospace, industrial, and rail bearing repair services. In addition, the company offers maintenance contract and refurbishment services. It sells its products under Timken, Rollon, Philadelphia Gear, GGB, Groeneveld, BEKA, Cone Drive, Nadella, LoveJoy, Diamond, Drives, SPINEA, PT Tech, Lagersmit, Torsion Control, Des-Case, and CGI Inc brand names. The company serves various markets, including aerospace and defense, automation, robotics, industrial machinery, construction, food and beverage, marine, mining, power-generation and renewable energy, and rail markets. The company was formerly known as Tata Timken Limited and changed its name to Timken India Limited in July 1999. The company was incorporated in 1987 and is based in Bengaluru, India. Timken India Limited operates as a subsidiary of Timken Singapore Pte Ltd.",none,,3982.0,4560.0,3600.0,7.0
FORCEMOT.NS,Force Motors Limited,Consumer Cyclical,Auto Manufacturers,23190.22,Large,17600.0,-0.69,18135.22,18494.14,44.7,Bearish,Bullish,-4.23,-3.52,-17.95,-7.61,-20.75,1.8832,0.662,46.61,2.72,26450.0,14911.0,-33.46,18.03,-33.68,-7.61,99.2,72.03,Strong Bear,Damaged,140,6.0,-3.06,-0.39,0.83,Falling,Death Cross,30,-0.76,-5.7,-11.8,-3.77,152.8,149.3,1.02,"Force Motors Limited, an integrated automobile company, designs, develops, manufactures, and sells a range of automotive components, aggregates, and vehicles in India. The company provides passenger vehicles, ambulances, school buses, and delivery van; small commercial, light commercial, multi utility vehicles, special vehicles, and spare parts; special utility vehicles, such as mobile medical units, police vans, prison vans, troop carriers, and safari vehicles; and agricultural tractors. Its product portfolio consists of urbania, a ground-up modular monocoque van platform for shared urban mobility; traveller, a platform that caters to passenger transport, cargo delivery, ambulances, and school buses; monobus; trax, a rugged utility vehicle platform for rural and last mile transport; special application vehicles; gurkha off-road vehicle; and electric vehicles. In addition, the company offers shared mobility solutions, commercial fleets, specialized transport, and defense solutions. It exports its products to various countries in the Middle East, Asia, Latin America, and Africa. The company was incorporated in 1958 and is based in Pune, India. Force Motors Limited operates as a subsidiary of Jaya Hind Industries Pvt. Ltd.",none,,,,,
TDPOWERSYS.NS,TD Power Systems Limited,Industrials,Specialty Industrial Machinery,22967.14,Large,735.05,-3.03,663.98,526.87,56.22,Bearish,Bullish,30.51,12.09,67.9,187.14,60.63,0.8788,0.522,52.97,4.7,798.85,257.98,-7.99,184.93,-24.22,187.14,82.26,108.04,Strong Bull,Recovering,10,7.0,26.48,1.28,1.1,Stable,Golden Cross,360,33.98,9.92,74.05,190.99,144.2,-15.1,-9.55,"TD Power Systems Limited, together with its subsidiaries, manufactures and sells AC generators and electric motors in India and internationally. The company offers steam turbine, gas turbine, hydro turbine, gas engine, and diesel engine generators; and induction, traction, and synchronous motors; and hydro, and diesel power plants, as well as geothermal and wind applications. It also provides design and manufacturing services; spares and refurbishment services; and after-sales services. The company's products are used in data centers, renewable energy, oil and gas, thermal power, railways, steel, marine, pulp and paper, sugar and ethanol, textiles, irrigation, and cement plants applications. TD Power Systems Limited was incorporated in 1999 and is headquartered in Bengaluru, India.",none,,887.75,900.0,875.5,2.0
CUB.NS,City Union Bank Limited,Financial Services,Banks - Regional,22848.54,Large,230.61,-1.86,215.63,198.55,58.46,Bullish,Bullish,14.46,26.76,18.89,57.28,-29.94,1.1694,0.344,38.61,3.51,245.38,145.12,-6.02,58.9,-23.28,57.28,37.55,16.17,Strong Bull,Recovering,25,8.0,5.54,0.49,0.89,Stable,Golden Cross,355,17.93,24.58,25.04,61.12,114.1,45.6,2.5,"City Union Bank Limited provides various banking products and services in India. It operates through four segments: Treasury, Corporate/Wholesale Banking, Retail Banking, and Other Banking Operations. The company offers savings, current, staff salary, and resident foreign currency accounts; fixed, recurring, flexifix, desire, and income tax saver deposits; personal, gold, agricultural, consumer, home/housing, property, education, working capital, business, and foreign currency loans, as well as loans against property, gold-based overdraft, cash credits, bill finance, bank guarantee, and letter of credit; international business services, including export, import, FX retail, remittance, correspondent banking, and treasury risk management services; sovereign gold bonds; debit, prepaid, and credit cards; NRI banking products and services; and insurance products comprising life, health, and general insurance products, as well as social security schemes. It also provides tech products and services, such as net/online and mobile banking; cash and wealth management; electronic fund transfer; green pins; wallet; point of sale; and automated teller machines, as well as demat, bill payment, GST and tax payments, and digital signature services. In addition, the company offers payments to government, including online taxes and electricity bill payment; agri related information, academic, and kiosk services; and safe deposit locker facilities, 24/7 customer care, value added services, and account aggregator services. The company was formerly known as The Kumbakonam City Union Bank Limited and changed its name to City Union Bank Limited in December 1987. City Union Bank Limited was incorporated in 1904 and is based in Kumbakonam, India.",none,,255.6087,298.0,200.0,23.0
CREDITACC.NS,CreditAccess Grameen Limited,Financial Services,Credit Services,22490.82,Large,1403.4,0.72,1470.84,1372.19,37.89,Bearish,Bearish,-9.9,11.03,14.52,0.01,-38.28,0.8844,0.113,39.5,3.25,1634.0,1113.0,-14.11,26.09,-23.17,0.01,0.63,16.49,Bull,Correcting,24,6.0,-13.58,0.37,0.73,Falling,Golden Cross,85,-6.43,8.85,20.67,3.86,69.7,55.0,1.27,"CreditAccess Grameen Limited, a non-banking financial company, provides micro finance services for women from poor and low-income households in India. The company offers microcredit loans for income generation, home improvement, emergency, family welfare, and Grameen Unnati, as well as Grameen Suraksha, Grameen Sanchay, life insurance, and national pension schemes. It also provides retail finance loans, such as Grameen Vikas, Unnati loan, Grameen two-wheeler, Grameen Vishesh loan, and Grameen housing loan. In addition, the company offers digital lending products comprising Grameen Mahi, a customer app, Pragathi digital and multi-purpose digital loans. The company was formerly known as Grameen Koota Financial Services Private Limited and changed its name to CreditAccess Grameen Limited in January 2018. CreditAccess Grameen Limited was incorporated in 1991 and is headquartered in Bengaluru, India. CreditAccess Grameen Limited is a subsidiary of CreditAccess India BV.",buy,1.5625,1776.1333,1947.0,1500.0,15.0
TATAELXSI.NS,Tata Elxsi Limited,Technology,Software - Application,22483.91,Large,3609.0,-0.8,3741.15,4327.07,43.75,Bearish,Bullish,-3.43,-14.59,-15.7,-31.42,-65.26,1.0724,0.314,31.5,2.48,5950.0,3353.9,-39.34,7.61,-41.08,-31.42,-19.05,-2.54,Strong Bear,Damaged,170,6.0,1.43,-0.5,0.73,Falling,Death Cross,479,0.05,-16.76,-9.54,-27.58,95.4,138.0,0.69,"Tata Elxsi Limited provides product design and engineering, systems integration, and support services in India, the United States, Europe, and Internationally. The company operates through two segments, Systems Integration and Support, and Software Development and Services. It offers iCX, a SaaS-based solution for automating, monitoring, and managing CPEs; and AIVA, an AI-based video analytics platform that automates video tagging, object detection, content indexing, and metadata generation. It also provides QoEtient, a platform for video streaming services; TEPlay, an OTT/IPTV platform; Neuron, an autonomous network platform for telco operators; and uLike, a platform for AI-powered content recommendation engine. In addition, it offers TETHER, a cloud-based platform for vehicle connectivity; eMobility HILS, a scalable solution for validating electric vehicle systems; Robo-Taxi, a platform for autonomous ride-hailing; AVENIR, a platform for real-time data processing, validation, and integration for software defined vehicles; AutonomAI, an AI-driven platform for self-driving capabilities; and MOBIUS+, a blockchain-powered solution. Further, it provides TEDREG, a regulatory intelligence platform for compliance management; Digital Health Platform, a customizable platform for remote patient monitoring, virtual consultations, and personalized health insights; TEngage, a digital health platform for patient engagement tools with customizable workflows, interactive communication channels, and performance tracking dashboards; TEDAX Big Data, an AI-driven analytics platform; and TEcare, a care management platform for multi-channel support and care plan customization. It serves automotive, broadcast and media, communications, off-highway equipment, healthcare and life sciences, appliances and consumer electronics, rail, semiconductor, and aerospace industries. The company was incorporated in 1989 and is headquartered in Bengaluru, India.",none,,3642.7334,5135.0,2960.0,15.0
EMMVEE.NS,Emmvee Photovoltaic Power Limited,Technology,Solar,22480.44,Large,324.7,1.71,322.24,278.53,50.04,Bullish,Bearish,0.37,-2.89,73.46,,-48.25,1.0426,0.0543,53.0,3.18,371.55,171.51,-12.61,89.32,-28.66,,,,Bull,Correcting,34,7.0,1.33,1.39,0.59,Falling,Golden Cross,105,3.84,-5.06,79.61,,131.2,42.7,3.07,"Emmvee Photovoltaic Power Limited manufactures and sales solar cells, photovoltaic modules, and photovoltaic systems across India and Europe. Its products include TopCon Photovoltaic Module and TopCon Photovoltaic cells. It also executes grid and off-grid photovoltaic power projects on a turnkey basis and operates solar power plants. The company serves independent power producers, entities operating in the commercial and industrial sector, and engineering, procurement and construction service providers in both public and private sectors. The company was incorporated in 2007 and is based in Bengaluru, India.",strong_buy,1.2,404.4,440.0,380.0,5.0
NXST.NS,Nexus Select Trust,N/A,N/A,22458.36,Large,167.28,-0.3,164.25,155.58,54.88,Bearish,Bullish,1.67,9.78,8.49,19.53,63.62,0.2697,0.4806,15.73,1.23,191.9,143.5,-12.83,16.57,-7.51,19.53,20.35,,Bull,Correcting,15,7.0,-1.59,0.54,0.96,Stable,Golden Cross,327,3.02,7.34,13.87,23.62,28.0,4.3,6.51,,,,,,,
SAGILITY.NS,Sagility Limited,Healthcare,Health Information Services,21861.81,Large,46.7,0.54,43.06,43.15,68.76,Bullish,Bullish,6.16,16.96,13.28,4.0,-28.45,1.0289,0.3406,35.05,2.94,57.89,35.83,-19.33,30.34,-33.33,4.0,,,Bull,Correcting,219,6.0,0.51,0.38,0.72,Falling,Death Cross,125,9.63,14.78,19.43,7.85,97.2,81.5,1.19,"Sagility Limited engages in the rendering voice and non-voice business process management and back-office transaction processing services in India, Jamaica, the Philippines, the United States, and Colombia. The company offers claims and membership managed services, such as digital mailroom, product and plan configuration, enrollment and billing, adjudication and adjustment, and appeals management solutions; engagement services; and payer clincal services. It also provides network operations suite comprising provider credentialing, provider data management, provider accuracy, and provider forward solutions; healthcare consulting services; sagility synchrony; healthcare payment integrity services; and provider services that includes patient access, clinical denials management, revenue cycle management, patient engagement, and coding solutions. In addition, the company offers member lifecycle management, provider lifecycle management, claims management, clinical utilization and care management, payment integrity, and provider revenue cycle management solutions. The company was formerly known as Sagility India Limited and changed its name to Sagility Limited in August 2025. Sagility Limited was incorporated in 2021 and is based in Bengaluru, India. The company operates as a subsidiary of Sagility B.V.",none,,56.2,65.0,50.0,10.0
PFOCUS.NS,Prime Focus Limited,Communication Services,Entertainment,21832.93,Large,280.35,-2.15,278.78,251.36,46.88,Bearish,Bullish,-7.41,16.72,0.56,93.69,7.73,0.9243,0.122,54.87,4.67,367.0,141.55,-23.61,98.06,-39.93,93.69,44.12,35.49,Bull,Damaged,106,6.0,-12.98,0.01,0.88,Stable,Golden Cross,305,-3.94,14.55,6.71,97.53,118.5,14.4,8.23,"Prime Focus Limited, together with its subsidiaries, provides integrated media services primarily in India, the United Kingdom, the United States, Canada, Australia, and internationally. The company engages in the motion picture, video, and television programme production activities; and business support activities. It also offers creative services, including visual effects, advertising, stereo 2D to 3D conversion, and feature and TV animation; equipment rental services; and post-production services, such as digital intermediate/color grading, audio, and picture post services in the media and entertainment industry. In addition, the company is involved in film investment activities; and provision of digital asset management, music production, content restoration, technology and software, technical, and visual special effects services; as well as operates a training institute. Further, it engages in leasing and renting of real estate properties and allied services. The company offers its services to Hollywood studios, Over-The-Top providers, broadcasters, advertisers, and production houses. The company was incorporated in 1997 and is based in Mumbai, India.",none,,,,,
SHRIPISTON.NS,SPR Auto Technologies Limited,Consumer Cyclical,Auto Parts,21339.54,Large,4600.4,0.05,4311.23,3581.55,58.04,Bearish,Bullish,4.49,35.23,49.74,83.62,56.93,1.2726,1.3598,38.45,3.48,4785.8,2525.8,-3.87,82.14,-20.92,83.62,56.47,55.29,Strong Bull,Recovering,6,6.0,-7.25,1.29,0.75,Falling,Golden Cross,340,7.96,33.05,55.89,87.46,147.3,57.3,2.57,"SPR Auto Technologies Limited manufactures and sells automotive components in India. The company offers pistons, piston pins, piston rings, and engine valves. It also provides cylinder liners; crankshafts; connecting rods; cylinder heads; lubricating oils, fuel, air, cabin, and hydraulic filters; and gaskets, such as copper asbestos copper, aluminium asbestos aluminium, multilayer steel, asbestos steel asbestos, and cylinder head gaskets. In addition, the company offers electric motors and motors controllers, and precision moulded/assembled parts and precision metal moulds. The company also exports its products. The company was formerly known as Shriram Pistons & Rings Limited and change its name to SPR Auto Technologies Limited in March 2026. SPR Auto Technologies Limited was incorporated in 1963 and is headquartered in New Delhi, India.",none,,4850.0,4850.0,4850.0,1.0
PFIZER.NS,Pfizer Limited,Healthcare,Drug Manufacturers - General,21170.22,Large,4627.6,-0.82,4730.37,4730.45,38.67,Bearish,Bearish,-4.82,5.53,-4.25,-8.79,61.84,0.6349,0.122,22.4,2.18,5578.5,4360.1,-17.05,6.14,-20.34,-8.79,7.08,-3.2,Strong Bear,Correcting,231,4.0,-6.66,-0.19,1.12,Stable,Death Cross,0,-1.35,3.35,1.9,-4.95,58.6,72.1,0.81,"Pfizer Limited engages in manufacturing, marketing, trading, and distribution of pharmaceutical products in India and internationally. It offers therapy area and products, such as vaccines, injectables and anti-infectives, inflammation and immunology, and internal medicine for cardiovascular care, oncology, respiratory, multivitamins and multimineral, neuroscience, women's health, gastroenterology, pain management, and nutrition, addressing. The company also offers anti-infectives services to hospitals and nursing homes. It sells its products through a network of independent distributors. Pfizer Limited was incorporated in 1950 and is based in Mumbai, India.",none,,6658.5,7500.0,5815.0,4.0
TENNIND.NS,Tenneco Clean Air India Limited,Consumer Cyclical,Auto Parts,20979.35,Large,519.8,-1.03,555.53,550.48,36.0,Bearish,Bearish,-5.59,-11.76,-5.24,,679.32,1.0581,1.3569,37.38,3.21,657.0,438.05,-20.88,18.66,-20.2,,,,Strong Bear,Damaged,85,5.0,-1.67,-0.14,0.82,Falling,Golden Cross,173,-2.11,-13.93,0.91,,148.1,114.4,1.29,"Tenneco Clean Air India Limited operates as a manufacturer and supplier of clean air and powertrain solutions. The company operates in two segments, clean air and powertrain solutions; and advanced ride technologies. The company designs, manufactures, and sells exhaust aftertreatment systems, such as catalytic converters, mufflers, and exhaust pipes; engine bearings, sealing systems, and ignition products, such as spark plugs and ignition coils; and shock absorbers, struts and dampers, suspension systems, and ride control technologies. Its products are used in passenger vehicles, commercial trucks, off-highway vehicles, industrial and other application, including generator sets, small commercial vehicles, two wheelers and three wheelers. Tenneco Clean Air India. Limited was founded in 1979 and is based in Gurugram, India. Tenneco Clean Air India Limited operates as a subsidiary of Tenneco Mauritius Holdings Limited.",none,,616.75,680.0,472.0,4.0
GRANULES.NS,Granules India Limited,Healthcare,Drug Manufacturers - Specialty & Generic,20610.51,Large,831.75,-0.65,831.42,717.48,45.28,Bearish,Bearish,0.73,5.52,50.35,69.32,-53.47,0.8719,0.137,28.5,2.75,910.0,507.3,-8.6,63.96,-13.19,69.32,40.86,17.16,Strong Bull,Recovering,34,10.0,-1.11,1.77,0.87,Stable,Golden Cross,240,4.2,3.35,56.51,73.16,119.6,32.1,3.73,"Granules India Limited manufactures and sells active pharmaceutical ingredients (APIs), pharmaceutical formulation intermediates (PFIs), finished dosages (FDs), and peptides CDMO in India and internationally. It offers paracetamol, metformin, guaifenesin, ibuprofen, and methocarbamol, as well as prescription and over-the-counter products. The company also develops and manufactures tablets, capsules, press fits, oral solutions, suspensions, and powder for oral solutions. In addition, it provides development and manufacturing solutions for peptides, peptide fragments, and amino acid derivatives. The company offers its products in various therapeutic categories, including antiretroviral, anti-depressant, antihistamine, anti-diabetic, anti-cancer, multiple sclerosis, anti-thrombocytopenia, anti-ulcer, anti-convulsant, mucolytic/expectorant, anti-hypertensive, muscle relaxant, NSAIDs, anti-fibrotic, and anti-microbial, as well as anti-arrhythmic, CNS stimulant, anti-diarrheal, antihypertensive, uterine stimulant, chelating agent, mineral supplements, CNS depressant, PDE inhibitor, antispasmodic, and anti-viral. Granules India Limited was incorporated in 1984 and is headquartered in Hyderabad, India.",none,,919.125,1110.0,588.0,8.0
RAMCOCEM.NS,The Ramco Cements Limited,Basic Materials,Building Materials,20423.93,Large,864.35,-1.26,911.68,955.47,37.18,Bearish,Bearish,-8.37,-1.59,-20.13,-17.2,215.31,1.0007,0.113,25.54,2.99,1214.5,838.3,-28.83,3.11,-29.37,-17.2,0.63,-4.35,Strong Bear,Damaged,146,6.0,-7.84,-0.79,1.08,Stable,Death Cross,111,-4.9,-3.76,-13.98,-13.36,58.2,77.9,0.75,"The Ramco Cements Limited, together with its subsidiaries, manufactures and sells cement and cement-related products in India and internationally. The company offers blended and ordinary Portland cement products; construction chemicals, including waterproofing, tiling and flooring, mortars and wall, and grouts and repair solutions under the Hard Worker brand; and ready-mix concrete. It also provides technical assistance and after-sales support to builders and customers. In addition, the company is involved in the generation of power from windmills; manpower supply; transportation of goods by road; and information technology services. The company's products are used in construction applications for housing projects, apartments and institutions, public infrastructure projects, and industrial projects. The company serves the commercial and private sectors. It sells its products to the Maldives and Myanmar through direct and merchant exports. The company was formerly known as Madras Cements Ltd. and changed its name to The Ramco Cements Limited in July 2013. The Ramco Cements Limited was incorporated in 1957 and is headquartered in Chennai, India.",hold,3.19355,950.9677,1276.0,717.0,31.0
DIACABS.NS,Diamond Power Infrastructure Limited,Industrials,Specialty Industrial Machinery,19790.17,Mid,330.9,-2.85,303.64,213.02,49.06,Bearish,Bullish,4.58,62.52,149.0,135.47,-87.63,1.4946,0.506,46.64,4.94,379.0,115.57,-12.69,186.32,-27.43,135.47,156.97,113.27,Bull,Correcting,13,7.0,-16.26,3.19,0.68,Falling,Golden Cross,95,8.05,60.35,155.16,139.31,192.4,64.2,3.0,"Diamond Power Infrastructure Limited manufactures and sells power transmission equipment. The company provides power cables that includes low voltage, high voltage, extra high voltage cables, control cables, fire-resistant and flame-retardant, medium voltage, instrumentation, communication, marine and offshore, single and multicore, solar DC and EV charging cables. It also offers and transmission and distribution conductors, such as aluminium wire rods, alloy wire rods, aluminium conductors, aluminum alloy conductors, aluminium conductor steel and alloy reinforced, high temperature low sag conductors, specialty conductors for renewable evacuation lines, AL  59, railway overhead, copper rods and wires, traditional overhead, speciality wires, aluminium and alloy rod, new age overhead, MVC conductors; transmission towers; turnkey services. The company also offers its products through distributors in India, as well as exports its products and solutions under the Dicabs brand. In addition, its products are used in industries like infrastructure, oil and gas, transport, power, telecom, real estate, defense, chemicals, metals, technology, manufacturing, renewables, non-metals, cement, agriculture, data centers. The company was formerly known as Diamond Cables Limited. Diamond Power Infrastructure Limited was founded in 1970 and is headquartered in Ahmedabad, India.",none,,,,,
ELGIEQUIP.NS,Elgi Equipments Limited,Industrials,Specialty Industrial Machinery,19442.52,Mid,616.75,-1.93,597.11,552.34,53.57,Bullish,Bullish,4.32,1.53,24.54,30.76,228.94,1.2652,0.093,33.21,2.91,644.0,408.25,-4.23,51.07,-19.26,30.76,8.57,24.2,Strong Bull,Recovering,10,7.0,3.81,0.74,1.29,Rising,Golden Cross,96,7.79,-0.65,30.69,34.61,121.4,80.2,1.51,"Elgi Equipments Limited manufactures and sells air compressors and related parts in India, Europe, Australia, the United States, and internationally. It operates through two segments, Air Compressors and Automotive Equipments. The company offers oil lubricated screw and piston air compressors, oil free piston and screw air compressors, rotary and reciprocating air compressors, diesel and electric portable air compressors, railway air compressors, heat recovery systems, and medical air compressors and vacuum pumps, as well as air accessories; air compressor parts, filters and separators, lubricants and fluids, and service kits, and other accessories; and air compressor service. It is also involved in the trading of air compressors, nitrogen systems, and altitude training systems; manufacture and trading of automotive garage equipment, compressed air systems, and vacuum pumps for medical applications; renting of property; and provision of design services. In addition, the company manufactures and trades compressors, hydraulic hammers, and rampi cars. The company serves manufacturing, textile, agriculture, automotive, and construction industries. Elgi Equipments Limited was incorporated in 1960 and is based in Coimbatore, India.",strong_buy,1.5,690.8,740.0,638.0,5.0
THELEELA.NS,Leela Palaces Hotels & Resorts Limited,Consumer Cyclical,Lodging,19032.26,Mid,569.9,-0.95,509.24,459.79,70.0,Bullish,Bullish,13.96,35.9,28.81,42.67,48.56,0.5982,0.7988,30.55,3.3,582.85,384.5,-2.22,48.22,-16.28,42.67,,,Strong Bull,Recovering,0,7.0,1.99,0.94,0.79,Falling,Golden Cross,53,17.43,33.73,34.96,46.51,79.9,30.0,2.66,"Leela Palaces Hotels & Resorts Limited develops, owns, operates, and manages hotels and resorts under The Leela brand name in India. The company was formerly known as Schloss Bangalore Limited and changed its name to Leela Palaces Hotels & Resorts Limited in September 2025. The company was founded in 1986 and is headquartered in Mumbai, India.",strong_buy,1.33333,602.3333,699.0,540.0,15.0
WELSPUNLIV.NS,Welspun Living Limited,Consumer Cyclical,Textile Manufacturing,18962.15,Mid,200.01,0.81,170.97,148.24,76.81,Bullish,Bullish,24.44,39.82,67.53,80.07,528.81,1.382,0.099,46.11,3.53,201.5,107.1,-0.74,86.75,-27.21,80.07,20.75,7.67,Strong Bull,At High,0,8.0,11.17,1.46,0.82,Falling,Golden Cross,75,27.91,37.65,73.68,83.91,155.8,65.5,2.38,"Welspun Living Limited manufactures and sells home textile products in India and internationally. It operates through two segments, Home Textiles and Flooring. The company offers bedding solutions, including utility and fashion bedding, and bed sheet products; and spunlace, needle punch, and wet wipes. It also provides bath solutions, such as towels, bathrobes, and bathroom rugs, as well as mats, area rugs, and carpets. In addition, the company offers flooring products comprising SPC, and grass tiles, and wall to wall carpets, as well as rugs and artificial grass. Further, it is involved in power generation; home textile product trading; and real estate business. It offers its products under the owned and licensed brands, such as Christy, Spaces, Welspun, Welspun Flooring, SPUN, Welhome, and Martha Stewart. The company was formerly known as Welspun India Limited and changed its name to Welspun Living Limited in September 2023. Welspun Living Limited was incorporated in 1985 and is headquartered in Mumbai, India. Welspun Living Limited is a subsidiary of Welspun Group Master Trust.",strong_buy,1.33333,201.8,229.0,156.0,10.0
PINELABS.NS,Pine Labs Limited,Technology,Software - Infrastructure,18729.43,Mid,162.32,1.52,158.4,181.76,53.06,Bearish,Bullish,7.36,12.36,-6.09,,-4.87,1.19,1.9823,46.54,3.92,284.0,134.73,-42.85,20.48,-45.02,,,,Strong Bear,Damaged,208,3.0,3.24,-0.13,0.88,Stable,Death Cross,206,10.83,10.18,0.07,,53.3,99.0,0.54,"Pine Labs Limited, a technology company, provides digital payments and issuing solutions for merchants, consumer brands and enterprises, and financial institutions in India and internationally. It operates through Digital Infrastructure and Transaction Platform, and Issuing and Acquiring Platform segments. The Digital Infrastructure and Transaction Platform segment provides technology platforms under the brand name of Pinelabs, Mosambee, Benow, Setu, Qfix, and Fave to merchants that enables acceptance of instore or online digital payments. These technology platforms and infrastructure allow merchants to accept debit cards, credit cards, prepaid instruments wallets, QR codes, unified payment interface (UPI), loyalty points, pay later, online fee collection, etc., as well as provide application programming interface (API) modules to customers for building financial products that facilitates bill payments, credit, and savings. It also engages in selling digital checkout points devices. The Issuing and Acquiring Platform segment provides a technology platform to issue, process, and distribute prepaid cards. It also monetizes by charging a processing fee from merchants who are utilizing the technology platform and in the case of distribution. The company was incorporated in 1998 and is based in Noida, India.",strong_buy,1.33333,194.66667,220.0,145.0,9.0
FSL.NS,Firstsource Solutions Limited,Technology,Information Technology Services,18672.07,Mid,270.4,1.65,269.04,273.24,48.28,Bearish,Bearish,-18.23,0.9,24.75,-22.96,-41.34,1.3595,0.188,47.61,3.69,379.7,202.0,-28.79,33.86,-44.42,-22.96,24.61,7.68,Bear,Damaged,248,5.0,-18.53,0.52,1.06,Stable,Death Cross,171,-14.76,-1.28,30.91,-19.12,129.0,147.0,0.88,"Firstsource Solutions Limited provides technology-enabled business process services in Asia, the United Kingdom, the United States, and internationally. The company operates through four segments: Healthcare; Banking and Financial Services; Communications, Media and Technology; and Diverse Industries. It offers core banking, card and digital payments, consumer lending, mortgage, commercial lending, and fraud management; member enrollment, member engagement, digital mailroom, network operations, claims optimization, population health, and data intelligence solutions, as well as business process as a service solution; and patient access, revenue integrity, revenue recovery, and revenue command center solutions. The company also provides customer acquisition, subscriber operations, complaints and dispute management, revenue operations, and collections solutions; customer lifecycle management, community management, and billing operations; and managed engineering, customer support and success, revenue operations, and AI data solutions. In addition, it offers acquire and enroll, fund and pay, learn and engage, support and serve, collect and recover, and credential and place; customer engagement, merchant operations, fulfillment support, customer service and loyalty, and trust and safety; and customer acquisition, meter to cash, emergency services, and revenue operations and collections solutions. The company serves banking and financial services, healthcare, communications, media, technology, retail and digital marketplaces, education technology, and energy and utilities industries. The company was formerly known as ICICI OneSource Limited and changed its name to Firstsource Solutions Limited in November 2006. The company was founded in 2000 and is based in Mumbai, India. Firstsource Solutions Limited operates as a subsidiary of RPSG Ventures Limited.",buy,2.28571,313.14285,375.0,225.0,14.0
GESHIP.NS,The Great Eastern Shipping Company Limited,Industrials,Marine Shipping,18639.68,Mid,1305.6,-1.51,1356.98,1307.43,44.8,Bullish,Bearish,-8.03,-9.86,-1.91,40.83,18.04,0.5981,0.428,34.77,3.2,1798.0,948.4,-27.39,37.66,-25.06,40.83,24.98,35.7,Strong Bear,Damaged,74,9.0,-4.74,-0.05,0.94,Stable,Golden Cross,250,-4.56,-12.03,4.24,44.67,95.4,38.7,2.47,"The Great Eastern Shipping Company Limited, through its subsidiaries, engages in the shipping and offshore businesses in India and internationally. The company is involved in the transportation of crude oil, petroleum products, gas, and dry bulk commodities. It also operates a fleet of 40 vessels comprising 26 tankers, including 5 crude carriers, 17 product carriers, and 4 LPG carriers; and 14 dry bulk carriers comprising 2 capesize, 9 kamsarmax, 2 supramax, and an ultramax with an aggregating 3.20 million dwt. In addition, the company offers offshore oilfield services, which include the ownership and/or operation of offshore supply vessels and mobile offshore drilling rigs. The Great Eastern Shipping Company Limited was incorporated in 1948 and is based in Mumbai, India.",strong_buy,1.0,1866.5,1876.0,1857.0,2.0
RATNAMANI.NS,Ratnamani Metals & Tubes Limited,Basic Materials,Steel,18464.34,Mid,2634.3,1.12,2488.48,2481.22,60.67,Bullish,Bullish,11.44,1.19,10.9,11.26,462.04,0.678,0.34,44.96,4.42,3345.0,1936.5,-21.25,36.03,-27.86,11.26,0.67,13.65,Bull,Damaged,81,5.0,11.04,0.24,1.49,Rising,Golden Cross,0,14.91,-0.99,17.05,15.1,62.2,36.1,1.72,"Ratnamani Metals & Tubes Limited engages in the manufacturing of stainless-steel pipes, tubes, and carbon steel pipes in India and internationally. The company offers stainless steel products, such as heat exchanger tubes, instrumentation seamless tubes, and stainless-steel pipes; nickel alloy seamless heat exchanger tubes; titanium welded tubes; carbon steel products, including ERW pipes and SAW pipes; pipe coating solutions; and spools, induction bends, fittings, hangers, and engineered support systems. It also provides boiler tubes, heat exchanger tubes, instrumentation tubes, coiled tubing, integral low finned tubes, hollow bars, and diameter electric fusion welded SS pipes, as well as carbon steel line and submerged arc welded pipes. In addition, the company is involved in the sale of power generated from windmills. It serves oil and gas, city gas distribution, slurry lines, water transportation, LNG, petrochemicals, thermal power, defense, aerospace, and nuclear and atomic energy industries. The company was incorporated in 1983 and is based in Ahmedabad, India.",strong_buy,1.4,2659.8,2940.0,2384.0,5.0
ECLERX.NS,eClerx Services Limited,Technology,Information Technology Services,18446.47,Mid,2004.5,1.56,1791.31,1750.72,66.27,Bullish,Bullish,4.5,45.32,24.56,-10.8,-51.35,1.2965,0.399,45.99,4.08,2497.5,1320.0,-19.74,51.86,-46.44,-10.8,33.22,21.16,Bull,Correcting,150,7.0,-10.61,0.53,0.72,Falling,Golden Cross,6,7.97,43.15,30.71,-6.96,132.7,119.8,1.11,"eClerx Services Limited provides business process management, change management, data-driven insights, and advanced analytics services in North America, the United Kingdom, rest of Europe, and the Asia Pacific. It offers omnichannel customer support, customer journey mapping, quality monitoring, and field technical operations; digital marketing services, including omnichannel campaigns, creative production, product data management, MarTech enablement, search and media operations, and content and commerce services; and creative and content productions, such as photo/video management, post-production, 3D-CGI, VR/AR, digital workflows, and omnichannel delivery. The company also provides market intelligence services comprising digital shelf analytics, competitor intelligence, pricing intelligence, assortment optimization, product launch, revenue and yield management, and bid management; anti-money laundering, anti-bribery and corruption, fraud detection and prevention, know your customer, compliance monitoring and audits, and regulatory reporting; and data and cloud engineering, customer analytics, sales and marketing analytics, and care and support analytics services. In addition, it offers trade support, client lifecycle, asset servicing, settlements and clearing, lending operations, and data and document management; and procure to pay, order to cash, record to report, and specialty finance accounting, as well as digital transformation, strategic managed, and application development services. The company serves financial services, cable and telecommunications, retail, fashion, media and entertainment, manufacturing, travel and leisure, software, and high-tech industries. eClerx Services Limited was incorporated in 2000 and is based in Mumbai, India.",none,,1913.7,2150.0,1520.0,10.0
FINCABLES.NS,Finolex Cables Limited,Industrials,Electrical Equipment & Parts,18218.13,Mid,1191.2,-4.57,1149.21,1006.56,48.87,Bearish,Bullish,19.93,12.64,33.94,42.78,875.94,1.0008,0.584,41.0,4.26,1374.0,700.8,-13.3,69.98,-19.85,42.78,6.2,18.97,Bull,Correcting,10,6.0,15.72,0.83,1.39,Rising,Golden Cross,95,23.4,10.47,40.09,46.62,106.3,44.1,2.41,"Finolex Cables Limited engages in the manufacture and sale of electrical and communication cables, and other electrical appliances in India and internationally. The company operates through Electrical Cables, Communication Cables, Copper Rods, and Others segments. It offers PVC, flame retardant low smoke, halogen free flame retardant insulated industrial, and 3 core flat cables; communication cables, including CCTV, CAT6 LAN, optic fiber, speaker, RG6 coaxial, telephone, and FinoGreen cables; power and control cables; and agricultural, solar, and automotive cables. The company also provides switches, smart switches, accessories, and mounting boxes; and LED spot downlights, LED battens, and Double and Tri color panels, as well as LED floodlights and lens streetlights. In addition, it offers ceiling, table, wall mounted, pedestal, and exhaust fans; switchgear products, such as miniature and residual current circuit breakers, isolators, auto changeover current limiters, molded case circuit breakers, and distribution boards; instant, storage, and immersion water heaters; conduits and fittings; and smart door locks and switches. Finolex Cables Limited was founded in 1958 and is based in Pune, India.",strong_buy,1.16667,1456.8334,1740.0,1008.0,6.0
SHILPAMED.NS,Shilpa Medicare Limited,Healthcare,Drug Manufacturers - Specialty & Generic,18160.75,Mid,928.55,4.37,728.88,529.79,72.39,Bullish,Bullish,44.04,72.58,194.12,118.63,510.9,0.9036,0.288,40.66,4.05,952.0,259.5,-2.46,257.82,-36.93,118.63,76.76,24.2,Strong Bull,Recovering,1,7.0,19.85,4.77,0.92,Stable,Golden Cross,96,47.51,70.4,200.28,122.47,165.0,45.3,3.64,"Shilpa Medicare Limited offers pharmaceutical ingredients (APIs), finished dosage formulations, biosimilars, and contract development and manufacturing organisation (CDMO) services in India, the United States, Europe, and internationally. The company offers various oncology and non-oncology APIs, such as anastrozole, acebrophylline, ambroxol hydrochloride, axitinib, azacitidine, abiraterone acetate, bendamustine HCL monohydrate, bicalutamide, bortezomib, busulphan, cabazitaxel amorphous, capecitabine, clofarabine, cyclophosphamide, dasatinib, decitabine, dimethyl fumarate, erlotinib HCL, enzalutamide, fingolimod hydrochloride, gemcitabine HCl, ibrutinib, imatinib mesylate, irinotecan HCl trihydrate, lenalidomide, lenvatinib mesylate, letrozole, and melphalan HCL. It also provides nifedipine, oxaliplatin, pazopanib, pemetrexed disodium hemipentahydrate, pemetrexed dipotassium nonahydrate, pirfenidone, pomalidomide, sodium cholesteryl sulfate, sorafenib tosylate, sunitinib malate, temozolomide, teriflunomide, thalidomide, tranexamic and zoledronic acid, phenylephrine, citicholine, palbocicilib, nilotinib, nintedanib, praziquintol, carmustine, elthrombopag olamine, abacavir sulphate, tenofovir disproxyl fumarate API, tenofovir alfanamide, prucalopride succinate, and varenicline tartrate. In addition, the company offers GLP-1; HpAPI; intermediates; peptides; payloads and linkers; biopolymers; microbial and mammalian products; fermentation; small molecules; monoclonal antibodies and recombinant technology; and tablets, capsules, injectables, oral dissolving films, and transdermal patches. Further, it engages in wind power generation activities. The company serves wholesalers, distributors, doctors, pharmacy chain NGOs, hospitals, government institutions, and companies. The company was formerly known as Shilpa Antibiotics Ltd and changed its name to Shilpa Medicare Limited in February 2003. Shilpa Medicare Limited was incorporated in 1987 and is based in Raichur, India.",none,,775.0,870.0,635.0,3.0
TBOTEK.NS,TBO Tek Limited,Consumer Cyclical,Travel Services,18153.28,Mid,1700.0,-1.3,1574.03,1445.27,58.02,Bearish,Bullish,6.04,38.75,48.86,24.91,-38.42,1.2857,0.607,39.55,3.49,1764.8,1004.2,-3.67,69.29,-41.18,24.91,,,Strong Bull,Recovering,1,6.0,-6.88,1.24,0.81,Falling,Golden Cross,35,9.51,36.58,55.02,28.75,116.3,77.5,1.5,"TBO Tek Limited operates travel distribution platforms in India and internationally. It offers an online technology platform which provides its customers with access to book global travel inventory through travel suppliers, such as airlines, hotels, car rentals, transfers, cruises, insurance, rail services, and others. The company's products include hotels, airlines, car rentals, transfers, and rail services. TBO Tek Limited was incorporated in 2006 and is headquartered in Gurugram, India.",strong_buy,1.18182,1875.1818,2200.0,1550.0,11.0
SUNTV.NS,Sun TV Network Limited,Communication Services,Broadcasting,18151.54,Mid,460.6,-0.34,488.0,530.49,34.39,Bearish,Bearish,-7.36,-9.91,-21.37,-13.47,103.28,0.6693,0.145,33.91,2.31,660.7,455.25,-30.29,1.18,-28.67,-13.47,-3.2,-1.39,Strong Bear,Damaged,95,5.0,-4.06,-0.63,0.9,Stable,Death Cross,75,-3.89,-12.08,-15.21,-9.63,54.1,68.7,0.79,"Sun TV Network Limited, together with its subsidiaries, engages in producing and broadcasting satellite television and radio software programming in the regional languages. The company's flagship channel is Sun TV. It also operates various other satellite channels, such as Surya TV, Gemini TV, Udaya TV, SUN Bangla, Sun Neo, and Sun Marathi; 24 frequency modulation radio stations; SunRisers Hyderabad, an Indian Premier League franchise; Sun Risers Eastern Cape, a South Africa Premier League franchise; and SUNNXT, an OTT platform. In addition, the company offers daily newspapers and magazines. It provides entertainment in various genres of general entertainment, movies, music, news, kids, and lifestyle. It operates television channels in Tamil, Telugu, Kannada, Malayalam, Marathi, Hindi, and Bangla languages for viewers in India, Sri Lanka, Singapore, Malaysia, the United Kingdom, rest of Europe, the Middle East, the United States, Australia, South Africa, and Canada. The company was incorporated in 1985 and is based in Chennai, India.",buy,1.63636,633.9091,750.0,530.0,11.0
POLYMED.NS,Poly Medicure Limited,Healthcare,Medical Instruments & Supplies,18080.86,Mid,1783.8,1.56,1695.18,1665.52,57.79,Bearish,Bullish,3.65,25.89,27.82,-13.56,202.43,0.9545,0.008,42.74,3.62,2144.9,1182.0,-16.84,50.91,-42.57,-13.56,7.06,13.5,Bull,Correcting,260,6.0,-4.98,0.65,1.02,Stable,Golden Cross,14,7.12,23.72,33.97,-9.72,71.6,78.6,0.91,"Poly Medicure Limited engages in the manufacture and sale of medical devices in India and internationally. The company offers infusion therapy products, including I.V Infusion set, extension lines, needle free connector, I.V flow regulator extension set, burette set, three way stop cock, vial access spike, transfer spike, orburator, polyflush, maifolds, polyswab, and arterial blood collection; critical care products, including vial access spikes, arterial cannula, mini mid lines over the wire, extension line, enteral connector, central venous catheters, and huber needle; dialysis and renal care products, comprising peritoneal dialysis set, haemocent, standard and safety fistula needle, dialyzer, bloodlines and dialysis system. It also provides cardiology products PTFE wire, inflation device, Y-connector, manifold, introducer, IV Cannula, hydrophilic wire, guiding catheter, drug eluting stent, PTCA balloon dilation catheter, diagnostic catheter, and electrocardiograph electrodes; vaccular access products; oncology products; diagnostics products, including blood collection tubes, safety blood collection set, blood collection needles, and standard needle holder. In addition, the company offers transfusion system products, including blood bags, blood administration set, and others; anesthesia and respiratory care products, comprising variable concentration masks, oxygen mask with reservoirs, fixed concentration masks, aerosol therapy masks, ventilator circuits, suction catheters, spinal needle, polyciser, oxygen catheter, nebulizer compressor system, twin bore nasal oxygen cannula mucus extractor, HME filter, oro-pharyngeal airways, endotracheal tubes, catheter mount, and brain circuit; urology products, including urine collection bags, leg bag set, irrigation sets, and foley balloon and urine drainage catheters; wound drainage; and gastroenterology products. The company was incorporated in 1995 and is based in New Delhi, India.",none,,1824.8334,2240.0,1400.0,6.0
TRITURBINE.NS,Triveni Turbine Limited,Industrials,Specialty Industrial Machinery,17967.62,Mid,565.2,-1.96,602.58,581.06,36.91,Bullish,Bearish,-8.35,-17.43,23.24,9.45,-7.07,0.963,0.543,36.77,3.43,787.6,428.35,-28.24,31.95,-23.51,9.45,14.1,36.82,Bear,Damaged,68,5.0,-2.54,0.63,0.83,Falling,Golden Cross,79,-4.87,-19.61,29.4,13.3,104.1,81.5,1.28,"Triveni Turbine Limited, together with its subsidiaries, manufactures and supplies power generating equipment and solutions in India and internationally. The company offers backpressure and condensing steam turbines for a range of combined heat and power and power generation applications; and American Petroleum Institute single and multi-stage steam turbines for various drive, chemicals, petrochemicals, petroleum refineries, and fertilizer applications. It also provides sustainable modularly arranged pressure-reducing turbines for pressure-reducer desuperheater applications; and carbon dioxide heat pumps and chiller solutions for dairy and food, pulp and paper, automobile, pharmaceuticals, distilleries and breweries, district and commercial heating, textile, marine, and boiler feed water heating and paint chilling applications. In addition, the company offers spares, upgrades, and automation services, as well as service solutions, including preventive maintenance, LTSA/AMC, troubleshooting, restoration, turnkey solutions, OEM services, high-speed balancing, remote monitoring, balance of plant solutions, and training programs; and multi-brand services. Further, it provides manufacturing, servicing, and trading in rotating industrial machinery; and trading and services for steam turbines and parts. Additionally, the company delivers grid-scale energy storage, industrial and commercial heating and cooling, and zero liquid discharge plant solutions. The company also exports its products. Triveni Turbine Limited was formerly known as Triveni Retail Ventures Limited and changed its name to Triveni Turbine Limited in March 2010. The company was founded in 1968 and is headquartered in Noida, India.",none,,686.0,840.0,600.0,9.0
DEEPAKFERT.NS,Deepak Fertilisers And Petrochemicals Corporation Limited,Basic Materials,Chemicals,17902.18,Mid,1416.7,-0.76,1484.16,1366.79,38.38,Bearish,Bearish,-10.8,0.04,51.33,2.15,-49.28,1.6347,0.069,41.11,3.18,1681.0,866.4,-15.72,63.52,-44.81,2.15,39.14,26.4,Bull,Correcting,44,4.0,-10.81,1.25,0.77,Falling,Golden Cross,70,-7.33,-2.13,57.48,5.99,131.6,120.5,1.09,"Deepak Fertilisers And Petrochemicals Corporation Limited engages in the manufacture, trade, and sale of bulk chemicals in India. It operates through the Chemicals, Bulk Fertilisers, and Realty segments. The company offers chemicals, including ammonia, methanol, dilute nitric acid, concentrated nitric acid, carbon dioxide, technical ammonium nitrate, iso-propyl alcohol, propane, and bulk and speciality chemicals; and bulk fertilisers, such as nitro phosphate, mutriate of potash, diammonium phosphateap, ammonium sulphate, mixtures, single super phosphate, sulphur, micronutrients, SSF, and bio fertilisers. It is involved in the real estate business. In addition, the company provides consultancy and value-added services to mining companies. Further, it engages in agriculture produce; brand management, online sale of products, leasing of furniture and home improvement products, and development of an E-Commerce platform; and construction and operations of design centers, shopping malls, complexes, and retailing outlets and other allied activities. Deepak Fertilisers And Petrochemicals Corporation Limited was incorporated in 1979 and is headquartered in Pune, India.",none,,1896.6666,2000.0,1790.0,3.0
EIHOTEL.NS,EIH Limited,Consumer Cyclical,Lodging,17872.91,Mid,285.8,-2.94,309.99,327.01,35.61,Bearish,Bearish,-12.63,-1.66,-8.03,-27.65,2.66,1.0837,-0.272,29.45,2.87,434.8,271.15,-34.27,5.4,-34.58,-27.65,11.94,21.55,Strong Bear,Damaged,256,5.0,-12.08,-0.27,1.12,Stable,Death Cross,183,-9.16,-3.84,-1.87,-23.8,85.4,122.4,0.7,"EIH Limited, together with its subsidiaries, owns and manages hotels and cruisers under the Oberoi, Trident, and Maidens brand names in India and internationally. It is involved in flight catering, airport restaurants, project management and corporate, resorts, and air charters activities. The company also rents investment properties. EIH Limited was incorporated in 1949 and is based in Delhi, India.",none,,350.0,350.0,350.0,1.0
ERIS.NS,Eris Lifesciences Limited,Healthcare,Drug Manufacturers - Specialty & Generic,17862.0,Mid,1288.9,-0.85,1366.83,1412.43,30.72,Bearish,Bearish,-6.13,-5.59,-4.75,-27.71,-22.68,0.5671,-0.04,29.55,2.68,1799.0,1200.0,-28.35,7.41,-29.4,-27.71,16.32,10.92,Strong Bear,Damaged,263,5.0,-4.27,-0.16,0.72,Falling,Death Cross,161,-2.65,-7.76,1.41,-23.87,16.7,52.7,0.32,"Eris Lifesciences Limited, together with its subsidiaries, provides domestic branded formulations for chronic and sub-chronic therapies in India and internationally. The company offers various branded formulations in various therapeutic areas, such as antidiabetes, cardiovascular, nutrition, dermatology, neuroscience, gynecology, nephrology, and oncology, as well as central nervous system, women's health, and vitamins/minerals/nutrients. It also provides patient care services, including ambulatory blood pressure measurement, ambulatory electrocardiogram measurement, continuous glucose monitoring system, sleep study, and anti-natal care solutions. It offers its products through wholesale drug distributors, stockists, retail and e-commerce pharmacies. Eris Lifesciences Limited was incorporated in 2007 and is headquartered in Ahmedabad, India.",none,,1661.2,1780.0,1435.0,10.0
GMDCLTD.NS,Gujarat Mineral Development Corporation Limited,Energy,Thermal Coal,17733.27,Mid,557.65,-0.82,582.98,575.88,41.03,Bearish,Bearish,0.3,-15.22,5.13,31.69,34.39,1.2255,0.349,51.14,2.75,771.9,439.1,-27.76,27.0,-25.84,31.69,51.17,55.68,Strong Bear,Damaged,99,2.0,5.37,0.1,0.94,Stable,Golden Cross,325,3.77,-17.39,11.28,35.54,170.7,107.7,1.58,"Gujarat Mineral Development Corporation Limited engages in mining and mineral processing business in India. The company operates through two segments, Mining and Power. It explores for lignite, bauxite, fluorspar, manganese, silica sand, limestone, bentonite, and ball clay. The company's products used in the textiles, chemicals, ceramics, bricks and captive power. Its products are also used in the electricity and synthetic natural gas generation, agriculture, mining and refining, transportation, hydrofluoric acid, refrigerant gas, flux in metallurgical, tableware, quick and hydrated lime, limestone tile and slab, wall cladding, vanity top, and synthetic foundry moulding catalyst sectors. The company also generates power using thermal, wind, and solar resources. The company has a strategic collaboration with University of Cambridge for the development of an AI-powered rare earth supply chain observatory and a platform that tracks the rare earth elements value chain. Gujarat Mineral Development Corporation Limited was incorporated in 1963 and is based in Ahmedabad, India.",none,,274.0,274.0,274.0,1.0
ONESOURCE.NS,OneSource Specialty Pharma Limited,Healthcare,Biotechnology,17710.08,Mid,1544.4,1.08,1589.32,1628.01,47.04,Bullish,Bearish,0.9,-13.71,15.67,-17.86,-59.73,-0.2121,1.5986,41.69,3.13,1925.0,1057.0,-19.77,46.11,-41.34,-17.86,,,Bear,Correcting,260,7.0,5.47,0.38,0.81,Falling,Death Cross,18,4.37,-15.88,21.82,-14.01,-22.9,-7.7,2.97,"OneSource Specialty Pharma Limited, a biopharmaceutical company, engages in the research, development, manufacture, and commercialization of biological drug products in various injectable formats in India, Ireland, the United States, and internationally. The company provides end-to-end contract development and manufacturing operations (CDMO) services across various phases of preclinical and clinical development and commercial supply of biologics. It also offers drug-devices, including prefilled syringes, dial and push variable and fixed dose pen injectors, pull push fixed dose pens, and autoinjectors; sterile injectables; soft gelatin capsules; and biologics solutions for microbial and mammalian cell line biopharmaceuticals, cell and gene therapy, and RNA products. The company was formerly known as Stelis Biopharma Limited and changed its name to OneSource Specialty Pharma Limited in February 2024. OneSource Specialty Pharma Limited was incorporated in 2007 and is based in Bengaluru, India.",none,,2056.0,2400.0,1676.0,4.0
COHANCE.NS,Cohance Lifesciences Limited,Healthcare,Drug Manufacturers - Specialty & Generic,17534.44,Mid,458.3,-0.37,443.39,497.68,54.49,Bullish,Bullish,7.86,6.31,53.71,-49.03,164.98,0.8288,0.604,51.24,3.83,1038.9,266.7,-55.89,71.84,-72.55,-49.03,-3.47,-3.57,Strong Bear,Damaged,255,4.0,5.76,1.05,1.0,Stable,Death Cross,315,11.33,4.14,59.87,-45.19,41.2,110.0,0.37,"Cohance Lifesciences Limited engages in the contract research, development, and manufacturing of new chemical entity (NCE) based intermediates, active pharmaceutical ingredients (API), specialty chemicals, and formulated drugs in India, the United States, Europe, and internationally. The company offers small molecule APIs, advanced intermediates, and starting materials; antibody drug conjugates; high-purity oligonucleotide building blocks comprising phosphoramidites, nucleosides, pseudouridine, NTPs, CAP reagents, GalNAc conjugates, and fluorescent dyes; pellets and finished dosage forms (FDE); packaging and clinical trial support services; and specialty chemicals, including agrochemicals. It serves pharmaceutical, biotechnology, and chemical companies. The company was formerly known as Suven Pharmaceuticals Limited and changed its name to Cohance Lifesciences Limited in May 2025. The company was founded in 1989 and is headquartered in Hyderabad, India. Cohance Lifesciences Limited is a subsidiary of Berhyanda Limited.",none,,508.33334,1150.0,315.0,9.0
SAMMAANCAP.NS,Sammaan Capital Limited,Financial Services,Mortgage Finance,17495.65,Mid,152.31,3.51,157.79,155.09,46.22,Bullish,Bearish,-4.97,-17.35,7.07,21.43,20.71,1.0406,0.606,40.56,3.35,192.95,129.0,-21.06,18.07,-31.55,21.43,3.59,-9.4,Strong Bear,Damaged,216,4.0,0.81,0.17,1.03,Stable,Golden Cross,74,-1.5,-19.52,13.23,25.27,96.6,51.7,1.87,"Sammaan Capital Limited, together with its subsidiaries, operates as a non-banking financial company in India. It is involved in the business of providing finance, as well as undertakes lending and finance to persons, co-operative society, association of persons, body of individuals, companies, institutions, and firms; builders, developers, contractors, and tenants; construction, erection, building, repair, remodeling, development, improvement, purchase of houses, apartments, flats, bungalows, rooms, huts, townships, and other buildings; finance to equip amenities or conveniences, drainage facility, electric, telephonic, television, and other installations; and for purchase free hold or lease hold lands, estate or interest in property. The company was formerly known as Indiabulls Housing Finance Limited and changed its name to Sammaan Capital Limited in May 2024. Sammaan Capital Limited is based in Mumbai, India.",none,,,,,
SARDAEN.NS,Sarda Energy & Minerals Limited,Basic Materials,Steel,17303.68,Mid,491.05,-1.21,509.43,515.37,39.69,Bearish,Bullish,-3.23,-9.81,-5.46,-18.01,484.6,0.7819,0.541,33.2,2.54,639.75,453.1,-23.24,8.38,-26.15,-18.01,37.26,44.19,Strong Bear,Damaged,251,4.0,0.04,-0.16,1.26,Rising,Death Cross,35,0.24,-11.98,0.69,-14.17,69.3,83.1,0.83,"Sarda Energy & Minerals Limited produces and sells steel products in India and internationally. The company product portfolio includes pellets, sponge iron, steel billets and wire rods, ferro alloys, eco-bricks, and HB wires. It is also involved in coal and iron ore mining, as well as operation of hydro, thermal, and solar power plants. Sarda Energy & Minerals Limited was incorporated in 1973 and is headquartered in Raipur, India.",none,,,,,
OLAELEC.NS,Ola Electric Mobility Limited,Consumer Cyclical,Auto Manufacturers,17224.02,Mid,38.98,-3.78,39.19,39.91,49.88,Bullish,Bearish,1.06,-13.15,58.13,-37.61,23.68,1.2125,1.353,58.52,4.47,71.25,22.25,-45.29,75.19,-66.95,-37.61,,,Strong Bear,Damaged,260,4.0,5.44,0.99,0.98,Stable,Death Cross,30,4.53,-15.32,64.29,-33.77,97.1,97.5,1.0,"Ola Electric Mobility Limited develops, manufactures, and sells electric vehicles in India. It operates through the Automotive and Cell segments. The company provides electric scooters; and electric vehicle components, such as battery packs, motors and vehicle frames, and cells. It also offers charging solutions, as well as operates service centers. Ola Electric Mobility Limited was incorporated in 2017 and is based in Bengaluru, India.",none,,29.875,40.0,20.0,8.0
DEVYANI.NS,Devyani International Limited,Consumer Cyclical,Restaurants,17023.2,Mid,138.07,-0.45,129.57,128.48,53.21,Bearish,Bullish,15.3,22.05,16.34,-21.17,62.44,1.2305,0.316,39.03,3.88,191.0,91.55,-27.71,50.81,-49.93,-21.17,-11.25,,Bull,Damaged,254,5.0,7.95,0.42,1.33,Rising,Golden Cross,3,18.77,19.87,22.49,-17.33,100.9,112.9,0.89,"Devyani International Limited develops, manages, and operates quick service restaurants and food courts in India, Nepal, Nigeria, Thailand, and internationally. It operates outlets under the KFC, Pizza Hut, Costa Coffee, Vaango and other brands. The company serves retail consumers for quick service food and beverages through dine in, takeaway, and delivery channels. The company was incorporated in 1991 and is based in Gurugram, India. Devyani International Limited operates as a subsidiary of RJ Corp Limited.",buy,1.56522,153.47826,190.0,123.0,23.0
ZYDUSWELL.NS,Zydus Wellness Limited,Consumer Defensive,Packaged Foods,17008.87,Mid,534.6,1.1,530.66,490.83,52.82,Bullish,Bearish,-2.84,6.16,42.05,20.77,-38.43,0.606,-0.095,38.84,3.03,611.85,367.55,-12.63,45.45,-28.76,20.77,20.95,3.88,Bull,Correcting,31,7.0,-4.89,1.08,0.7,Falling,Golden Cross,106,0.64,3.98,48.2,24.61,107.6,53.8,2.0,"Zydus Wellness Limited engages in the development, production, marketing, and distribution of health and wellness products in Asia, the Middle East, Africa, the Oceania, Europe, and North America. It provides glucose powder under the Glucon-D brand; sugar substitute products under the Sugar Free Gold+, Sugar Free Natura, Sugar Free Green, and I'm lite brands; Milk-based nutrition drink products under the Complan brand; table spreads under the Nutralite brand; skin cleansing products under the Everyuth brand; hair color products under the Cuticolor brand; heat powder under the Nycil brand; and healthy eating products, such as snack bars, protein bars, breakfast cookies, and protein chips under the RiteBite brand. The company also offers plant-based supplements, vitamins and minerals, collagens, omegas, probiotics, and micronutrients for adults under the WeightWorld brand; health and wellness products, including multivitamin and vitamin D3 gummies, mushroom-based supplements, and other superfood supplements under the MaxMedix brand; and food supplements for dogs and cats under the Animigo brand. The company was formerly known as Carnation Nutra-Analogue Foods Limited and changed its name to Zydus Wellness Limited in January 2009. The company was founded in 1988 and is headquartered in Ahmedabad, India. Zydus Wellness Limited operates as a subsidiary of Zydus Lifesciences Limited.",none,,614.4286,665.0,570.0,7.0
VTL.NS,Vardhman Textiles Limited,Consumer Cyclical,Textile Manufacturing,17005.26,Mid,587.45,-2.47,601.71,556.63,45.8,Bullish,Bearish,-0.94,-6.17,10.08,43.29,347.48,0.5555,0.213,32.38,3.34,688.0,385.5,-14.61,52.39,-13.41,43.29,21.46,10.72,Bull,Correcting,43,7.0,1.12,0.31,0.97,Stable,Golden Cross,145,2.53,-8.35,16.23,47.13,93.4,33.2,2.81,"Vardhman Textiles Limited, together with its subsidiaries, manufactures and sells cotton and synthetic yarn, woven fabrics, and garments in India and internationally. It operates through Textiles and Fibre segments. The company offers greige and dyed yarns in cotton, polyester, acrylic, and various blends; specialty yarns, such as organic cotton, melange, core-spun, gassed mercerised, and super-fine variants, as well as recycle cotton, linen and hemp blended, low pill, sustainable and performance, easy care stretchable, sustainable blended and slub, textured slub, cloud soft, and linen-luxe yarns; fabrics, such as piece dyed, yarn dyed, printed, fiber blends, weaved, and specialty finishes; acrylic fibers; and formal and casual shirts, including post cure and taped shirts. It is also involved in lending and investing activities. In addition, the company provides hot rolled bars, and special and alloy steel products, including carbon steel, case hardening steel, hardening steel, and other products for the automotive, engineering, bearing, and allied industries. It exports its products. The company was formerly known as Mahavir Spinning Mills Limited and changed its name to Vardhman Textiles Limited in September 2006. Vardhman Textiles Limited was founded in 1965 and is headquartered in Ludhiana, India.",none,,611.6667,682.0,431.0,6.0
TRAVELFOOD.NS,Travel Food Services Limited,Consumer Cyclical,Restaurants,16769.38,Mid,1273.5,0.24,1310.93,1255.68,40.21,Bearish,Bullish,-6.78,-0.8,10.03,1.56,628.72,0.6251,-0.0264,29.76,3.91,1470.9,1035.3,-13.42,23.01,-24.85,1.56,,,Bull,Correcting,18,4.0,-6.51,0.34,1.17,Rising,Golden Cross,68,-3.31,-2.98,16.18,5.4,63.6,50.5,1.26,"Travel Food Services Limited, together with its subsidiaries, manages and operates travel quick service restaurant outlets and lounges in India and internationally. The company engages in the operation of fast foods, cafes, bakeries, restaurants, and bars, as well as airport lounges. It is also involved in the development and management of technology infrastructure and related services for airport operations; provision of food, beverage, and hospitality services; consultancy services; and investment in commercial enterprises, as well as management activities. The company was incorporated in 2007 and is based in Mumbai, India. Travel Food Services Limited operates as a subsidiary of Ssp Asia Pacific Holdings Limited.",strong_buy,1.25,1573.25,1770.0,1365.0,4.0
GRWRHITECH.NS,Garware Hi-Tech Films Limited,Basic Materials,Specialty Chemicals,16733.13,Mid,7202.5,-0.1,6880.68,5401.98,54.78,Bearish,Bullish,-1.69,22.22,80.6,160.57,93.06,1.6639,0.754,53.96,3.17,7990.0,2690.7,-9.86,167.68,-35.13,160.57,100.99,,Strong Bull,Recovering,20,8.0,-9.1,1.49,0.95,Stable,Golden Cross,144,1.78,20.05,86.75,164.42,255.4,104.4,2.45,"Garware Hi-Tech Films Limited manufactures and sells polyester films in India, the United States, and internationally. The company offers paint protection and sun control films. It also offers defendo-dual reflective, spectrally selective, deco vista, safety, designer, privacy, reflective, IR rejection, writable, antigraffity, and whiteboard films, as well as HP films. In addition, the company provides lidding, liner release, metallized, lamination, packaging, shrink, thermal, heat sealable, graphic, and electrical films, as well as insulation and low oligomer films. Its products are used in automobiles, buildings, label, electric motor insulation and cable insulation, sealed compressors motors, sequin application films, TV and LCD screen, packaging, and other applications. The company was formerly known as Garware Polyester Limited and changed its name to Garware Hi-Tech Films Limited in April 2021. Garware Hi-Tech Films Limited was founded in 1933 and is based in Mumbai, India.",none,,,,,
ZENTEC.NS,Zen Technologies Limited,Industrials,Aerospace & Defense,16451.32,Mid,1829.1,2.72,1791.45,1643.22,51.41,Bearish,Bullish,8.71,0.81,30.12,21.6,10.62,0.8789,0.068,37.66,3.47,2043.7,1223.0,-10.5,49.56,-24.25,21.6,30.43,81.61,Bull,Correcting,53,6.0,8.44,0.8,1.0,Stable,Golden Cross,94,12.18,-1.36,36.28,25.44,131.8,94.3,1.4,"Zen Technologies Limited, together with its subsidiaries, engages in the design, development, manufacture, and sale of training simulators in India and internationally. The company provides anti-drone systems; training and simulation live ranges, comprising smart and multi-functional target systems, tank targets, master control station for live-firing ranges, air-to-ground firing range scoring system, containerized tubular and indoor shooting range, shoot house for live and simulated indoor tactical training, special purpose adapter for hand guns, cornershot weapon system, tank zeroing system, and containerized small arms firing range; armour combat training, indoor tracking, hand grenade simulator, and tactical engagement simulation systems; advanced weapon, medium machine gun, automatic grenade launcher, mortar integrated and carrier mortar tracked integrated, anti-tank guided missile, combat and infantry weapons training, artillery forward observers, integrated air defence, UAV mission, rotary wing, infantry combat vehicle driving, crew gunnery, gunnery, driving, BMP II integrated missile, driving training, automated driving, and bus and tatra driving simulators; and driving aptitude testing system. It serves police, paramilitary, armed, and security forces; government departments comprising transport, mining, and infrastructure; and the civilian markets. Zen Technologies Limited was incorporated in 1993 and is headquartered in Hyderabad, India.",none,,1822.5,2170.0,1600.0,6.0
THANGAMAYL.NS,Thangamayil Jewellery Limited,Consumer Cyclical,Luxury Goods,16280.76,Mid,5238.0,-1.38,5517.63,4464.84,40.87,Bullish,Bearish,11.03,-1.85,45.71,134.26,-53.5,0.7194,0.569,59.91,4.39,7430.0,1939.5,-29.5,170.07,-35.46,134.26,69.52,62.84,Bull,Damaged,26,8.0,11.65,0.76,0.48,Falling,Golden Cross,374,14.5,-4.03,51.87,138.11,90.5,-50.1,-1.81,"Thangamayil Jewellery Limited operates a chain of retail jewelry stores in India. The company offers gold, diamond, silver, precious stones, and platinum jewelries, as well as silver articles and gold coins. It also involved in the manufacture and sale of jewelry, and other accessories and products. In addition, it offers gold saving schemes. The company provides its products through online. Thangamayil Jewellery Limited was founded in 1947 and is headquartered in Madurai, India.",none,,6557.0,6856.0,6355.0,3.0
PARADEEP.NS,Paradeep Phosphates Limited,Basic Materials,Agricultural Inputs,16220.65,Mid,156.19,-0.84,146.69,140.44,55.77,Bullish,Bullish,7.76,22.43,42.8,-31.56,-52.18,0.9782,-0.094,43.38,3.46,216.0,99.7,-27.69,56.66,-51.51,-31.56,36.09,,Bull,Damaged,260,5.0,0.28,0.99,0.89,Stable,Golden Cross,20,11.23,20.25,48.95,-27.72,57.9,90.5,0.64,"Paradeep Phosphates Limited manufactures, trades, distributes, and sells urea and complex fertilizers in India. It sells its products through dealers and retailers under the Navratna and Jai Kisaan and Mangala brand names. The company offers di-ammonium phosphate; nitrogen, phosphorus, and potassium fertilizers; muriate of potash; triple super phosphate; zypmite; phospho-gypsum; sulphuric acid; hydrofluorosilicic acid; and ammonia; as well as sulphur and zinc. It sells its products through dealers and retailers under the Navratna and Jai Kisaan and Mangala brand names. Paradeep Phosphates Limited was incorporated in 1981 and is based in Bengaluru, India. The company operates as a subsidiary of Zuari Maroc Phosphates Private Limited.",none,,154.33333,170.0,135.0,3.0
PGEL.NS,PG Electroplast Limited,Technology,Electronic Components,16215.71,Mid,566.0,-0.68,583.6,573.03,36.38,Bearish,Bullish,-7.52,16.62,-4.55,2.04,-8.92,1.8303,-0.142,42.14,2.94,644.4,436.55,-12.17,29.65,-30.12,2.04,52.17,70.97,Strong Bear,Correcting,18,6.0,-13.06,-0.11,0.7,Falling,Golden Cross,20,-4.05,14.44,1.61,5.88,197.0,180.3,1.09,"PG Electroplast Limited provides electronic manufacturing services for original equipment manufacturers in India and internationally. The company manufactures and/or assembles various consumer electronic components and finished products, such as kitchen appliances, air conditioners sub-assemblies, air cooler, washing machines, mobile handsets, and LEDs for third parties. It also offers automotive components; printed circuit board assemblies; LED televisions; bathroom fittings; and consumer electronics components. In addition, the company provides plastic moulding and other component, as well as engages in sheet metal parts and advanced tool manufacturing. PG Electroplast Limited was founded in 1977 and is based in Greater Noida, India.",none,,690.5,780.0,559.0,10.0
TATACHEM.NS,Tata Chemicals Limited,Basic Materials,Chemicals,16150.27,Mid,633.95,0.06,672.08,727.66,37.37,Bullish,Bearish,-5.14,-10.51,-9.04,-31.51,77.92,0.7034,0.586,28.55,2.55,1026.65,580.3,-38.25,9.25,-41.97,-31.51,-12.98,-2.48,Strong Bear,Damaged,250,1.0,-1.64,-0.32,0.87,Stable,Death Cross,230,-1.67,-12.68,-2.89,-27.67,39.0,82.4,0.47,"Tata Chemicals Limited, together with its subsidiaries, manufactures, markets, sells, and distributes basic chemistry and specialty products in India, Asia, Africa, Europe, the United Kingdom, the Americas, and internationally. It operates through two segments, Basic Chemistry Products and Specialty Products. The company offers dense, heavy, high purity, industrial grade, and light soda ash; allied chemicals, such as caustic soda, chlorine and bromine-based products, and gypsum; sodium bicarbonate; sodium chloride; calcium chloride; crushed refined soda; standard ash Magadi; natural and synthetic light soda ash; crex; energy; ordinary Portland and masonry cement under the Tata Shudh brand name; and livestock and dry industrial salt. It also provides nano zinc oxide and silica; prebiotics and dietary fibers; herbicides, insecticides, fungicides, bio-fertilizers, bio-stimulants, micronutrients, organic fertilizers, water-soluble fertilizers, bio-pesticides, and seeds; and energy storage solutions. The company's products are used in various applications, such as agriculture; animal nutrition; chemicals; construction; food and nutrition; glass; high performance rubber; metals; oral care and cosmetics; paints, inks, and adhesives; pharmaceuticals; safety and environment; soaps and detergents; textiles and leather; lithium-ion, dry cell, and other batteries; and others. Tata Chemicals Limited was founded in 1927 and is headquartered in Mumbai, India.",none,,700.6667,815.0,566.0,9.0
EMAMILTD.NS,Emami Limited,Consumer Defensive,Household & Personal Products,16065.38,Mid,368.05,-2.28,401.53,444.57,34.31,Bearish,Bearish,-6.06,-4.35,-19.99,-35.53,73.17,0.7237,0.156,25.27,3.18,618.0,361.15,-40.44,1.91,-39.69,-35.53,-9.06,-6.51,Strong Bear,Damaged,259,4.0,-4.61,-0.79,1.04,Stable,Death Cross,439,-2.59,-6.53,-13.84,-31.68,54.4,105.2,0.52,"Emami Limited, together with its subsidiaries, manufactures and markets personal and healthcare products in India and internationally. The company offers antiseptic creams, body lotions, soaps, aloe vera gels, petroleum jellies, prickly heat powders, and all-season creams under the BoroPlus brand; cool oils and talcs under the Navratna brand; ayurvedic products for pain management, immunity, digestive health, and bone and joint health, as well as pain balms, healthcare, generics, and ethical products under the Zandu brand; ayurvedic medicinal oils, shampoos, and conditioners under the Kesh King brand; and brightening creams, brightening face washes, and oil clear face washes for men under the Smart And Handsome brand. It also provides pain balms under the Emami Mentho Plus brand; light hair oils under the Emami 7 Oils in One brand; prickly heat powders and sprays, soaps, and shower gels under the Dermicool brand; German skincare products under the Creme 21 brand; deodorants, eau de toilettes, shampoos, face and body washes, and shower gels under the HE brand; body sprays and perfumes, as well as face, hair, body, beard, and shaving products under The Man Company brand; and face serums, oil shots, powder face washes, and hair and pure oils under the Brillare brand. In addition, the company offers brightening creams under the Emami Pure Glow brand; cold creams under the Emami Malai Kesar Cold Cream brand; talcs under the Emami Golden Beauty Talc brand; fairness creams under the Emami Naturally Fair brand; hair colors under the Emami Diamond Shine brand; ayurvedic and science-led personalized hair and skin products under the Vedix brand; and aloe-based fruit beverages under the Alo Frut brand. It exports its products. The company was founded in 1974 and is headquartered in Kolkata, India.",none,,524.4091,640.0,404.0,22.0
SYNGENE.NS,Syngene International Limited,Healthcare,Diagnostics & Research,16043.78,Mid,398.6,-0.86,412.81,476.48,44.31,Bullish,Bearish,-2.83,-7.95,-0.24,-37.07,-57.46,0.8516,0.07,31.86,2.69,678.95,375.25,-41.29,6.22,-42.31,-37.07,-20.35,-8.56,Strong Bear,Damaged,251,4.0,-0.18,-0.01,0.92,Stable,Death Cross,405,0.64,-10.12,5.91,-33.22,42.6,100.3,0.42,"Syngene International Limited, a contract research and manufacturing company, provides drug discovery and development services in India, the United States of America, Europe, and internationally. The company provides discovery chemistry services, such as synthetic and medicinal chemistry, library and peptide synthesis, biomolecular science, organic electronic materials, and computational and analytical chemistry; discovery biology services in the areas of recombinant DNA engineering, cell line development, hybridoma technology, sequencing, protein sciences, screening and assay biology, DMPK, in vivo pharmacology, toxicology, and biologicals; and chemical, formulation, analytical, and clinical development services. It provides lead generation, preclinical development, API, and drug product development services; and clinical trial management, pharmacokinetic analysis/bioanalytical studies, biometrics and clinical data management, central lab, regulatory, medical monitoring, pharmacovigilance, and medical writing services. In addition, the company offers chemistry, biology, safety assessment, computational, and data sciences for traditional small molecule therapeutics; biologics; and specialty modalities, such as peptides, oligonucleotides, antibody-drug conjugates, and targeted degradation/stabilization. It serves pharmaceutical, biotechnology, animal health, nutrition, consumer goods, agrochemical, performance and specialty materials, and other companies. The company has collaborations with Bristol-Myers Squibb, Baxter Inc., and Amgen Inc. The company was incorporated in 1993 and is headquartered in Bengaluru, India. Syngene International Limited is a subsidiary of Biocon Limited.",none,,501.875,735.0,340.0,8.0
PSB.NS,Punjab & Sind Bank,Financial Services,Banks - Regional,16021.83,Mid,22.58,0.0,23.63,25.58,31.96,Bearish,Bearish,-5.4,-3.12,-8.06,-18.71,-30.47,1.4723,0.493,29.74,2.05,32.46,20.5,-30.44,10.15,-35.15,-18.71,-11.96,4.51,Strong Bear,Damaged,216,4.0,-4.36,-0.27,0.54,Falling,Death Cross,484,-1.93,-5.3,-1.9,-14.87,128.4,146.7,0.88,"Punjab & Sind Bank provides various banking and financial products and services in India. It offers deposit products, including saving accounts, current accounts, salary, fixed deposits. The company also provides loans, such as home, auto, education, commercial vehicle, personal, doctor, mortgage, vyapar, e-vahan, gold, mudra, MSME, and agri loans; and SME liquid plus and contractor plus products, as well as sukhmoney for senior citizens, SB OD and central sector interest subsidiary schemes, roof solar top solar finance, and debt restructuring services. In addition, it offers locker facility and government schemes; life, general, and health insurance services; digital banking services comprising internet and mobile banking, SMS banking, Aadhaar seeding and pay, point of sale, unified payment interface, BBPS, IMPS/USSD, RTGS/NEFT, ATM/debit cards, and online payment; international banking services, including NRI schemes, export/import services, forex treasury, residential facilities, and gold card scheme; and social banking services. The company was incorporated in 1908 and is headquartered in New Delhi, India.",none,,,,,
DCMSHRIRAM.NS,DCM Shriram Limited,Industrials,Conglomerates,15919.07,Mid,1028.0,-0.23,1038.21,1091.09,47.87,Bearish,Bearish,0.13,0.39,1.77,-16.35,-40.77,0.8069,-0.375,31.95,3.06,1414.4,945.1,-27.32,8.77,-29.7,-16.35,6.19,3.05,Bear,Damaged,250,6.0,0.0,0.06,1.09,Stable,Death Cross,75,3.6,-1.78,7.92,-12.5,78.6,91.7,0.86,"DCM Shriram Limited, together with its subsidiaries, engages in agri-rural, chemicals and vinyl, and value added businesses in India and internationally. It operates through Chemicals and Vinyl, Sugar and Ethanol, Fenesta Building System, Shriram Farm solutions, Fertiliser, Bioseed, and Others segments. The company manufactures poly-vinyl chloride, PVC compounds, carbide, and chlor alkali products; sodium hydroxide, chlorine, hydrogen, sodium hypochlorite, hydrochloric acid, caustic soda, caustic, lye and urea, calcium carbide, aluminium chloride, bleaching powder, and UPVC and aluminium doors and windows; and sugar and ethanol. It is also involved in co-generation and sale of power; provision of plant nutrients, seeds, and pesticides; production of hybrid seeds; offers cement, rural retail, and plaster of paris; operates fuel outlets. The company was incorporated in 1989 and is based in New Delhi, India. DCM Shriram Limited operates as a subsidiary of Sumant Investments Pvt Ltd.",none,,,,,
GPIL.NS,Godawari Power & Ispat Limited,Basic Materials,Steel,15574.65,Mid,239.39,-1.65,249.04,255.05,44.95,Bullish,Bullish,-1.77,-14.21,-2.76,0.46,56.68,0.9765,0.728,35.91,3.34,320.0,221.21,-25.19,8.22,-25.13,0.46,-25.27,-9.13,Strong Bear,Damaged,75,6.0,2.97,-0.08,1.35,Rising,Death Cross,21,1.7,-16.39,3.39,4.31,101.7,90.2,1.13,"Godawari Power & Ispat Limited, together with its subsidiaries, engages in the mining of iron ores in India. It manufactures and sells iron ore pellets, sponge iron, steel billets, MS rounds, wire rods, HB wires, and ferro alloys with generation of electricity, as well as ferro and silico manganese, galvanized fabricated products, and rolled structural products. The company was formerly known as Ispat Godawari Ltd. Godawari Power & Ispat Limited was incorporated in 1999 and is based in Raipur, India.",none,,290.0,290.0,290.0,1.0
ENGINERSIN.NS,Engineers India Limited,Industrials,Engineering & Construction,15546.09,Mid,276.6,-1.23,242.65,224.67,70.43,Bullish,Bullish,22.99,16.33,37.55,39.27,326.63,1.4285,0.92,42.32,3.54,289.65,163.55,-4.51,69.12,-21.57,39.27,24.95,33.35,Strong Bull,Recovering,0,7.0,17.55,0.89,1.07,Stable,Golden Cross,105,26.46,14.15,43.71,43.12,166.7,98.6,1.69,"Engineers India Limited, an engineering consultancy company, provides design, engineering, procurement, construction, and integrated project management services for oil, gas, fertilizers, steel, railways, power, infrastructure, and petrochemical industries worldwide. The company operates through two segments, Consultancy & Engineering Projects, and Turnkey Projects. It offers supply chain management services, such as supplier/contractor registration, contracting and purchase of goods/services/works, expediting, inspection, and supplier/contractor performance review; and develops process technologies for various industries. In addition, the company provides construction services comprising pre-construction activities, including bid management process, plot plan review/heavy lift study, etc.; and construction services comprising site construction management, liaison with statutory authorities, construction quality and warehouse management, HSE management, contracts administration, pre commissioning and commissioning assistance, and contract and site closing services. Further, it offers heat and mass transfer equipment design, environment engineering, specialist materials and maintenance, specialist materials, and maintenance services and plant operations and safety services; and pre-feed and feed engineering services for a range of processes in the hydrocarbon processing industry. Additionally, the company provides project management, third party inspection, quality assurance, independent engineer and lender's engineer services, and project appraisal and project execution services. It also offers certification, recertification, third party inspection, safety audits for offshore and onshore oil and gas facilities and other qualitative sensitive sectors of the industry. Engineers India Limited was incorporated in 1965 and is headquartered in New Delhi, India.",strong_buy,1.33333,287.33334,310.0,240.0,6.0
FIVESTAR.NS,Five-Star Business Finance Limited,Financial Services,Credit Services,15492.94,Mid,524.85,-2.46,525.29,515.53,46.75,Bullish,Bearish,-3.65,20.62,29.17,-3.36,-37.11,1.2826,0.584,39.84,3.33,666.0,338.15,-21.19,55.21,-47.38,-3.36,-13.26,,Bear,Damaged,216,4.0,-10.52,0.73,0.83,Falling,Golden Cross,25,-0.18,18.45,35.32,0.49,101.4,98.4,1.03,"Five-Star Business Finance Limited operates as a non-banking financial company in India. The company offers business and other loans to small business owners and self-employed individuals, as well as for other purposes such as business expansion, home renovation/improvement and other mortgage purposes, including marriage, education, emergency. It also provides mortgage loans. Five-Star Business Finance Limited was incorporated in 1984 and is headquartered in Chennai, India.",none,,663.0,726.0,566.0,9.0
USHAMART.NS,Usha Martin Limited,Basic Materials,Steel,15268.72,Mid,501.6,0.4,493.63,457.83,53.4,Bullish,Bullish,0.35,-1.51,22.1,30.08,23.48,1.1082,0.278,33.4,2.7,527.5,374.0,-4.91,34.12,-19.57,30.08,16.58,50.25,Strong Bull,Recovering,20,7.0,0.85,0.66,0.85,Stable,Golden Cross,296,3.82,-3.68,28.25,33.92,112.5,66.1,1.7,"Usha Martin Limited, together with its subsidiaries, manufactures and sells steel wires, strands, wire ropes, wire drawing and allied machine, cord, and related accessories in India and internationally. The company offers wire ropes, including crane, mining, elevator, oil and offshore, fishing, general engineering, aerial transportation, structural, and forestry ropes, as well as conveyor cords. It also provides spring, welding, fencing, ACSR, needle, mesh, fishhook, CHQ, spoke, and brush wires; LRPC strands comprising compacted, indented, un-bonded polymer coated, and bonded polymer LRPC strands; and wire drawing, tabular stranding, planetary stranding, bunching, and wire treatment machines. In addition, the company offers pre-tensioning, and post-tensioning solutions; prestressing solutions; and optical fiber, aerial cables, micro ducts, hybrid category, FTTH/drop, aerial copper, duct copper, and jelly filled copper cables. It serves engineering, construction, infrastructure and structural, oil and offshore, crane, auto, elevator, utilities, mining, and fishing industries. The company was formerly known as Usha Beltron Limited and changed its name to Usha Martin Limited in May 2003. The company was founded in 1960 and is based in Kolkata, India.",none,,603.0,615.0,594.0,3.0
VIJAYA.NS,Vijaya Diagnostic Centre Limited,Healthcare,Diagnostics & Research,15254.99,Mid,1481.1,-1.19,1404.5,1213.81,55.99,Bearish,Bullish,6.93,7.92,57.28,46.96,32.88,0.525,0.341,31.65,3.21,1573.0,848.0,-5.84,74.66,-22.2,46.96,46.05,,Strong Bull,Recovering,1,7.0,4.29,1.81,1.05,Stable,Golden Cross,89,10.4,5.75,63.43,50.81,75.6,17.5,4.32,"Vijaya Diagnostic Centre Limited provides diagnostic services for patients in India. The company offers laboratory services, including clinical pathology, microbiology, haematology, serology, histopathology, cytogenetics, biochemistry, and molecular diagnostics; radiology services, such as CT scan, magnetic resonance imaging (MRI) scan, ultrasound, X-ray, cardiology, and gastroenterology; and advance radiology service comprising nuclear medicine, positron emission tomography CT, and MRI-3T services. It also provides health checkups and home sample collection services, as well as test services. Vijaya Diagnostic Centre Limited was founded in 1981 and is based in Hyderabad, India.",none,,1530.3,1700.0,1300.0,10.0
CONCORDBIO.NS,Concord Biotech Limited,Healthcare,Biotechnology,15114.95,Mid,1444.8,-2.66,1398.22,1335.33,48.61,Bearish,Bullish,1.75,20.13,21.0,-13.24,21.0,0.982,0.355,40.23,3.66,1730.0,987.0,-16.49,46.38,-40.27,-13.24,,,Bull,Correcting,260,5.0,-4.96,0.52,1.04,Stable,Golden Cross,14,5.22,17.96,27.15,-9.4,114.2,119.8,0.95,"Concord Biotech Limited, a, biopharma company, engages in the research and development, manufacture, and sale of pharmaceutical products in India and internationally. It operates through Active Pharmaceutical Ingredients (APIs) and Formulations segments. The company provides fermentation based active pharmaceutical ingredients in immunosuppressants, anti-bacterial, oncology, antifungal, and other therapeutic areas. It also offers tacrolimus, mycophenolate mofetil, mycophenolate sodium, cyclosporine, sirolimus, voclosporin, and pimecrolimus for immunosuppressants therapeutic segment; and temsirolimus, everolimus, romidepsin, doxorubicin, mitomycin, midostaurin, and dactinomycin for oncology therapeutic segment. In addition, the company provides mupirocin, mupirocin calcium, polymyxin B sulfate, fidaxomicin, vancomycin hydrochloride, daptomycin, fusidic acid, colistimethate sodium, and teicoplanin for anti-bacterial applications; anidulafungin, caspofungi acetate, micafungin sodium, and nystatin for anti-fungal therapeutic segment; and lovastatin and pravastatin sodium for other applications. Further, the company provides contract research and manufacturing services in the areas of fermentation and semi-synthesis products. Concord Biotech Limited was incorporated in 1984 and is based in Ahmedabad, India.",none,,1550.6,1700.0,1268.0,5.0
VOGL.NS,Vedanta Oil and Gas Limited,Basic Materials,Other Industrial Metals & Mining,15058.33,Mid,38.57,2.09,37.31,36.41,51.87,Bearish,Bullish,2.04,,,,22.03,0.7643,,82.43,5.53,47.6,30.42,-18.97,26.79,-26.49,,,,Bull,Correcting,44,,,,0.83,Falling,Golden Cross,15,5.51,,,,,,,"Vedanta Oil and Gas Limited engages in the exploration and production of oil and gas. It holds interests in 44 blocks covering an area of approximately 47,000 square kilometers in India. The company was formerly known as MALCO Energy Limited and changed its name to Vedanta Oil and Gas Limited in June 2026. The company was incorporated in 2001 and is based in Gurugram, India. Vedanta Oil and Gas Limited operates as a subsidiary of Vedanta Resources Limited.",none,,,,,
SKFINDUS.NS,SKF India (Industrial) Limited,Industrials,Tools & Accessories,15025.19,Mid,3039.2,2.92,2724.63,2558.29,70.42,Bullish,Bullish,10.47,27.17,24.07,,51.16,0.3527,,35.27,3.86,3082.9,1994.1,-1.42,52.41,-25.09,,,,Strong Bull,At High,0,5.0,1.41,0.68,0.91,Stable,Golden Cross,44,13.94,25.0,30.23,,20.3,-9.4,-2.16,"SKF India (Industrial) Limited manufactures and sells bearings products in India and internationally. The company offers rolling bearings, mounted bearings and housings, super-precision bearings, slewing bearings, plain bearings, magnetic bearings and systems, and thin section bearings; industrial and automotive seals; lubricants, manual lubrication tools, lubricators, automatic lubrication systems, lubrication system components, and oil; and hydraulic tools for mounting and dismounting, mechanical tools for mounting and dismounting, heaters for mounting and dismounting, and alignment tools. It also provides belts, pulleys, sprockets, chains, bushings and hubs, couplings, bolts and tightening systems; and portable condition monitoring, continuous monitoring, machine protection systems, and test and measuring equipment. The company serves aerospace, agriculture, data centres, automotive, construction, food and beverage, general machinery, humanoid robotics, hydrogen, machine tools, marine, material handling, metals, mining, mineral processing and cement, ocean energy, pulp and paper, railways, and wind energy sectors. SKF India (Industrial) Limited was founded in 1907 and is based in Pune, India.",buy,2.25,2982.0,3437.0,2584.0,3.0
NIVABUPA.NS,Niva Bupa Health Insurance Company Limited,Financial Services,Insurance - Life,14932.18,Mid,80.73,-1.91,83.94,81.25,35.34,Bearish,Bearish,-7.54,-2.05,9.39,-0.97,-71.26,0.3164,0.5417,22.37,2.55,91.4,67.5,-11.67,19.6,-19.22,-0.97,,,Bear,Correcting,35,6.0,-6.86,0.42,0.83,Falling,Golden Cross,76,-4.07,-4.22,15.54,2.87,28.7,29.0,0.99,"Niva Bupa Health Insurance Company Limited provides health insurance products in India. It offers health insurance plans, such as individual, family, NRIs, senior citizens, personal accident, critical illness, disease-specific, hospital cash, and maternity insurance; travel insurance plans, including international and studying abroad insurance; and corporate insurance plans comprising group and start up health, group personal accident, and OPD coverage, as well as group health insurance claim process. The company was formerly known as Max Bupa Health Insurance Company Limited and changed its name to Niva Bupa Health Insurance Company Limited in July 2021. The company was incorporated in 2008 and is based in Gurugram, India. Niva Bupa Health Insurance Company Limited operates as a subsidiary of Bupa Singapore Holdings Pte. Ltd.",buy,1.81818,99.36364,105.0,90.0,11.0
VGUARD.NS,V-Guard Industries Limited,Industrials,Electrical Equipment & Parts,14906.72,Mid,341.2,-0.54,320.92,324.87,62.59,Bullish,Bullish,8.89,10.43,10.02,-5.65,-47.34,0.6731,-0.02,24.69,3.03,392.2,288.8,-13.0,18.14,-23.98,-5.65,4.49,7.15,Bull,Correcting,220,5.0,5.41,0.41,1.22,Rising,Death Cross,276,12.36,8.25,16.17,-1.81,70.8,72.8,0.97,"V-Guard Industries Limited manufactures and sells electrical and electronic products in India and internationally. It operates through four segments: Electronics, Electrical, Consumer Durables and Sunflame. The Electronics segment offers voltage stabilizers; and inverter, digital DUPS, inverter batteries, UPS, solar inverters, solar power systems, off grid and on grid systems and inverters, and on grid photovoltaic (PV) inverters. The Electrical segment provides wires; pumps, such as domestic and agricultural pumps, and electric motors; modular switches, including matteo, novio, and torio switches; switchgears; and PVC insulated cables. The Consumer Durables Segment offers fans, such as ceiling, table, pedestal, wall, ventilating and exhaust, and other fans; air coolers, including desert, window-mounted, and personal and room variants; water heaters, such as electric, solar and heat pump water heaters; and kitchen appliances comprising induction cooktop, mixer grinders, gas cooktops, rice cookers, water purifiers, small and large appliances like kitchen hoods, and breakfast appliances. The Sunflame segment sells products under Sunflame and Superflame brands. It sells its products through a network of distributors and dealers. V-Guard Industries Limited was founded in 1977 and is headquartered in Kochi, India.",strong_buy,1.41176,398.35294,470.0,306.0,17.0
SHADOWFAX.NS,Shadowfax Technologies Limited,Industrials,Integrated Freight & Logistics,14876.55,Mid,253.55,-1.42,234.76,179.98,55.45,Bearish,Bullish,2.18,26.1,113.05,,-67.06,1.1023,,48.94,4.72,268.65,98.55,-5.62,157.28,-13.84,,,,Strong Bull,Recovering,10,6.0,-6.52,2.31,0.79,Falling,Golden Cross,148,5.65,23.93,119.2,,182.5,3.6,50.69,"Shadowfax Technologies Limited operates as a technology-led third-party logistics company in India. The company offers express forward parcel delivery; reverse pickup logistics and hand-in-hand exchange; prime delivery; quick commerce; food and on-demand delivery, mobility, and other logistics services including critical logistics, insourcing of unbundled services, and dark store operations. It serves enterprise clients including horizontal and non-horizontal e-commerce, quick commerce, food marketplace, on-demand mobility companies, and D2C companies. Shadowfax Technologies Limited was incorporated in 2015 and is headquartered in Bengaluru, India.",none,,289.2,300.0,280.0,5.0
CROMPTON.NS,Crompton Greaves Consumer Electricals Limited,Consumer Cyclical,"Furnishings, Fixtures & Appliances",14663.23,Mid,227.72,-1.46,251.45,265.19,29.91,Bearish,Bearish,-13.45,-13.56,-6.07,-31.24,70.83,1.2802,0.348,29.11,3.1,337.0,217.4,-32.43,4.75,-33.64,-31.24,-7.96,-13.01,Strong Bear,Damaged,260,3.0,-8.93,-0.21,1.05,Stable,Death Cross,421,-9.98,-15.73,0.08,-27.39,96.4,130.2,0.74,"Crompton Greaves Consumer Electricals Limited manufactures and markets consumer electrical products in India. It operates in two segments, Electrical Consumer Durables and Lighting Products. The company offers fans, such as ceiling, table, wall-mounted, pedestal, ventilating, kitchen tower, exhaust, and industrial fans; and agriculture, industrial monoset, residential, compressor, specialty, and solar pumps. It also provides home appliances, such as air coolers and smart plugs; oil filled, heat convectors, halogen, quartz, and ceramic heaters; personal, tower, window, and desert coolers; storage, instant, immersion rods, and gas water heaters; room heaters; fabric care products; dry and steam irons; and kitchen appliances that include OTG, air fryer, induction cooktop, rice cooker, sandwich maker, pop-up toaster, and electric kettle products. In addition, the company offers lighting products, such as bulbs, battens, ceiling lights, table tamps, outdoor lights, professional lighting products, led lights, and extension boards; and cooking, brewing, mixer and wet grinders, gas stoves, blenders, pressure cookers, cooktop products, and food preparation products; and chimneys, hobs, built-in dishwashers, and build in microwaves and ovens. Further, it offers residential solar rooftops ;and wires and cables. Crompton Greaves Consumer Electricals Limited was incorporated in 2015 and is based in Mumbai, India.",strong_buy,1.33333,336.30304,410.0,255.0,33.0
SHAILY.NS,Shaily Engineering Plastics Limited,Basic Materials,Specialty Chemicals,14591.99,Mid,3172.5,-2.87,3105.45,2619.15,46.14,Bearish,Bullish,3.15,3.58,70.4,46.69,-9.82,0.5086,-0.111,51.24,3.56,3615.2,1770.9,-12.25,79.15,-33.73,46.69,117.8,,Strong Bull,Correcting,15,8.0,1.96,1.37,1.28,Rising,Golden Cross,789,6.62,1.4,76.55,50.54,110.9,38.5,2.88,"Shaily Engineering Plastics Limited engages in the manufacture and sale of precision injection moulded plastic components/products in India. The company offers specialty devices, platform devices, inhalers, sprays and pumps, intricate insulin injector pens, auto-injectors, and specialty packaging and containers for solid and liquid formulations, as well as providing contract development and manufacturing services for the pharmaceutical industry. It also offers kitchen and cooking devices, and storage and cleaning products; and sheet steel furniture products, including cabinets, drawer units, tables, and storage units. In addition, the company provides plastic components for lighting, appliances, and automotive applications; and razors, pumps, sprays and packaging for the personal care market. It also exports its products to approximately 40 countries. Shaily Engineering Plastics Limited was incorporated in 1980 and is based in Vadodara, India.",strong_buy,1.33333,3916.6667,4500.0,3550.0,6.0
RAINBOW.NS,Rainbow Children's Medicare Limited,Healthcare,Medical Care Facilities,14537.81,Mid,1433.0,-0.93,1453.46,1374.96,42.94,Bearish,Bearish,-9.25,6.93,18.25,-4.38,5.71,0.5426,0.153,22.22,2.75,1610.0,1084.0,-10.99,32.2,-27.36,-4.38,11.59,,Bull,Correcting,20,7.0,-11.56,0.82,0.94,Stable,Golden Cross,58,-5.78,4.75,24.4,-0.53,64.4,66.1,0.97,"Rainbow Children's Medicare Limited operates a multi-specialty pediatric, obstetrics, and gynecology hospital chain in India. The company offers medical and healthcare services to children and women. It also provides pediatric services under brand Rainbow Children's Hospital which include newborn and pediatric intensive care; pediatric multi-specialty services; and pediatric quaternary care, such as multi-organ transplantation. In addition, the company offers women care services under Birthright brand that comprise perinatal care services, such as routine and complex obstetric care, multi-disciplinary fetal care, perinatal genetic and fertility support, and a range of gynecology treatments, as well as operates private pediatric DNB (Diplomate of National Board) training program offering postgraduate and fellowship opportunities to train future healthcare professionals. Rainbow Children's Medicare Limited was incorporated in 1998 and is based in Hyderabad, India.",none,,1755.7858,2000.0,1550.0,14.0
TMB.NS,Tamilnad Mercantile Bank Limited,Financial Services,Banks - Regional,14356.14,Mid,906.6,-0.17,836.05,694.84,60.91,Bullish,Bullish,5.81,23.56,41.41,117.67,-75.44,1.3901,0.368,37.69,3.02,941.85,411.8,-3.74,120.16,-18.96,117.67,28.33,,Strong Bull,Recovering,1,9.0,-2.04,1.1,0.84,Falling,Golden Cross,221,9.28,21.38,47.56,121.51,190.5,72.9,2.61,"Tamilnad Mercantile Bank Limited provides banking and financial products and services in India. It operates through the Treasury, Corporate and Wholesale Banking, Retail Banking, and Other Banking Operations segments. The company offers savings, fixed, recurring, term deposit, and current accounts; debit and credit cards; and demat and equity trading accounts, mutual fund, insurance, portfolio management, online bill payment, sovereign gold bond scheme, forex, e-tax payment, e-stamping, SMS alert, POS terminal, and Internet and mobile banking services. It also provides home, car, two wheeler, personal, LAP, pension, gold overdraft, education, jewel, traders and services, MSME, vyapari, GST, commercial vehicles, rice and dhall mill, Mahalir, doctor, genset, pharma and healthcare, green energy, smart business, and agricultural loans, as well as loans against sovereign gold bonds and secured overdraft facilities; NRI products; and microenterprise and pharma finance. The company was formerly known as The Nadar Bank Ltd. and changed its name to Tamilnad Mercantile Bank Limited in November 1962. Tamilnad Mercantile Bank Limited was incorporated in 1921 and is headquartered in Thoothukudi, India.",none,,,,,
EIDPARRY.NS,E.I.D.- Parry (India) Limited,Basic Materials,Agricultural Inputs,14248.02,Mid,800.65,0.63,783.25,836.01,53.67,Bearish,Bullish,-0.31,8.9,-8.02,-28.88,221.69,1.0305,0.022,26.78,3.14,1131.9,698.2,-29.26,14.67,-37.68,-28.88,20.36,14.38,Strong Bear,Damaged,261,6.0,-3.28,-0.3,0.93,Stable,Death Cross,158,3.17,6.73,-1.87,-25.04,81.0,122.3,0.66,"E.I.D.- Parry (India) Limited, together with its subsidiaries, engages in the manufacture and sale of sugar, nutraceuticals, and distillery products in India, North America, Europe, and internationally. The company offers sugar for use in food, bakery, confectioneries, beverage, and pharmaceutical industries; and grains, such as millets and dhals, as well as rice. It also provides nutraceuticals products, such as organic spirulina and chlorella, carotenoid, astaxanthin, and lutein and zeaxanthin; and distillery products, including extra neutral alcohol, ethanol, etc. In addition, the company offers generates and sells approximately 140 MW of power for state electricity grids and private energy. E.I.D.- Parry (India) Limited was founded in 1788 and is headquartered in Chennai, India.",none,,1052.0,1052.0,1052.0,1.0
GRAPHITE.NS,Graphite India Limited,Industrials,Electrical Equipment & Parts,14195.99,Mid,726.6,-0.86,687.19,646.58,58.77,Bearish,Bullish,2.33,4.14,9.4,41.84,-23.4,1.2659,0.966,39.73,3.37,802.4,513.75,-9.45,41.43,-25.19,41.84,20.21,2.44,Strong Bull,Correcting,78,8.0,0.95,0.24,0.79,Falling,Golden Cross,323,5.8,1.97,15.55,45.68,150.0,90.3,1.66,"Graphite India Limited manufactures and sells graphite electrodes, and carbon and graphite specialty products in India and internationally. The company operates through Graphite and Carbon, Steel, and Others segments. It offers a range of graphite electrodes with various diameter and power for AC and DC furnaces. The company also provides extruded graphite in the form of rods and blocks, mini rods, graphite tubes, heat exchanger tubes, moulded mold and isostatically moulded graphite, machined components of carbon and graphite, carbon graphite/bricks, and carbon composites/brake discs. In addition, it offers calcined petroleum coke, carbon electrode paste, graphite granules and fines, and carbonaceous materials to aluminum, steel, ferroalloy, and foundry castings industries; and impervious graphite heat exchangers, which are used as condensers, coolers, heaters, re-boilers, evaporators, interchangers; and graphite columns for distillation, absorption and scrubbing; ejector systems; and centrifugal pumps. Further, the company provides HCl synthesis, dry HCl gas generation units, and H2SO4/HCl concentration and acid dilution cooling units; bursting/rupture discs, thermowells, pipes, and pipe fittings; glass fiber reinforced plastic pipes, joints, and fittings; and high speed, alloy tool, and powder metallurgy steels for cutting tools. Additionally, it generates and sells electricity through a hydel power plant with 18-megawatt capacity. The company serves manufacturing steel, cutting tool industry, chemicals, fertilizers, polymers, drug intermediaries, metal pressing, effluent treatment, and irrigation industries. The company was incorporated in 1974 and is headquartered in Kolkata, India. Graphite India Limited is a subsidiary of The Emerald Company Ltd.",strong_buy,1.0,905.3333,971.0,845.0,3.0
FRACTAL.NS,Fractal Analytics Limited,Technology,Software - Infrastructure,14125.21,Mid,821.4,-0.77,848.85,868.39,46.23,Bullish,Bearish,2.96,-18.26,4.46,,-15.29,0.9662,,49.01,3.48,1118.0,733.7,-26.53,11.95,-29.94,,,,Strong Bear,Damaged,84,3.0,9.05,0.09,0.68,Falling,Death Cross,21,6.43,-20.43,10.62,,108.5,88.6,1.22,"Fractal Analytics Limited provides artificial intelligence (AI) and analytics solutions to automate business workflows, extract insights from data, and optimize enterprise operations. The company offers agentic products for enterprises, including Cogentiq platform, Cogentiq CX, Cogentiq E-commerce, Cogentiq Innovation, Cogentiq invoice to cash, Cogentiq underwriting for financial services, and Cogentiq underwriting for insurances; Al health assistant; Text to image generator; and Al powered executive coach. It also provides Al for medical imaging, and revenue growth; Al foundational solutions, such as data operations, enterprise migration, software delivery, enterprise outcomes, campaign optimization, data science, custom LLMs, network operations, and process automation; and Al business solutions comprising reconciliation assist, trade ops assist, sales assist, procure assist, consumer insights platform, catalyst for growth, route to market digital sales platform, better business decisions, ai skilling solutions, edtech, and gen-ai-powered recruiting platform. In addition, the company is involved in generative AI, computer vision, machine learning operations, cognitive automation, conversational AI, and quantum computing; and finance analytics; and supply chain, ESG (environmental, social, governance), finance analytics, and integrated marketing effectiveness (IME) activities. The company serves consumer packaged goods, retail, technology media and telecom, healthcare and life sciences, financial services, insurance, industrials manufacturing and energy. The company was incorporated in 2000 and is based in Mumbai, India.",none,,946.375,1200.0,700.0,8.0
SUDEEPPHRM.NS,Sudeep Pharma Limited,Healthcare,Drug Manufacturers - Specialty & Generic,13937.86,Mid,1234.0,0.25,989.34,805.93,79.99,Bullish,Bullish,41.55,63.84,111.67,,94.13,0.8722,1.233,46.7,4.39,1292.4,524.05,-4.52,135.47,-31.54,,,,Strong Bull,Recovering,0,8.0,20.27,2.39,0.97,Stable,Golden Cross,59,45.02,61.67,117.83,,148.1,46.3,3.2,"Sudeep Pharma Limited manufactures and sells excipients and specialty ingredients for the pharmaceutical, food, and nutrition industries in India, the United States, and internationally. The company provides mineral salts, such as iron, calcium, sodium, zinc, copper, magnesium, manganese, potassium, picolinates, simethicone, and others;It also offers micronutrient premixes and liposomal, encapsulated ingredients, spray-dried formats, granulated ingredients, and triturated for sports nutrition, medical and clinical nutrition, infant nutrition, beverages, fortified staples, functional foods, and dairy products. In addition, the company provides a range of mineral powders and granules for carbonated, non-carbonated, and nutraceutical beverages; tricalcium phosphate, dicalcium phophate, dipotassium phosphate, ferric pyrophosphate, and disodium phosphate. Sudeep Pharma Limited was incorporated in 1989 and is based in Vadodara, India.",underperform,4.0,777.5,855.0,700.0,2.0
TI.NS,Tilaknagar Industries Ltd.,Consumer Defensive,Beverages - Wineries & Distilleries,13652.48,Mid,552.35,1.22,508.35,460.01,58.06,Bearish,Bullish,12.46,32.74,31.07,15.14,99.88,1.124,0.21,33.74,3.63,594.55,381.55,-7.1,44.76,-26.38,15.14,39.55,69.02,Strong Bull,Recovering,10,5.0,1.55,0.92,1.19,Rising,Golden Cross,330,15.93,30.57,37.23,18.98,100.4,70.9,1.42,"Tilaknagar Industries Ltd. engages in the manufacture and sale of Indian made foreign liquor and its related products in India. The company offers brandy under the Mansion House and Courier Napoleon brands; rum under the Madiraa brand; whisky under the Mansion House and Senate Royale brands; and gin under the Blue Lagoon brand, as well as extra neutral alcohol and cocktails. It also exports its products in Africa, the Middle East, East and South-East Asia, and Europe. The company was incorporated in 1933 and is based in Mumbai, India.",none,,600.75,680.0,540.0,4.0
SPLPETRO.NS,Supreme Petrochem Limited,Basic Materials,Specialty Chemicals,13573.76,Mid,721.85,0.47,711.34,699.8,54.04,Bullish,Bullish,0.7,4.56,10.86,-5.97,-43.63,0.6179,-0.054,39.45,2.97,979.0,462.3,-26.27,56.14,-42.18,-5.97,19.4,17.4,Bull,Damaged,243,7.0,-0.82,0.28,1.03,Stable,Golden Cross,99,4.18,2.39,17.01,-2.13,51.3,48.1,1.07,"Supreme Petrochem Limited engages in the manufacture and sale of polystyrene, expandable polystyrene, masterbatches and compounds of styrenics and other polymers, and extruded polystyrene insulation board in India and internationally. Supreme Petrochem Limited was incorporated in 1989 and is based in Mumbai, India.",none,,805.0,843.0,767.0,2.0
SCI.NS,The Shipping Corporation of India Limited,Industrials,Marine Shipping,13424.33,Mid,288.2,0.24,292.01,271.04,46.81,Bearish,Bullish,-4.22,-4.77,17.06,39.99,29.88,1.251,1.7036,45.54,3.43,368.75,195.55,-21.84,47.38,-25.59,39.99,43.01,22.32,Bear,Damaged,76,4.0,-2.63,0.37,0.89,Stable,Golden Cross,310,-0.75,-6.95,23.21,43.83,143.3,78.6,1.82,"The Shipping Corporation of India Limited, a marginal liner shipping company, engages in the business of transporting goods in India. It operates through Liner, Bulk, Tanker, and Technical & Offshore segments. The company's fleet includes bulk carriers, crude oil tankers, product tankers, container vessels, passenger-cum-Cargo vessels, LPG carriers, and offshore supply vessels. It offers bulk carriers transport cargos, including iron ore, coal, coke, grain, fertilizer, steel, plywood, bauxite products, etc.; and operates a liner and passenger service division comprising container services and marketing, break-bulk, and freight reconciliation dept. The company also provides offshore marine logistics support including towing and anchor handling operations; carriage of men and materials, such as fuel oil, bulk cement and barite, deck cargo, refer cargo, pot water, drill water, etc.; offshore installation; standby and rescue operations; surveillance; and fire fighting duties, as well as engages in operations, manning, maintenance, and management services for well stimulation and geotechnical drilling vessels. In addition, it imports and exports in and out of India, which includes shipments of over-dimensional cargoes, project cargoes, and heavy lift cargoes, as well as IMO class I cargoes and containers; and offers passenger and cargo transportation, and chartering services. Further, the company operates lighterage for crude oil transportation and supplies; and provides dry dock cell services, which include pre-dry-docking and post-tendering planning, and evaluation and stemming of vessel as per schedule. Additionally, it offers shipbuilding and technical consultancy services, including project viability and feasibility, design consultancy, project management, and site supervision services; and maritime training services. The Shipping Corporation of India Limited was incorporated in 1950 and is headquartered in Mumbai, India.",none,,,,,
PRUDENT.NS,Prudent Corporate Advisory Services Limited,Financial Services,Asset Management,13405.0,Mid,3237.4,-3.43,3187.4,2834.37,46.92,Bearish,Bullish,-1.91,20.19,40.82,15.64,27.15,1.1645,0.383,37.1,5.43,4105.5,2121.0,-21.14,52.64,-27.8,15.64,38.48,,Bull,Damaged,1,5.0,-8.64,1.1,1.24,Rising,Golden Cross,89,1.56,18.01,46.97,19.48,93.8,66.4,1.41,"Prudent Corporate Advisory Services Limited, together with its subsidiaries, provides various solutions for financial services distribution to individuals, corporates, high net worth individuals, and ultra-high net worth individuals in India and internationally. The company distributes mutual funds, insurance products, stockbroking, portfolio management schemes, unlisted securities, fixed deposits, alternative investment funds, national pension schemes, loan against securities, and government and state government securities. It also provides bonds, smallcase portfolios, equity broking, non-convertible debentures, liqui loans, and structured products. In addition, the company buys, sells, rents, and leases options for residential and commercial properties. Prudent Corporate Advisory Services Limited was founded in 2000 and is headquartered in Ahmedabad, India.",none,,3338.3333,3485.0,3175.0,6.0
GALLANTT.NS,Gallantt Ispat Limited,Basic Materials,Steel,13400.74,Mid,555.4,0.47,610.64,622.71,35.07,Bearish,Bullish,-11.73,-14.41,2.88,-3.23,-74.0,1.1123,0.88,55.25,3.7,948.0,496.25,-41.41,11.92,-43.78,-3.23,84.06,46.01,Strong Bear,Damaged,99,4.0,-6.93,0.05,0.46,Falling,Death Cross,9,-8.26,-16.58,9.03,0.61,120.4,109.5,1.1,"Gallantt Ispat Limited engages in manufacture and sale of iron and steel products in India. The company offers TMT bars, sponge iron, M.S. round bars and billets, iron ore pellets, and MIS roll bars. It also involved in real estate and cement businesses. The company offers its products to real estate developers, construction industries, government organizations, and corporate customers. The company was formerly known as Gallantt Metal Limited and changed its name to Gallantt Ispat Limited in June 2022. Gallantt Ispat Limited was founded in 1984 and is headquartered in Gorakhpur, India.",none,,,,,
NSLNISP.NS,NMDC Steel Limited,Basic Materials,Steel,13389.94,Mid,45.69,0.18,43.53,42.81,57.45,Bullish,Bullish,3.82,-8.55,19.33,20.21,392.76,1.2083,0.682,40.21,3.95,53.75,33.01,-15.0,38.41,-30.35,20.21,-0.8,,Bull,Correcting,65,5.0,6.67,0.48,1.53,Rising,Golden Cross,78,7.29,-10.72,25.48,24.05,135.8,99.9,1.36,"NMDC Steel Limited manufactures and sells steel products in India. It offers hot rolled coils, sheets, and plates of welded steel pipe for pipeline transportation systems; structural and silicon steel; pig iron; and LPG grades of LPG cylinders manufacturing. The company also provides tube and pipe grade, boiler and pressure vessel grade, commercial forming grades, cold rolling grade, and HSLA Grade. It serves infrastructure and construction; automotive and mobility; energy, oil, and gas; and engineering and fabrication industries. NMDC Steel Limited was incorporated in 2015 and is based in Hyderabad, India.",none,,,,,
DOMS.NS,DOMS Industries Limited,Industrials,Business Equipment & Supplies,13389.67,Mid,2206.3,-1.02,2239.75,2319.25,44.9,Bullish,Bullish,-1.91,5.58,-2.2,-9.01,-38.57,0.8096,-0.285,27.05,1.95,2770.0,2023.9,-20.35,9.01,-23.55,-9.01,,,Strong Bear,Damaged,259,3.0,-3.77,-0.08,0.44,Falling,Death Cross,155,1.56,3.41,3.96,-5.17,65.0,72.9,0.89,"DOMS Industries Limited designs, develops, manufactures, and sells stationery and art material products under the DOMS brand name in India and internationally. It offers pens and writing instruments; pencils and accessories; paper stationary; mathematical drawing instruments; markers and highlighters; gifting products; fine art; drawing and coloring; and crafts and hobbyist products. The company also provides baby diapers and wet wipes. In addition, it provides packaging services. The company was founded in 1973 and is based in Valsad, India.",none,,2698.4167,3080.0,2316.0,12.0
UTLSOLAR.NS,Fujiyama Power Systems Limited,Technology,Solar,13331.81,Mid,434.4,-1.08,398.32,303.66,53.23,Bearish,Bullish,11.51,32.32,148.47,,1.77,0.6726,2.1235,46.06,4.85,494.25,172.0,-12.11,152.56,-22.3,,,,Bull,Correcting,10,7.0,0.74,3.22,1.17,Rising,Golden Cross,99,14.98,30.14,154.62,,138.8,0.5,277.6,"Fujiyama Power Systems Limited manufactures and sells roof-top solar products and solutions under the UTL Solar and Fujiyama Solar brands in India and internationally. It offers solar power generation systems, such as solar panels, hybrid solar inverter, off and on- grid inverter, online solar power conditioning units, solar management unit, and lithium-ion and tubular lead acid batteries; power backup solutions comprising online uninterruptible power supplies and inverters; power supply solutions, including hybrid charge controller units; and electronic vehicle, marine, and engine start chargers. The company was founded in 1996 and is based in Greater Noida, India.",strong_buy,1.0,548.0,600.0,496.0,2.0
RKFORGE.NS,Ramkrishna Forgings Limited,Industrials,Metal Fabrication,13201.1,Mid,726.1,-3.65,672.78,605.63,55.11,Bearish,Bullish,5.43,30.92,33.31,27.0,-58.44,1.2428,0.407,35.28,3.38,772.8,460.15,-6.04,57.8,-20.89,27.0,7.75,32.55,Strong Bull,Recovering,11,6.0,-4.88,0.94,0.94,Stable,Golden Cross,26,8.9,28.75,39.46,30.84,107.7,62.6,1.72,"Ramkrishna Forgings Limited engages in the manufacture and sale of forged components for automobiles, railway wagons and coaches, and engineering parts in India and internationally. The company's products portfolio includes beam, knuckle, steering arm, tie-rod-arm, sector shaft, front hub, crankshaft, camshaft, connecting rod, piston, pitman arm, BC lever assembly, mounting bracket, yoke, UJ cross, wheel coupling, transmission gear and shaft, crown wheel, pinion, differential case and case cover, differential gear and pinion, spindle, rear axle shaft, spider, tube flange and shaft, tube yoke, input cold forged shaft, and aluminium forgings. It also offers bucket, backhoe bucket, shovel, track line and roller, bucket tooth, pivot pin, prop shaft, and bearing centre products; and wing nut, valve bonet, T-bolt socket joint, and tooth crusher hammer products. In addition, the company provides bogie frame and bolster, screw coupling, hanger, draw gear assembly, anti roll bar assembly, control arm support, center pivot pin, centering disc, traction center, and guide products. Further, it offers tractor-trailer products, such as trailer axle, air and mechanical suspension, landing leg, and bolton and weldable king pin products. The company offers products for various industries and sectors, including automotive, earth moving and mining, farm equipment, power, construction, general engineering, railways, and oil and gas, as well as for original equipment manufacturers. Ramkrishna Forgings Limited was incorporated in 1981 and is headquartered in Kolkata, India.",hold,3.25,634.0,680.0,550.0,4.0
SOBHA.NS,Sobha Limited,Real Estate,Real Estate - Development,13156.39,Mid,1230.1,-1.19,1340.9,1393.55,26.96,Bearish,Bearish,-9.44,-8.0,-7.72,-13.63,-69.8,1.1005,0.446,31.07,2.78,1732.0,1130.0,-28.98,8.86,-32.0,-13.63,29.73,14.34,Strong Bear,Damaged,213,2.0,-6.77,-0.25,0.72,Falling,Death Cross,158,-5.97,-10.18,-1.56,-9.78,93.2,108.3,0.86,"Sobha Limited engages in the construction, development, sale, management, and operation of residential and commercial real estate under the Sobha brand primarily in India. It operates through the Real Estate, and Contractual and Manufacturing segments. The Real Estate segment comprises development, sale, management, and operation of townships and housing projects, as well as leasing of commercial premises. The Contractual and Manufacturing segment is involved in the development of commercial premises and other related activities, as well as manufacturing activities related to interiors, glazing, and metal works and concrete products. Its residential real estate portfolio includes apartments, villas, row houses, townships, and plotted developments. The company also provides contracting business services comprising design, civil and structural works, MEP, interior fit-outs, aluminum and glazing systems, and landscaping; glazing and metal works products, such as aluminum doors and windows, structural glazing systems, stainless steel finishes, and pre-engineered building modules tailored for commercial and institutional use; concrete products, including concrete blocks, pavers, kerb stones, water drainage channels, paving slabs, and related landscape; and interior products that consist of doors and frames, modular kitchens, wardrobes, bespoke furniture, panelling systems, partitions, and upholstered elements; and precast products, including columns, beams, slabs, staircases, and facade panels. The company was formerly known as Sobha Developers Limited and changed its name to Sobha Limited in August 2014. Sobha Limited was incorporated in 1995 and is headquartered in Bengaluru, India.",strong_buy,1.33333,1752.1666,1930.0,1480.0,18.0
PRIVISCL.NS,Privi Speciality Chemicals Limited,Basic Materials,Specialty Chemicals,13028.58,Mid,3335.3,-0.32,3497.51,3179.38,29.82,Bearish,Bearish,-8.88,3.53,17.72,51.16,-23.74,0.6678,0.068,34.36,2.45,3785.3,2226.0,-11.89,49.83,-22.78,51.16,48.73,13.26,Bull,Correcting,44,6.0,-10.06,0.52,0.59,Falling,Golden Cross,575,-5.41,1.35,23.88,55.01,85.4,30.8,2.77,"Privi Speciality Chemicals Limited, together with its subsidiaries, manufactures, supplies, and trades in aroma and fragrance chemicals in India and internationally. The company offers aroma chemicals, including alpha damascone, alpha ionone, alpha terpenyl acetate, amber fleur, amber gamma, ambery woody extreme, beta iso damascol, bi perfumery and technical grades, camphor, carene, carvacrol, cedar ketol, cineole, citronellal, citronellol, citronellyl acetate and nitrile, cyclademol, cyclamen aldehyde, dipentene, double distilled turpentine oil, dihydro myrcenol, dihydromyrcene, eucalyptol, floravone, galaxmusk, gamma methyl ionone, gamma terpenyl acetate, geraniol, and geranyl acetate. It also provides Indian sandal core, indomeran, ionone, iso borneol commercial, iso boronyl acetate, isobornyl cyclohexanol, l-limonene, methyl ionone, nerol, neryl acetate, nimberol, OTBCHA, pine oil, prionyl, PTCBH, PTBCHA, rose oxide, sandal fleur, terpeniol alpha, terpeniol gamma, terpeniol BP grade, terpinolene, tetrahydroflorol, tetrahydrogeraniol, tetrahydrogeranyl acetate, tetrahydromyrcenol, and timber forte and touch. The company's products are used in home care, personal care, fragrance, and other applications. It exports its products. The company was formerly known as Fairchem Speciality Limited and changed its name to Privi Speciality Chemicals Limited in August 2020. Privi Speciality Chemicals Limited was incorporated in 1985 and is based in Mumbai, India.",none,,4365.0,4490.0,4205.0,3.0
GODREJAGRO.NS,Godrej Agrovet Limited,Consumer Defensive,Packaged Foods,12896.37,Mid,670.25,2.42,579.97,588.27,74.4,Bullish,Bullish,19.0,17.85,13.89,-7.95,893.78,0.7676,0.301,29.88,3.31,759.5,506.1,-11.75,32.43,-31.47,-7.95,13.57,0.6,Bull,Correcting,258,5.0,13.05,0.46,1.52,Rising,Death Cross,236,22.47,15.67,20.04,-4.1,54.7,58.4,0.94,"Godrej Agrovet Limited, an agri-business company, provides products and services that enhance crop and livestock yields in India and internationally. The company operates through Animal Feed, Vegetable Oil, Crop Protection, Dairy, Poultry and Processed Food, and Other segments. It offers animal feed, such as cattle, poultry, and aqua feed. The company also engages in the oil palm cultivation with approximately 75,000 hectares of plantations across Andhra Pradesh, Telangana, Tamil Nadu, Goa, Maharashtra, and Mizoram producing crude palm oil, crude palm kernel oil, and palm kernel cake. In addition, it produces and markets crop protection products, including plant growth regulators, bio-stimulants, herbicides, insecticides, fungicides, and fertilizers and organic manures. Further, the company manufactures and markets processed poultry and vegetarian products under the Real Good Chicken name; vegetarian and non-vegetarian ready-to-cook products under the Yummiez name; and processed food and milk and milk products under the Godrej Jersey brand. Additionally, it produces agrochemical active ingredients, bulk and formulations, and pharmaceutical intermediates. The company was incorporated in 1991 and is based in Mumbai, India. Godrej Agrovet Limited is a subsidiary of Godrej Industries Limited.",none,,749.0,865.0,645.0,5.0
GRAVITA.NS,Gravita India Limited,Industrials,Metal Fabrication,12739.9,Mid,1749.1,-1.84,1754.05,1698.51,44.93,Bearish,Bullish,5.46,7.26,14.01,5.65,-49.87,1.3186,0.467,35.71,2.78,1913.6,1266.9,-8.6,38.06,-30.94,5.65,33.34,56.12,Strong Bull,Correcting,178,7.0,3.04,0.39,0.66,Falling,Golden Cross,39,8.93,5.09,20.17,9.49,134.0,119.0,1.13,"Gravita India Limited manufactures and recycles lead metal, lead products, aluminium alloys, and plastic granules in India, the United Arab Emirates, South Korea, and internationally. It operates through Lead Processing, Aluminium Processing, Turn-Key Solutions, and Plastic Manufacturing segments. The company engages in smelting of lead battery scrap/lead concentrate to produce secondary lead metal, such as pure lead, specific lead alloy, lead oxides, and lead products like lead sheets, lead powder, lead shot, etc.; granules, including polypropylene, polycarbonate, HDPE, and ABS; trading of taint tabor and tense aluminium scraps; and manufacture of alloy from melting of aluminium scrap. It also offers consultancy services for recycling operations; turnkey solutions for recycling processes and solutions; procures raw materials which include battery, aluminium, plastic, and rubber scrap; and extended producer responsibility recycler and compliance services. The company also exports its products. Gravita India Limited was incorporated in 1992 and is based in Jaipur, India.",none,,2061.889,2400.0,1765.0,9.0
SEDEMAC.NS,SEDEMAC Mechatronics Limited,Consumer Cyclical,Auto Parts,12660.61,Mid,2866.5,-4.09,2855.3,2208.38,42.29,Bearish,Bearish,2.53,20.78,,,73.07,0.4156,,46.1,4.79,3368.9,1413.1,-14.91,102.85,-12.11,,,,Bear,Correcting,9,4.0,-4.4,,0.97,Stable,Golden Cross,123,6.0,18.6,,,131.2,-44.6,-2.94,"SEDEMAC Mechatronics Limited provides electronic control units to original equipment manufacturers in the mobility and industrial markets in India, the United States, and Europe. It operates in two segments, Mobility and Industrial. The Mobility segment offers motor control technology and transmission controls, which consist of integrated starter generators, electronic fuel injections, automated manual transmissions, motor control units, and electrification control units used in various electric bicycles and vehicles. The Industrial segment provides small powertrain engine controls, which consist of genset control units, engine control units, electronics governors, control panels, and actuators. The company was incorporated in 2007 and is based in Pune, India.",none,,3308.3333,3700.0,3075.0,3.0
VARROC.NS,Varroc Engineering Limited,Consumer Cyclical,Auto Parts,12596.78,Mid,824.4,-6.0,740.57,629.37,58.99,Bearish,Bullish,21.35,40.9,57.27,54.6,745.25,1.2749,0.278,35.73,4.24,896.0,462.0,-7.99,78.44,-30.23,54.6,29.15,19.51,Strong Bull,Recovering,0,7.0,7.72,1.6,1.26,Rising,Golden Cross,55,24.82,38.72,63.43,58.44,156.1,88.0,1.77,"Varroc Engineering Limited provides aftermarket automotive components and solutions in India, the Asia Pacific, Europe, North America, and internationally. It operates through Automotive and Others segments. The company offers internal combustion engine parts; electrical vehicle products, such as telematics, BMS, charger, DC-DC converter, traction motor/hub motor, and traction motor controller; final drive, pump, and park lock gears; hollow stem, titanium, and sodium valves; headlamps; instrument panel, console, roof rails, door trims, and pillar trims; CMS and DMS, ADAS, telematics, surround view system, video telematics, and advanced infotainment system; and tail gate, surface LED, signature LED lighting 3D effect, and LED signal lamp personalization. It also provides engine valves, transmission components, ICE electronics, ACG and integrated starter generator, starter motors, BLDC motors, electronic fuel injection and injection driver, magneto and regular rectifier, actuator motors, starter clutch assembly, and crankpins and balancers. In addition, the company offers e-powertrain solutions, EV chargers, DC-DC converter, and battery management system; painted parts, exterior and interior molded parts, and functional polymer components; digital instrument clusters, smart telematics and monitoring systems, smart sensors, and ergonomic handlebar switches; lighting solutions; and Varroc Connect, a connected vehicle platform. It serves automotive 2W and 3W original equipment manufacturers (OEMs); EV and new mobility players; commercial vehicle manufacturers; passenger vehicles manufacturing; off-highway and heavy equipment OEMs; industrial and engineering companies; and aftermarket partners. Varroc Engineering Limited was incorporated in 1988 and is headquartered in Aurangabad, India.",none,,750.4,897.0,540.0,5.0
WABAG.NS,VA Tech Wabag Limited,Industrials,Engineering & Construction,12419.41,Mid,1987.8,-1.3,1955.27,1656.62,48.68,Bullish,Bullish,1.87,24.51,69.88,33.59,-25.98,1.3181,0.794,39.82,4.06,2253.5,1033.0,-11.79,92.43,-33.05,33.59,57.78,38.79,Bull,Correcting,38,6.0,-6.3,1.75,0.8,Falling,Golden Cross,86,5.34,22.34,76.03,37.43,140.2,93.3,1.5,"VA Tech Wabag Limited, together with its subsidiaries, engages in the design, supply, installation, construction, operation, and maintenance of drinking water, waste and industrial water treatment, and desalination plants in India and internationally. The company offers drinking water treatment, desalination, wastewater treatment, industrial water treatment, effluent treatment, sludge treatment, water reclamation, industrial water recycling, zero liquid discharge, potable reuse, vio CNG, and high purity water solutions. It also provides engineering, procurement, construction, and operation and maintenance of water and wastewater treatment plants including PPP projects under HAM and BOOT Models. The company serves municipal water and wastewater, oil and gas, power plants, steel, food and beverage, fertilizer, industrial parks, PV solar, semiconductors, and green hydrogen industries. The company was formerly known as Balcke Durr and Wabag Technologies Limited and changed its name to VA Tech Wabag Limited in April 2000. VA Tech Wabag Limited was incorporated in 1995 and is headquartered in Chennai, India.",strong_buy,1.22222,2323.6667,2530.0,1870.0,9.0
PCBL.NS,PCBL Chemical Limited,Basic Materials,Specialty Chemicals,12405.87,Mid,315.3,-0.69,315.37,310.3,46.63,Bearish,Bullish,-2.25,10.57,11.78,-13.3,-69.75,1.8381,0.588,46.5,3.14,425.95,226.5,-25.98,39.21,-42.93,-13.3,29.73,22.14,Bear,Damaged,248,4.0,-5.77,0.25,0.45,Falling,Golden Cross,23,1.22,8.39,17.94,-9.45,148.8,149.1,1.0,"PCBL Chemical Limited, together with subsidiaries, produces, sells, and exports carbon black in India and internationally. The company operates through Carbon Black, Power, Chemicals, and Battery Chemical segments. It offers carbon black for tires, performance chemicals, specialty chemicals, and other materials under the CarboNext, ECOZEN, Royale Black, Bluemina, NuTone, VEDABLACK, and Energia brands. In addition, it engages in the manufacture, market, and sale of water treatment chemicals and oil and gas chemicals, including phosphonates, low molecular weight polymers, tetrasodium glutamate diacetate, methylglycinediacetic acid, imidazoline, triazine, quaternary ammonium chlorides, biocides, and other downstream chemicals. Further, the company generates and distributes electricity from the tail gas recovered from carbon black production. Additionally, it develops nano-silicon additives used in the anode of lithium-ion batteries. The company was formerly known as PCBL Limited and changed its name to PCBL Chemical Limited in October 2024. PCBL Chemical Limited was incorporated in 1960 and is based in Kolkata, India.",none,,362.9091,480.0,279.0,11.0
UJJIVANSFB.NS,Ujjivan Small Finance Bank Limited,Financial Services,Banks - Regional,12400.51,Mid,63.64,-2.63,66.82,59.36,33.23,Bearish,Bearish,-9.54,18.82,17.29,46.94,-50.78,1.5793,0.408,38.97,3.81,73.94,42.33,-13.93,50.34,-22.84,46.94,9.78,19.35,Bull,Correcting,13,6.0,-15.81,0.44,0.92,Stable,Golden Cross,343,-6.07,16.65,23.44,50.78,175.0,108.9,1.61,"Ujjivan Small Finance Bank Limited provides various banking and financial services in India. The company operates through Treasury, Retail Banking, and Corporate/Wholesale Banking segments. It provides current, savings, salary, TACS savings and current, and NRI accounts; and fixed, recurring, TASC fixed, NRI and NRO fixed, and tax saver fixed deposits, as well as two wheeler loan. The company's loan products include home and micro mortgages, including home purchase and home construction, composite home, home improvement, and home equity loans; micro mortgages, business loan, and loan against property; vehicle loans, such as two-wheeler loan, electric three-wheeler loan, and dealer trade advance; micro loans, including group and individual loans; agricultural loans; micro, small, and medium enterprises loans and overdrafts; and gold and staff loans. In addition, it provides mobile, personal net, SMS and missed call, phone, video, and WhatsApp banking; ATMs and cash deposit machines; statements services; life, health, and general insurances; credit and debit cards; and safe deposit lockers. Additionally, the company is involved in retail forex and trade services. Ujjivan Small Finance Bank Limited was incorporated in 2016 and is headquartered in Bengaluru, India.",none,,82.0,90.0,60.0,19.0
TRIDENT.NS,Trident Limited,Consumer Cyclical,Textile Manufacturing,12259.98,Mid,24.06,-0.33,24.78,25.57,33.22,Bearish,Bearish,-3.64,-1.27,4.15,-10.99,-48.08,1.2001,0.014,29.87,1.68,30.94,21.98,-22.24,9.46,-27.31,-10.99,-8.07,4.17,Strong Bear,Damaged,246,3.0,-3.22,0.14,0.5,Falling,Death Cross,541,-0.17,-3.45,10.31,-7.14,107.8,115.4,0.93,"Trident Limited manufactures, trades, and sells textiles, Yarn, paper, chemicals, and energy in India, the United States, and internationally. The company operates through four segments: Yarn, Towel, Bedsheets, Paper and Chemicals. The company offers cotton combed, open-end, air jet, organic cotton, core spun, blended, eli-twist, slub, compact, air-rich, certified cotton, mélange, packed dye, zero twist, and dyed yarns; and home textiles, including bath and bed linen products. It also provides branded copier, writing and printing maplitho, bible and offset printing paper products; and LR/AR grade sulphuric acid for use in battery production, zinc sulphate, alum, dyes and detergents. It also exports its products. The company was formerly known as Abhishek Industries Limited and changed its name to Trident Limited in April 2011. Trident Limited was incorporated in 1990 and is based in Barnala, India.",none,,29.0,30.0,28.0,2.0
SOUTHBANK.NS,The South Indian Bank Limited,Financial Services,Banks - Regional,11980.68,Mid,45.74,-0.37,45.28,41.08,50.85,Bullish,Bearish,-1.43,4.98,15.16,56.89,-63.99,1.4196,0.174,41.58,2.2,49.9,28.11,-8.34,62.72,-26.89,56.89,31.31,35.14,Strong Bull,Recovering,54,8.0,-3.09,0.36,0.55,Falling,Golden Cross,336,2.04,2.8,21.31,60.74,170.6,94.8,1.8,"The South Indian Bank Limited provides various banking products and services in India. It operates through Treasury, Corporate/Wholesale Banking, Retail Banking, and Other Banking Operations segments. The company offers savings, institutional banking, non-resident external, non-resident ordinary, fixed currency non-resident, and current accounts; term deposits; and portfolio investment schemes. It also provides personal, car, home, gold, education, commercial vehicle and construction equipment, property, and other loans; working capital, long-term, non-fund based, and supply chain finance services; finance against warehouse receipts, lease rental factoring, and OTS scheme for micro and small enterprises; funding for harvesting and procurement, and transport; and international finance services. In addition, the company offers debit, credit, travel, gift, automated teller machine (ATM) cum shopping, and prepaid cards; life, health, general, export credit, and government-sponsored insurance schemes; and investment services, including mutual funds, sovereign gold bonds, demat account, pension scheme, and national pension system. Further, it provides domestic and international money transfer services; remittance and cash management services; priority and doorstep banking services; safe deposit lockers; and FX-Retail, an online platform that allows both retail and corporate customers to book foreign exchange in real time. Additionally, the company offers various e-services; merchant acquiring services; a range of customized services for individuals, government organizations, public sector undertakings, and other government-specified entities; payments; international and mobile banking services; and other services. It operates through a network of branches, and automated teller and cash recycler machines. The South Indian Bank Limited was incorporated in 1929 and is headquartered in Thrissur, India.",none,,47.0,61.0,25.0,6.0
PARKHOSPS.NS,Park Medi World Limited,Healthcare,Medical Care Facilities,11953.69,Mid,276.75,-1.34,279.59,234.39,44.18,Bullish,Bullish,-2.54,-1.77,50.4,,-43.61,0.8454,,42.58,3.27,305.0,138.1,-9.26,100.4,-13.11,,,,Strong Bull,Recovering,45,5.0,-1.95,1.18,0.58,Falling,Golden Cross,184,0.94,-3.95,56.55,,147.3,21.4,6.88,"Park Medi World Limited operates a network of hospitals. The company provides cardiac sciences, neurosciences - brain and spine, plastic and cosmetic surgery, general and laparoscopic surgery, renal sciences and kidney transplant, bone, orthopaedics, joint replacement and sports medicine, gastroenterology and surgical gastroenterology, cancer care, bone marrow transplant, iMARS / robot-assisted surgery. It also offers bariatric surgery, anaesthesiology, critical care, chest and respiratory diseases, dental care, dermatology, endocrinology, paediatrics, internal medicine and geriatrics, rheumatology, ENT, ophthalmology, obstetrics and gynaecology, interventional radiology and imaging, psychiatry, pathology and microbiology, paediatric surgery, fertility management, nuclear medicine services. It operates NABH accredited multi-super specialty hospitals under the Park brand name. Park Medi World Limited was founded in 2005 and is headquartered in Gurugram, India.",none,,362.5,375.0,350.0,2.0
EDELWEISS.NS,Edelweiss Financial Services Limited,Financial Services,Financial Conglomerates,11943.34,Mid,126.18,-2.14,121.5,115.43,55.32,Bullish,Bullish,7.22,10.04,17.06,16.38,140.95,1.5626,0.692,38.2,3.86,133.9,98.0,-5.77,28.76,-21.89,16.38,35.21,22.18,Strong Bull,Recovering,51,5.0,3.87,0.45,0.94,Stable,Golden Cross,318,10.69,7.86,23.21,20.23,183.1,134.4,1.36,"Edelweiss Financial Services Limited provides financial products and services to corporations, institutions, and individuals in India. It offers retail credit products, such as home, small and medium-sized enterprise, and business loans; and investment banking services. The company also provides asset management, mutual funds, asset reconstruction, asset reconstruction, and housing finance products and services. In addition, it offers life and general insurance products and advisory services, as well as being involved in the lending, investment, and trading activities. The company was formerly known as Edelweiss Capital Limited and changed its name to Edelweiss Financial Services Limited in August 2011. Edelweiss Financial Services Limited was incorporated in 1995 and is based in Mumbai, India.",none,,,,,
PVRINOX.NS,PVR INOX Limited,Communication Services,Entertainment,11882.2,Mid,1210.0,-1.48,1128.97,1061.05,58.57,Bearish,Bullish,1.84,24.33,19.81,8.1,-14.25,0.8422,0.317,28.43,3.04,1284.5,907.4,-5.8,33.35,-25.98,8.1,-9.62,-3.12,Strong Bull,Recovering,5,6.0,-6.27,0.7,0.76,Falling,Golden Cross,20,5.31,22.15,25.97,11.95,88.8,68.3,1.3,"PVR INOX Limited, a theatrical exhibition company, engages in the exhibition, distribution, and production of movies in India and Sri Lanka. The company is involved in sale of movie tickets; in cinema advertisements/product displays; sale of food and beverages; and restaurant business. It also manages cinema screens; and designing, developing, operating and maintaining food courts and other food outlets. The company was formerly known as PVR Limited and changed its name to PVR INOX Limited in April 2023. PVR INOX Limited was founded in 1991 and is based in Gurugram, India.",none,,1409.5625,2135.0,1130.0,16.0
CYIENT.NS,Cyient Limited,Industrials,Conglomerates,11755.38,Mid,1122.2,-3.64,925.02,975.92,74.2,Bullish,Bullish,29.35,27.93,27.2,-4.62,201.96,1.1761,0.6,34.05,3.99,1284.7,750.3,-12.65,49.57,-40.03,-4.62,-8.83,4.85,Bull,Correcting,250,5.0,20.04,0.8,1.35,Rising,Death Cross,421,32.82,25.76,33.35,-0.78,96.8,96.1,1.01,"Cyient Limited provides geospatial, engineering design, manufacturing, networks and operations, data transformation, and analytic services in North America, Europe, Middle East, and the Asia Pacific. The company operates through three segments: Digital, Engineering & Technology; Design Led Manufacturing; and Others. The company offers digital thread; electrification and energy storage; autonomous systems; digital twin; product to platform engineering; data platforms and GenAI; Industry 4.0; industry AI advisor platform; Coddy, a legacy application migration; CYARC, a regulatory compliance watch for medical devices; CYFAST, for equipment testing and validation; CYIOPS, a power outage planning and scheduling platform; CYPRED forecast and prediction engine; CYTEXT that transforms PDFs and documents into searchable text; SmartHub, a field inspection and data capture; and CYXTRACT which extract, search, and analyze documents. It also provides manufacturing operations management solutions, including industrial automation, data engineering, operations management, asset operations, and manufacturing intelligence; FACTORYDTECT, Monitoring and predictive solutions; FACTORYPRO; DIGITAL DATA FOUNDATION data platform; ENERGYCARE, a platform to monitor, analyze, and balance energy usage; and ASSET TWIN that monito asset health and upcoming failure mode. In addition, the company offers Vismon, a suite of solutions that simplifies network management; and CyPlaNet which streamlines fiber optic networks. It serves aerospace and defense, rail transportation, automotive and mobility, mining, energy, utilities and spatial intelligence, communications, healthcare and life science, and semiconductor industries. Cyient Limited and Vodafone entered into an agreement and launched an AI-powered global network configuration management solution supported by data-driven, intelligent configuration analytics. Cyient Limited was incorporated in 1991 and is headquartered in Hyderabad, India.",buy,2.42857,1006.5238,1300.0,740.0,21.0
NUVOCO.NS,Nuvoco Vistas Corporation Limited,Basic Materials,Building Materials,11720.08,Mid,328.15,1.64,330.06,335.36,48.53,Bearish,Bearish,-5.87,2.82,6.96,-28.07,-93.68,0.9832,0.335,34.37,2.87,477.5,276.25,-31.28,18.79,-40.27,-28.07,-1.08,,Strong Bear,Damaged,259,4.0,-6.81,0.2,0.57,Falling,Death Cross,190,-2.4,0.65,13.11,-24.23,53.2,85.0,0.63,"Nuvoco Vistas Corporation Limited manufactures and sale of cement and building materials products in India. It operates through Cement, and RMX and Other divisions. The company offers ordinary Portland, Portland slag, Portland pozzolana, and Portland composite cement products under the Concreto Uno, Duraguard, Double Bull, PSC, Nirmax, and Infracem brands; and ready-mix concrete under the Concreto, Ecodure, Artiste, InstaMix, and X-Con brands. It also provides modern building materials, including construction chemicals, multipurpose bonding and waterproofing agents, tile and stone adhesives, tile grouts, ready-mix dry plaster, block joining mortar, dry bag concrete, and cover blocks products under the Zero M brands. The company was formerly known as Lafarge India Limited and changed its name to Nuvoco Vistas Corporation Limited in April 2017. The company was incorporated in 1999 and is headquartered in Mumbai, India. Nuvoco Vistas Corporation Limited is a subsidiary of Niyogi Enterprise Private Limited.",buy,1.52632,436.1111,510.0,345.0,18.0
SKYGOLD.NS,Sky Gold and Diamonds Limited,Consumer Cyclical,Luxury Goods,11663.55,Mid,753.1,-3.23,698.66,512.19,49.32,Bearish,Bullish,11.49,42.51,125.88,162.95,20.8,1.4205,0.098,48.34,4.69,868.8,259.0,-13.32,190.77,-19.2,162.95,202.64,,Strong Bull,Correcting,5,8.0,-2.68,2.6,1.19,Rising,Golden Cross,223,14.96,40.34,132.04,166.8,208.8,68.7,3.04,"Sky Gold and Diamonds Limited designs, manufactures, assembles, cuts, polishes, markets, and sells gold and silver jewelry in India. The company offers rings, chains, mangalsutra, bracelets, pendants, necklaces, earrings, bangles, and customized jewellery. The company also offers American diamonds, natural diamonds, lab-grown diamonds and colour gemstones. In addition, the company imports, exports, buys, sells, deals, distributes, and wholesales jewelry. The company serves wholesalers, showrooms, and retailers. The company was formerly known as Sky Gold Limited and changed its name to Sky Gold and Diamonds Limited in March 2025. Sky Gold and Diamonds Limited was founded in 2005 and is based in Thane, India.",none,,915.3333,1042.0,749.0,3.0
TEGA.NS,Tega Industries Limited,Industrials,Specialty Industrial Machinery,11567.41,Mid,1539.7,-1.96,1647.51,1702.21,37.12,Bearish,Bearish,-2.54,-16.67,-12.48,-16.55,115.02,0.9126,0.4,33.2,3.91,2125.0,1473.0,-27.54,4.53,-29.94,-16.55,12.73,,Strong Bear,Damaged,250,6.0,3.02,-0.38,1.01,Stable,Death Cross,131,0.93,-18.84,-6.32,-12.71,79.7,95.6,0.83,"Tega Industries Limited designs, manufactures, and installs process equipment and accessories for the mineral processing, mining, and material handling industries. It offers a range of grinding mill liners, such as DynaPrime, DynaSteel, DynaPulp, and DynaWear. The company also offers conveyor components products comprising centrax, friflo, spill-ex skirt sealing, bed system manufacturer, eco-flip skirt, single wing, ceramic pulley lagging, and ceradisc. In addition, it provides wear products, such as ceramic liners, composite liners, rubber liners, flow promoting liners, thunder air blasters, and engineered chutes; screens and trommels; wear-resistant lining solutions made of rubber, polyurethane, steel and ceramics, essential for mineral processing, screening, grinding, and material handling; and trommels for heavy and light duty applications. Further, the company designs and supplies tornado hydrocyclones for the mining and mineral processing sectors. It operates in North America, South America, Europe, the Middle East, Russia, Africa, South East Asia, Australia, and India. The company was incorporated in 1976 and is based in Kolkata, India. Tega Industries Limited is a subsidiary of Nihal Fiscal Services Private Limited.",none,,1798.75,1880.0,1740.0,4.0
PARAS.NS,Paras Defence and Space Technologies Limited,Industrials,Aerospace & Defense,11387.8,Mid,1413.1,2.39,1299.0,993.99,54.17,Bearish,Bullish,8.75,47.28,96.11,113.36,27.22,1.3858,0.525,50.65,4.76,1585.0,580.5,-10.85,143.43,-23.67,113.36,30.51,,Bull,Correcting,10,7.0,-7.01,1.9,0.78,Falling,Golden Cross,91,12.22,45.1,102.27,117.21,187.9,66.9,2.81,"Paras Defence and Space Technologies Limited designs, develops, manufactures, and tests defense and space engineering products and solutions in India and internationally. The company offers rugged networking and communication, rugged display and computing, and rugged command and control systems; mechanical products, including flow formed tubes; and avionic suites, as well as automated test equipment. It also provides diffractive gratings, Zerodur and metal mirrors, optical domes, gyro blocks, multifold and IR lenses, reflectors and coatings, deployable space antennas, CFRP structures for space applications, lens barrels, and ultra-precision manufacturing products; and rugged wired cabinets, shielded doors, honey comb air vents/filters, command and control console/systems, naval electronic time fuse, acoustic and magnetic sensing products, naval chart, other software modules, turnkey indigo simulator systems, transducer positioning systems and platforms, submarine winches, and titanium assemblies. In addition, It provides high performance embedded computing systems, substitution sub-systems, tank imaging components and sub-assemblies, turret stabilization systems, rugged tri-pods and quadri-pods, ARRV winch systems, and red dot reflex sight products; and heavy duty antenna mechanical structures, rugged COTS systems, data/video/image processing systems, rugged VME/VPX platforms, and active array radar cooling assemblies, as well as software development and system integration services. Additionally, it offers Electro-Magnetic Pulse shielded rooms and control centers, racks and cabinets, shielded doors, anechoic shielded chambers, EMP filters, shielded air vents and windows, EMP hardened products, and turnkey EMP projects. The company was formerly known as Paras Flowform Engineering Limited and changed its name to Paras Defence and Space Technologies Limited. Paras Defence and Space Technologies Limited was incorporated in 2009 and is based in Navi Mumbai, India",none,,820.0,820.0,820.0,1.0
VIYASH.NS,Viyash Scientific Limited,Healthcare,Drug Manufacturers - Specialty & Generic,11319.44,Mid,259.1,-1.22,262.63,234.78,46.03,Bearish,Bearish,-2.74,1.51,28.96,52.0,586.5,1.3891,0.974,43.22,4.11,298.0,171.78,-13.05,50.83,-28.62,52.0,42.82,-2.06,Bull,Correcting,43,7.0,-3.24,0.67,1.12,Stable,Golden Cross,331,0.73,-0.67,35.11,55.84,197.7,126.0,1.57,"Viyash Scientific Limited operates as a veterinary pharmaceutical Company in India, the United States, Spain, and internationally. The company provides active pharmaceutical ingredients, finished dosage formulations, analytical services, and VET formulation services for cattle and poultry. The company was formerly known as Sequent Scientific Limited and changed its name to Viyash Scientific Limited in January 2026. The company was incorporated in 1985 and is headquartered in Hyderabad, India. Viyash Scientific Limited operates as a subsidiary of CA Harbor Investments.",none,,322.25,334.0,310.0,4.0
TECHNOE.NS,Techno Electric & Engineering Company Limited,Industrials,Engineering & Construction,11280.48,Mid,969.95,-0.66,1021.38,1108.82,42.44,Bearish,Bearish,-1.57,-4.63,-13.71,-35.61,96.05,1.4746,0.778,39.31,3.18,1575.0,870.0,-38.42,11.49,-41.97,-35.61,28.88,26.64,Strong Bear,Damaged,260,3.0,-0.03,-0.35,1.39,Rising,Death Cross,69,1.9,-6.8,-7.55,-31.77,135.5,180.1,0.75,"Techno Electric & Engineering Company Limited provides engineering, procurement, and construction (EPC) services to the power generation, transmission, and distribution sectors in India. It offers operates gas insulated, hybrid, and EHV substations; and offers STATCOM installation services, as well as engages in flue gas desulphurization projects. The company also offers metering infrastructure and IT enabled services. In addition, it is involved in generation of wind power; agro business, and operating data centers. The company was incorporated in 1963 and is headquartered in Kolkata, India.",strong_buy,1.2,1432.0,1700.0,1280.0,4.0
UTIAMC.NS,UTI Asset Management Company Limited,Financial Services,Asset Management,11272.87,Mid,877.0,-0.28,905.15,967.77,39.36,Bearish,Bearish,-3.53,-1.89,-4.81,-29.64,-68.24,1.1649,0.408,28.37,1.71,1418.0,866.0,-38.15,1.27,-35.38,-29.64,8.69,-0.18,Strong Bear,Damaged,228,4.0,-2.9,-0.17,0.64,Falling,Death Cross,190,-0.06,-4.06,1.34,-25.8,92.0,133.0,0.69,"UTI Asset Management Company (P) Ltd. is a privately owned investment manager. It manages mutual funds for its clients. The firm invests in money market, fixed income, and public equity markets of India. It employs in-house research while making its investments. UTI Asset Management Company (P) Ltd. was incorporated on November 14, 2002 and is based in Mumbai, India.",none,,1068.7059,1200.0,840.0,17.0
QPOWER.NS,Quality Power Electrical Equipments Limited,Industrials,Electrical Equipment & Parts,11272.76,Mid,1455.6,-2.18,1246.73,1050.64,69.19,Bullish,Bullish,28.07,35.81,84.43,79.97,240.43,1.0751,1.963,55.25,3.96,1502.7,581.0,-3.13,150.53,-44.35,79.97,,,Strong Bull,Recovering,0,5.0,16.13,1.53,1.06,Stable,Golden Cross,328,31.54,33.64,90.58,83.81,128.3,28.6,4.49,"Quality Power Electrical Equipments Limited provides power products and solutions for power generation, transmission, distribution, and automation sectors in India and internationally. Its power products include reactors, line traps, transformers, instrument transformers, line tuners, metal enclosed capacitor banks, and composites; and power quality systems comprise static VAR compensators, harmonic filters, capacitor banks, shunt reactors, and static synchronous compensators. The company also offers converters, reactive power compensation systems, and power-electronic controllers. It serves renewable, steel, cement and metal, railway and locomotive electrification, and oil and gas industries, as well as power utilities, and automotive and industrial facilities. Quality Power Electrical Equipments Limited was incorporated in 2001 and is based in Sangli, India.",strong_buy,1.0,1550.0,1550.0,1550.0,1.0
SBFC.NS,SBFC Finance Limited,Financial Services,Credit Services,10989.69,Mid,99.23,-0.72,94.16,95.36,63.14,Bullish,Bullish,7.66,6.74,8.21,-8.17,149.1,0.9325,0.583,30.95,2.92,123.0,79.6,-19.33,24.66,-31.69,-8.17,,,Bull,Correcting,216,6.0,5.41,0.27,1.29,Rising,Death Cross,155,11.13,4.57,14.37,-4.33,75.9,82.0,0.93,"SBFC Finance Limited, a non-banking financial company, engages in fund-based financing activity in India. The company offers secured loans for micro, small, and medium enterprises (MSME); loans against gold; unsecured personal loans and unsecured business loans; and loan management services. It also operates as a corporate agent of insurance products. It serves entrepreneurs, small business owners, self-employed individuals, salaried and working-class individuals, and other individual customers. SBFC Finance Limited was incorporated in 2008 and is headquartered in Mumbai, India. SBFC Finance Limited operates as a subsidiary of SBFC Holdings Pte. Ltd.",strong_buy,1.14286,120.71429,135.0,105.0,7.0
PGIL.NS,Pearl Global Industries Limited,Consumer Cyclical,Apparel Manufacturing,10908.36,Mid,2361.6,0.58,2172.43,1788.43,55.76,Bearish,Bullish,11.27,41.79,58.83,93.17,164.95,1.3528,0.045,49.98,3.88,2539.6,1178.1,-7.01,100.46,-29.38,93.17,91.15,63.27,Strong Bull,Recovering,15,7.0,-2.66,1.18,1.21,Rising,Golden Cross,874,14.74,39.61,64.98,97.01,164.7,68.1,2.42,"Pearl Global Industries Limited, together with its subsidiaries, manufactures and sells readymade garments in India and internationally. The company offers knits, wovens, denim, outerwear, sleepwear and lounge, childrenswear, woven and knit garments, womenswear, menswear, activewear, and athleisure. It is also involved in the trading of ready-to-wear apparel; and skill development business. The company was formerly known as House of Pearl Fashions Limited. Pearl Global Industries Limited was incorporated in 1987 and is based in Gurugram, India.",strong_buy,1.42857,2610.625,3125.0,2079.0,8.0
VOLTAMP.NS,Voltamp Transformers Limited,Industrials,Electrical Equipment & Parts,10807.11,Mid,10682.0,-0.93,10118.62,9270.67,56.41,Bullish,Bullish,8.1,9.24,25.67,35.2,-37.09,0.8734,0.0,39.36,3.43,12863.0,6666.0,-16.96,60.25,-27.71,35.2,26.52,47.07,Bull,Correcting,86,6.0,5.02,0.65,1.11,Stable,Golden Cross,128,11.57,7.07,31.82,39.05,142.3,88.1,1.62,"Voltamp Transformers Limited manufactures and sells electrical transformers in India. It offers oil filled transformers, cast resin transformers, unitized sub-stations, induction furnace transformers, switchgears, compact sub stations, and ring main units. The company also provides various services related to transformers and electrical systems, including spares; asset management; diagnostic and condition monitoring; factory overhaul, repair, and refurbishment/capacity enhancement; customer training on site/virtual; retrofit and uprate; onsite overhauling; trouble shooting/emergency; and retro-fill services. It serves government and semi-government projects, refineries, fertilizer plants, cement, steel, chemical, pharmaceuticals, papers, and other industries, as well as state electricity boards. The company also exports its products. Voltamp Transformers Limited was founded in 1963 and is headquartered in Vadodara, India.",buy,2.0,10982.625,11900.0,10398.0,8.0
SIGNATURE.NS,Signatureglobal (India) Limited,Real Estate,Real Estate - Development,10766.7,Mid,765.3,-1.53,798.06,884.47,39.58,Bearish,Bullish,-6.48,-5.82,-20.34,-30.69,-70.13,1.2118,0.815,36.05,2.73,1158.0,705.2,-33.91,8.52,-37.71,-30.69,,,Strong Bear,Damaged,183,6.0,-4.54,-0.56,0.68,Falling,Death Cross,285,-3.01,-7.99,-14.19,-26.85,113.7,150.3,0.76,"Signatureglobal (India) Limited operates as a real estate development company in India. It operates through Real Estate, NBFC, and Others segments. The company focuses on affordable and mid segment housing. It also engages in non-banking financial company activities; supply of construction materials; buying, owning, selling, developing, and dealing in land and immovable property, which includes real estate consultancy services; infrastructure development; and purchase, sale, and deals in residential and commercial projects. In addition, the company offers corporate term and demand/term loans; and construction services based on construction contracts. Further, it undertakes residential projects, including independent floors, residential plots, and high-rise apartments; and commercial projects, such as society shops, malls, and shop-cum-office spaces. Signatureglobal (India) Limited was incorporated in 2000 and is based in Gurugram, India.",none,,1092.4,1246.0,940.0,5.0
SHREEJISPG.NS,Shreeji Shipping Global Limited,Industrials,Marine Shipping,10482.16,Mid,643.4,0.99,599.82,462.8,54.21,Bearish,Bearish,-2.6,36.04,70.6,152.65,19.23,1.1308,2.5384,43.8,3.78,681.55,222.0,-5.6,189.82,-22.24,152.65,,,Strong Bull,Recovering,19,8.0,-14.61,1.61,1.2,Rising,Golden Cross,210,0.87,33.87,76.75,,158.6,19.4,8.18,"Shreeji Shipping Global Limited provides shipping and logistic solutions for dry bulk cargo at ports and jetties in India and Sri Lanka. It offers cargo handling services, which includes lightering and stevedoring services, as well as other port services, including cargo management services; transportation services for dry bulk cargo, such as port to premise drop off services. The company provides fleet chartering and equipment rental services, which includes providing of vessels and earthmoving equipment on charter basis; and other equipment for loading and unloading of cargo. In addition, it engages in the sale of scrap. As of September 30, 2024, it operated a fleet of approximately 75 vessels, which consists of barges, mini bulk carriers, tug boats, and floating cranes; and approximately 380 earthmoving equipment, which include material handling machines, excavators, and pay loaders, as well as tippers, such as trailers, tankers, and other vehicles. It also engages in building of Ships and floating structures. It serves customers in oil and gas; energy and power; fast moving consumer goods; and coal and metal industries. Shreeji Shipping Global Limited was founded in 1995 and is based in Jamnagar, India.",none,,,,,
ZENSARTECH.NS,Zensar Technologies Limited,Technology,Information Technology Services,10445.25,Mid,460.55,-2.62,485.76,550.56,39.52,Bearish,Bearish,-10.01,-2.71,-14.92,-39.88,-90.29,1.0721,0.223,38.62,3.4,868.95,423.0,-47.0,8.88,-50.24,-39.88,-1.06,4.08,Strong Bear,Damaged,248,3.0,-9.11,-0.39,0.39,Falling,Death Cross,205,-6.54,-4.88,-8.77,-36.03,96.1,151.8,0.63,"Zensar Technologies Limited, a digital solutions and technology services company, provides technology consulting and system integration services in India, the Americas, Europe, Africa, and internationally. It operates through Digital and Application Services, and Cloud Infrastructure Services segments. The company offers- AI/ML, data annotation, data engineering, visualization and analytics, Al foundry intelligence, physical Al foundry, accelerated generative Al, automation, responsible Al for Gen Al, data Al and offering, and Google GenAl products, as well as engineering and platforms, digital experience platforms, and cloud transformation and operations. It also provides data engineering and analytics services comprising accelerated gen AI, Google gen AI, data engineering, AI and machine learning, automation, and visualization and analytics; and application management, quality engineering, enterprise change management, Oracle, salesforce, SAP, and veeva services. In addition, the company offers cloud infrastructure and security solutions, such as cloud, hybrid infrastructure, digital workplace, enterprise system management, and security; AI solutions; and brand strategy and design, consulting, and marketing and insights solutions. It serves manufacturing, retail, media, technology and telecom, consumer service, banking and financial service, insurance, healthcare and life sciences, public sector, and utilities industries. Zensar Technologies Limited was formerly known as Fujitsu ICIM Limited and changed its name to Zensar Technologies Limited in August 2001. Zensar Technologies Limited was incorporated in 1963 and is headquartered in Pune, India.",none,,580.6667,680.0,418.0,12.0
RATEGAIN.NS,RateGain Travel Technologies Limited,Technology,Software - Application,10363.74,Mid,875.35,-3.94,902.65,749.1,40.33,Bearish,Bullish,-9.82,15.37,83.15,71.03,80.51,1.4841,0.814,43.84,4.47,1050.0,437.0,-16.63,100.31,-39.34,71.03,17.25,,Bull,Correcting,8,6.0,-14.94,1.9,1.12,Stable,Golden Cross,75,-6.35,13.2,89.3,74.88,179.5,93.5,1.92,"RateGain Travel Technologies Limited, a software as a service (SaaS) company, provides solutions for hospitality and travel industries in India, North America, the Asia-Pacific, Europe, and internationally. The company operates through three segment Data-as-a-Service (DaaS), Distribution, and MarTech. It offers data as a service, such as competitive rate intelligence for hotels, airlines, OTAs, car rentals, tour operators, and cruises; revenue optimization for car rentals and tour operators; and travel-intent for hotels, airlines, car rentals, and travel-retail. The company also provides distribution solutions for enterprise/GDS connectivity, channel manager, and content management. In addition, it offers Martech for managed media, digital media, and social media management services. The company was formerly RateGain Travel Technologies Private Limited and changed its name to RateGain Travel Technologies Limited in 2021. RateGain Travel Technologies Limited was founded in 2004 and is based in Noida, India.",none,,1097.1,1350.0,650.0,10.0
RITES.NS,RITES Limited,Industrials,Engineering & Construction,10217.64,Mid,212.6,-1.75,217.64,220.34,40.26,Bearish,Bullish,-1.05,1.61,8.4,-15.06,-89.96,1.334,0.26,33.36,2.32,280.9,175.0,-24.31,21.49,-34.58,-15.06,-0.17,14.07,Bear,Damaged,250,5.0,-1.59,0.25,0.42,Falling,Death Cross,278,2.42,-0.56,14.56,-11.22,126.7,131.6,0.96,"RITES Limited, together with its subsidiaries, operates as an engineering consultancy company in the field of railways, highways, airports, ports, ropeways, urban transport, and inland waterways. The company operates through five segments: Consultancy Services; Leasing of Railway Rolling Stock & Equipments; Export of Rolling Stock, Equipments and Spares; Turnkey Construction Projects; and Power Generation. It provides consultancy services, including conducting techno-economic and feasibility studies and preparation of detailed project reports, design engineering services, procurement assistance services, project management consultancy services, quality assurance services and inspection, training services, construction supervision, materials system management services, and commissioning support and general transaction advisory services. The company also undertakes construction projects, such as railway line enhancement works for railway systems, modernization of railway workshops, and building works; leases locomotives; and provides quality assurance services, including pre-dispatch inspections, in-process/stage inspections, testing, and conformity assessments. In addition, it offers integrated export packages for rolling stock, including supply, leasing, rehabilitation, maintenance and spare part support; and renders technical consultancy for the establishment of new and modernization of existing workshops, facility planning for rolling stock maintenance, and training and technology transfer. The company serves governments, governmental instrumentalities, public sector enterprises, and large private entities in India, Asia, Africa, and internationally. RITES Limited was incorporated in 1974 and is based in Gurugram, India.",none,,278.0,289.0,267.0,2.0
OLECTRA.NS,Olectra Greentech Limited,Industrials,Farm & Heavy Construction Machinery,10168.98,Mid,1238.9,-0.67,1330.79,1286.24,33.15,Bearish,Bearish,-8.08,-4.02,36.7,-21.72,23.17,1.4852,0.299,43.24,3.32,1714.2,866.6,-27.73,42.96,-47.31,-21.72,3.33,30.29,Strong Bear,Damaged,245,2.0,-6.74,0.85,0.81,Falling,Golden Cross,55,-4.61,-6.19,42.85,-17.88,141.1,155.7,0.91,"Olectra Greentech Limited manufactures and sells electric buses and trucks in India. It operates in two segments, Composite Polymer Insulators and E-Vehicle. The company offers electric tippers. It also provides 1200KV, 330-420KV, 220-245KV, 110-132KV, 52-77KV, 33-36KV, 22-28KV, and 10-15KV composite polymer insulators for transmission and distribution; and tonne, bracket tube, and stay arm insulators for railways. It serves state and central government bodies, and power generation and distribution corporations; private power generation companies; and multinational infrastructure companies. The company was formerly known as Goldstone Infratech Limited and changed its name to Olectra Greentech Limited in July 2018. Olectra Greentech Limited was incorporated in 2000 and is headquartered in Hyderabad, India.",none,,,,,
WHIRLPOOL.NS,Whirlpool of India Limited,Consumer Cyclical,"Furnishings, Fixtures & Appliances",10156.17,Mid,800.2,-0.12,793.78,898.69,53.72,Bullish,Bullish,-1.89,0.6,-10.55,-38.86,63.26,1.0277,0.361,36.13,3.07,1437.0,751.0,-44.31,6.55,-46.97,-38.86,-19.52,-17.74,Strong Bear,Damaged,219,4.0,-2.09,-0.29,1.36,Rising,Death Cross,423,1.58,-1.57,-4.4,-35.02,79.4,129.7,0.61,"Whirlpool of India Limited manufactures and markets home appliances in India and internationally. It offers refrigerators, washing machines, air conditioners, microwave ovens, air fryer, kitchen, built-in, and small appliances, as well as dishwasher. The company sells its products through Internet. The company was incorporated in 1960 and is headquartered in Gurugram, India. Whirlpool of India Limited operates as a subsidiary of Whirlpool Corporation.",hold,2.54545,945.63635,1294.0,712.0,11.0
WELENT.NS,Welspun Enterprises Limited,Industrials,Engineering & Construction,10058.48,Mid,741.7,5.12,609.18,545.94,79.08,Bullish,Bullish,22.21,37.67,64.21,58.59,179.82,1.053,0.395,36.15,3.62,745.0,412.0,-0.44,80.02,-27.1,58.59,38.71,51.13,Strong Bull,At High,0,6.0,9.65,1.78,1.34,Rising,Golden Cross,68,25.68,35.5,70.36,62.43,139.8,67.1,2.08,"Welspun Enterprises Limited engages in the engineering, procurement, and construction of infrastructure development projects in India. The company develops and operates infrastructure for road transport, water, tunneling, and rehabilitation; hybrid annuity model and build; operate and transfer; and oil and gas exploration activities. It engages in carrying out operation and maintenance activities, as well as water transmission and distribution, water, and wastewater treatment businesses. The company was formerly known as Welspun Projects Limited and changed its name to Welspun Enterprises Limited in May 2015. The company was incorporated in 1994 and is headquartered in Mumbai, India.",none,,,,,
PCJEWELLER.NS,PC Jeweller Limited,Consumer Cyclical,Luxury Goods,9927.67,Mid,10.18,-1.36,9.89,10.03,50.18,Bullish,Bullish,3.67,10.89,12.74,-22.23,-24.84,1.2788,0.306,44.91,4.87,15.38,7.47,-33.81,36.28,-49.33,-22.23,55.55,32.05,Bull,Damaged,249,5.0,0.04,0.28,0.96,Stable,Death Cross,228,7.14,8.72,18.89,-18.39,103.7,124.6,0.83,"PC Jeweller Limited manufactures, sells, and trades in gold, diamond, silver articles, precious stone, and gold and diamond studded jewelry in India. It offers rings, earrings, pendants, gold chains, bracelets and bangles, nose pins, necklaces, and mangalsutra, as well as men's jewelry. It sells its jewelry through its retail showrooms, franchisee showrooms, and online. It also exports its products. The company was incorporated in 2005 and is based in New Delhi, India.",none,,,,,
SUDARSCHEM.NS,Sudarshan Chemical Industries Limited,Basic Materials,Specialty Chemicals,9917.51,Mid,1245.8,0.41,1089.21,1005.44,67.87,Bullish,Bullish,19.5,41.13,45.69,-16.07,164.3,1.2523,0.467,39.65,3.97,1603.0,726.4,-22.28,71.5,-50.94,-16.07,34.31,11.33,Bear,Damaged,245,4.0,5.79,1.15,1.15,Stable,Golden Cross,20,22.97,38.96,51.84,-12.23,85.6,90.1,0.95,"Sudarshan Chemical Industries Limited, together with its subsidiaries, manufactures and sells organic, inorganic and effect pigments, performance colorants, pearlescent pigments, and specialty chemicals in India and internationally. It operates through two segments, Pigments and Others. The company offers architectural, automotive, floor, industrial, wood, coil, glass, and powder coating products, as well as area marking and traffic paints; pigment solutions for personal care, stationary, cosmetics, automotive, consumer goods, packaging, construction and electrical, and fiber; and liquid, paste, and specialty printing inks. It also provides color printers, toners, and inkjets; and corrosion protection products. In addition, the company colorants, process chemicals, and specialized additives designed for anodizing, coloring, and sealing aluminum; and latex and paper coloration, seed coloration, crop protection, textile printing, concrete and plaster, leather coloration, and viscose coloration products. It also manufactures pollution control equipment, size reduction equipment, and grinding equipment for industrial applications; and clean air, grinding, and power handling solutions. Sudarshan Chemical Industries Limited was incorporated in 1951 and is headquartered in Pune, India.",strong_buy,1.42857,1325.5714,1470.0,911.0,7.0
TITAGARH.NS,Titagarh Rail Systems Limited,Industrials,Railroads,9889.58,Mid,824.95,-1.08,837.16,823.82,45.89,Bearish,Bearish,-2.92,-1.55,28.51,-2.02,1.22,1.5081,0.819,35.84,2.91,971.0,568.7,-15.04,45.06,-39.83,-2.02,7.94,54.84,Bull,Correcting,248,6.0,-2.4,0.8,0.82,Falling,Golden Cross,53,0.55,-3.72,34.66,1.82,162.8,152.6,1.07,"Titagarh Rail Systems Limited engages in the manufacture and sale of freight and passenger rail systems in India and internationally. The company offers forged wheel set, loco shells, couplers, draft gears, cast bogies, and cast manganese steel crossing products; automobile-carrying, flat, hopper, tank, box, covered, and special purpose wagons; and brake vans. It also provides passenger rolling stock products, including high speed electric loco, electric multiple unit train sets, metros, semi high-speed trains, light rail transport, diesel electric multiple units, body shells, and bogies; and propulsion and electrical equipment, such as traction converters and power electronics, propulsion systems, auxiliary power supply products, electronic equipment, traction motors, train control and monitoring systems, and hardware and software products. In addition, the company offers maintenance, assistance and global, repair, inspection and refurbishing, systems and electrical equipment upgrade, exteriors and interiors face-lift, and power upgrading services. Further, it engages in the shipbuilding business comprising coastal research vessels, naval vessels, passenger ships, tugs, and inland water transport vessels. Additionally, the company manufactures modular panel bridges, bailey bridges, unibridges, and matière X bridges; and defense products, such as shelters, specialized wagons, EMI/EMS containers, CBRNe equipment, mine ploughs, pressure vessels, and specialized canopies. Titagarh Rail Systems Limited has a strategic collaboration with TuTr Hyperloop Private Limited to develop hyperloop technology enabled freight transportation solutions. The company was formerly known as Titagarh Wagons Limited and changed its name to Titagarh Rail Systems Limited in May 2023. Titagarh Rail Systems Limited was incorporated in 1997 and is based in Kolkata, India.",strong_buy,1.22222,986.1111,1087.0,771.0,9.0
FINPIPE.NS,Finolex Industries Limited,Industrials,Building Products & Equipment,9759.47,Mid,157.84,1.61,164.41,175.03,42.21,Bearish,Bearish,-4.59,-8.73,-12.48,-22.77,31.84,0.8404,0.605,27.38,2.48,222.5,147.54,-29.06,6.98,-32.08,-22.77,-7.09,-0.65,Strong Bear,Damaged,251,5.0,-1.68,-0.46,1.06,Stable,Death Cross,443,-1.12,-10.9,-6.33,-18.93,52.4,81.3,0.64,"Finolex Industries Limited manufactures and sells polyvinyl chloride (PVC) pipes and fittings, and PVC resins in India. It operates in two segments, PVC Resin and PVC Pipes and Fittings. The company offers agriculture pipes and fittings; column pipes; casing pipes; and solvent cement and lubricants. It also provides plumbing and sanitation pipes and fitting, such as ASTM pipes and fittings; CPVC pipes and fittings; SWR pipes and fittings; sewerage pipes; and solvent cement, lubricant, and primer. The company distributes its products through dealers and retailers. Finolex Industries Limited was founded in 1956 and is based in Pune, India.",none,,199.14285,265.0,180.0,14.0
TEJASNET.NS,Tejas Networks Limited,Technology,Communication Equipment,9753.45,Mid,548.85,1.28,529.28,523.81,57.62,Bullish,Bullish,2.79,-4.75,9.85,-6.53,64.86,1.3471,-0.088,57.39,3.91,644.75,294.0,-14.87,86.68,-52.16,-6.53,-12.18,14.26,Bull,Correcting,53,5.0,4.37,0.17,0.93,Stable,Golden Cross,50,6.26,-6.92,16.0,-2.69,118.9,106.4,1.12,"Tejas Networks Limited provides telecom and data networking-related products and services in India and internationally. It offers radio access networks, fiber broadband access, satcom solutions, optical aggregation, switching and routing, direct-to-mobile broadcast solutions, metro core and backbone, packet transport networks, network management systems, and mobile packet core products. The company also designs, manufactures, and sells wireless and wireline networking products, including 4G/5G radio access (LTE/NR), converged 4G/5G core, fiber-to-home and fiber-to enterprise (GPON/XGSPON), optical transmission (DWDM/ PTN/OTN), carrier switching and routing (Ethernet, IP/MPLS), satellite, and broadcast networking products; and designs and develops software products that enable remote configuration, monitoring, provisioning and management. In addition, it provides network build, consultancy, nurture, and managed services. It serves communications service providers for both mobile and fixed broadband, internet service providers, broadband bandwidth providers, utility companies, defense, and government entities. The company was formerly known as Tejas Networks India Limited and changed its name to Tejas Networks Limited in March 2008. Tejas Networks Limited was incorporated in 2000 and is headquartered in Bengaluru, India.",none,,,,,
STAR.NS,Strides Pharma Science Limited,Healthcare,Drug Manufacturers - Specialty & Generic,9657.86,Mid,1047.8,2.3,1022.78,987.05,60.31,Bullish,Bearish,5.35,0.78,26.4,17.4,90.71,0.6191,0.393,36.49,3.3,1231.0,768.65,-14.88,36.32,-19.74,17.4,33.68,6.27,Bull,Correcting,71,6.0,5.09,0.72,0.96,Stable,Golden Cross,290,8.82,-1.4,32.55,21.24,87.1,54.8,1.59,"Strides Pharma Science Limited, a pharmaceutical company, engages in the development, manufacturing, and marketing of pharmaceutical products in North America, Australia, Africa, Europe, India, the rest of Asia, and internationally. The company offers generic finished dosage formulations in a range of dosages, such as tablets, hard capsules, sachets, liquids, nasal
sprays, topical formulations, and controlled substances; and therapeutic products, including antivirals, antibiotics, NSAIDs, and allergy treatment. It also provides branded generics, prescription medicines, and over-the-counter products for infectious diseases, pain management, cardiology, and wellness; and prescription generics for anti-infectives, CNS, cardiovascular, gastroenterology, pain management, and specialty products. The company was formerly known as Strides Shasun Limited and changed its name to Strides Pharma Science Limited in July 2018. Strides Pharma Science Limited was incorporated in 1990 and is headquartered in Bengaluru, India.",none,,1338.6666,1410.0,1254.0,3.0
SANOFICONR.NS,Sanofi Consumer Healthcare India Limited,Healthcare,Drug Manufacturers - General,9646.07,Mid,4182.4,1.08,4424.91,4521.87,33.47,Bearish,Bearish,-7.66,-10.89,0.17,-16.57,-76.12,0.4941,0.8203,30.55,2.32,5357.0,3975.0,-21.93,5.22,-24.43,-16.57,,,Bear,Damaged,249,6.0,-4.03,0.01,0.9,Stable,Death Cross,10,-4.19,-13.06,6.32,-12.72,44.9,62.4,0.72,"Sanofi Consumer Healthcare India Limited operates as a fast-moving consumer healthcare company in India. The company offers products in the allergy, physical wellness, and pain care segments under Allegra, Combiflam, Avil, DePURA, Festal, and other brand names through distributors, wholesalers, government institutions and hospitals, pharmacy chains, and e-commerce platforms. The company was incorporated in 2023 and is based in Mumbai, India. Sanofi Consumer Healthcare India Limited operates as a subsidiary of Opella Healthcare Participations B.V.",none,,5855.0,5855.0,5855.0,1.0
SANDUMA.NS,The Sandur Manganese & Iron Ores Limited,Basic Materials,Steel,9576.26,Mid,197.0,-1.7,204.72,203.21,40.74,Bearish,Bullish,-6.4,-11.39,0.05,36.83,-27.48,1.7623,0.827,51.42,2.95,273.0,151.5,-27.84,30.03,-35.18,36.83,,,Bear,Damaged,173,5.0,-2.6,0.0,0.99,Stable,Golden Cross,346,-2.93,-13.56,6.21,40.67,209.4,146.0,1.43,"The Sandur Manganese & Iron Ores Limited, together with its subsidiary, engages in the mining of manganese and iron ores in Deogiri village of Ballari District, Karnataka. It operates through three segments: Mining, Ferroalloys, and Coke and Energy. The company also manufactures and sells steel, ferroalloys and coke. In addition, it generates power through a 32-megawatt of cleaner by-product energy. The company serves steel manufacturers and ferroalloy producers. It also exports its products. The company was incorporated in 1954 and is based in Bengaluru, India. The Sandur Manganese & Iron Ores Limited is a subsidiary of Skand Private Limited.",none,,,,,
ELECON.NS,Elecon Engineering Company Limited,Industrials,Specialty Industrial Machinery,9348.5,Mid,416.6,1.06,450.99,478.05,38.66,Bearish,Bearish,-3.01,-21.37,6.47,-24.65,-42.87,1.5999,0.53,44.67,3.38,634.9,352.0,-34.38,18.35,-43.49,-24.65,0.43,41.26,Bear,Damaged,250,5.0,4.11,0.14,1.03,Stable,Death Cross,26,0.46,-23.55,12.62,-20.8,159.7,180.6,0.88,"Elecon Engineering Company Limited manufactures and sells industrial gears and material handling equipment in India and internationally. The company operates in two segments, Material Handling Equipment and Transmission Equipment. It offers helical and bevel helical, planetary, worm, wind turbine, marine, and custom-built gear boxes; and customized gear boxes, loose gears, and couplings. The company also provides material handling equipment, such as raw material handling systems, stackers, scrapers/reclaimers, bagging and weighing machines, wagon and truck loaders, crushers, wagon tipplers and associated equipment, feeders, idlers and pulleys, magnates/weighers/detectors, port equipment, and cable reeling drums; and alternate energy products. In addition, it engages in the ferrous and non-ferrous foundry business. Further, the company offers gearbox repair and refurbish services; and material handling equipment support services. It serves cement, sugar, defense, steel, mineral, metal, mining, power, plastic, material handling, chemical, crane, paper, rubber, marine, and fertilizer industries, as well as windmills. Elecon Engineering Company Limited was founded in 1951 and is based in Vallabh Vidya Nagar, India.",none,,500.5,550.0,451.0,2.0
YATHARTH.NS,Yatharth Hospital & Trauma Care Services Limited,Healthcare,Medical Care Facilities,9312.65,Mid,966.5,-0.85,873.63,780.51,66.23,Bullish,Bullish,14.38,19.55,45.97,37.99,142.58,0.8673,0.973,37.56,3.5,1024.85,538.25,-5.69,79.56,-33.79,37.99,42.08,,Strong Bull,Recovering,1,5.0,7.86,1.22,1.33,Rising,Golden Cross,325,17.85,17.38,52.13,41.83,107.8,53.4,2.02,"Yatharth Hospital & Trauma Care Services Limited, together with its subsidiaries, owns and operates super-specialty hospitals in India. The company offers services in the areas of medicine, cardiology, neurosciences, general surgery, nephrology and urology, pediatrics, gastroenterology, pulmonology, gynecology, orthopedics, spine and rheumatology, plastic and cosmetic surgery, ear, nose, throat, endocrinology, critical care, dermatology, nuclear medicine, and cancer and bone marrow transplant. It also provides services in the areas of GI surgery and liver transplant, robotic surgery, kidney transplant, IVF and fertility, emergency medicine, ophthalmology, dentistry, psychology and psychiatry, physiotherapy and rehabilitation, anesthesiology, radiology, pathology and laboratory medicine, nutrition and health, interventional spine and pain medicine, neurology, neurosurgery, and cardiovascular and thoracic surgery. In addition, the company sells medicines and canteen food. The company was incorporated in 2008 and is based in Noida, India.",none,,1052.25,1100.0,1000.0,4.0
TIMETECHNO.NS,Time Technoplast Limited,Consumer Cyclical,Packaging & Containers,9281.33,Mid,188.02,-1.32,191.92,189.79,43.32,Bearish,Bearish,-9.97,9.04,8.48,-18.92,-27.55,1.5205,0.233,36.3,3.37,249.15,154.0,-24.54,22.09,-36.09,-18.92,42.45,36.11,Bear,Damaged,250,6.0,-12.98,0.23,0.76,Falling,Golden Cross,25,-6.49,6.86,14.63,-15.08,118.7,136.0,0.87,"Time Technoplast Limited manufactures and sells polymer products in India. It operates in two segments, Polymer and Composite. The company offers industrial packaging products under TECHPACK brand, including drums; containers; pails; PET sheets; jerry cans used in chemicals, FMCG, and other industries; infrastructure solutions, such as high-density polyethylene (HDPE) pipes under Max'M brand used in water supply, drainage and sewage, power dust, etc.; and valve-regulated lead-acid (VRLA) batteries under MaxLife brand supplied to railways and solar industries; as well as DWC pipes and energy storage devices. It also provides technical and lifestyle products, including turf solutions under Duro Wipe, Duro Soft, Duro Turf, and Duro Comfort brands; matting solutions under Meadowz brand; and disposal bins under Dumpo Bins brand; as well as moulded furniture that includes sofas, five position reclining chairs, monoblocs, executive and baby chairs, chairs with writing desk, tables, trolleys, and stools under Regal brand name for use in homes, hotels, restaurants, hospitals, clubs, airlines, auditoriums, and tent houses. In addition, the company offers auto components, such as deaeration/radiator tanks under Tech DAT brand; spray suppression systems under 3S Rainflaps brand; fuel tanks under TechTank brand name; and air ducts. Further, the company provides value-added products, including composite cylinders, comprising LiteSafe LPG cylinders, NEX-G CNG cascades, and cylinders for hydrogen and oxygen; MOX which include cross laminated films, bags, and raincoats under Techpaulin brand; and intermediate bulk containers under GNX brand; as well as provides hi-tech products, such as DEF (urea), composite air, and hydraulic oil tanks. Additionally, it offers material handling products comprising crates and pallets; and kavach face shields. Time Technoplast Limited was incorporated in 1989 and is headquartered in Mumbai, India.",none,,280.0,280.0,280.0,1.0
THYROCARE.NS,Thyrocare Technologies Limited,Healthcare,Diagnostics & Research,9179.65,Mid,576.75,-2.34,570.14,484.39,46.99,Bearish,Bearish,-4.61,12.79,55.0,36.63,-38.31,0.4891,0.463,40.53,4.11,662.0,342.55,-12.88,68.37,-34.13,36.63,49.25,7.71,Bull,Correcting,15,7.0,-8.87,1.36,1.06,Stable,Golden Cross,85,-1.14,10.62,61.15,40.47,61.2,5.0,12.24,"Thyrocare Technologies Limited provides diagnostic testing services to patients, laboratories, and hospitals in India. It operates through three segments: Diagnostic Testing Services, Imaging Services, and Others. The Diagnostic Testing Services segment engages in the selling of consumables used for collection, and promotion of pathology. The Imaging Services segment sells radio-pharmaceutical and consumables for reporting. The Others segment engages in the sale of glucometer and glucostrips under the brand name sugarscan. The company offers diagnostic and pathological services. The company was founded in 1996 and is based in Navi Mumbai, India. Thyrocare Technologies Limited is a subsidiary of Docon Technologies Private Limited.",strong_buy,1.0,671.0,710.0,615.0,5.0
SAREGAMA.NS,Saregama India Limited,Communication Services,Entertainment,9162.23,Mid,477.3,-3.33,493.58,440.9,40.31,Bearish,Bearish,-12.03,0.23,50.73,0.04,-34.98,0.8822,0.635,41.53,4.09,574.5,307.05,-16.92,55.45,-37.36,0.04,8.35,8.17,Bull,Correcting,20,4.0,-12.11,1.22,0.87,Stable,Golden Cross,58,-8.56,-1.94,56.89,3.88,73.3,60.4,1.21,"Saregama India Limited operates as an entertainment company in India and internationally. It operates in four segments: Music, Artist Management, Video, and Events. The Music segment engages in the manufacture and sale of music storage device through Carvaan, Music Card, Vinyl records, etc., as well as dealing with related music rights. Its Artist Management segment manages influencers and artiste on an exclusive or non-exclusive basis. The Video segment is involved in the production and sale/telecast/broadcast of long-form and video content, as well as dealing in related rights. Its Events segment organizes live musical events through ticket sales and sponsorships. The company was founded in 1902 and is headquartered in Mumbai, India. Saregama India Limited operates as a subsidiary of Composure Services Private Limited.",none,,632.5,655.0,570.0,4.0
WEWORK.NS,WeWork India Management Limited,Real Estate,Real Estate Services,9162.2,Mid,661.1,-2.15,685.93,626.25,36.7,Bearish,Bearish,-10.34,3.13,37.8,,-32.6,0.8492,1.4066,39.35,3.82,794.5,420.0,-16.79,57.4,-34.15,,,,Bull,Correcting,18,5.0,-11.38,0.96,0.62,Falling,Golden Cross,55,-6.87,0.95,43.95,,57.3,37.2,1.54,"WeWork India Management Limited, together with its subsidiaries, engages in the rental and operation of office buildings and coworking spaces in India. The company offers office spaces, including private and managed offices; coworking spaces; and value-added services such as fit-out customization, events and hospitality, F&B services, technology services, overages, shoots and studios, parking, and solutions for global capability centers. It also provides advertising services through digital signage, ads in community newsletters, tabletops and standees, in-app and email notifications, and brand promotional spaces. In addition, the company operates Rivet, a design and build workspace company that provides existing site analysis and technical due diligence, spatial and space type planning, design concepts, electro-mechanical design, building management system integration and IoT design, arts and graphics, wayfinding and signage, project management, testing and commissioning, and documentation and handover of fit-out services. Further, it offers digital products comprising WeWork All Access, a monthly coworking membership that gives individuals and teams access to WeWork centers; Virtual Office, which provides members with a registered address for company incorporation, GST, and statutory filings; WeWork On-Demand, a flexible pay-per-use access to WeWork; and WeWork Workplace, a SaaS platform for workspace management. The company serves Fortune 500 companies, large enterprises, global capability centers, mid-sized businesses, startups, and independent professionals. WeWork India Management Limited was incorporated in 2016 and is based in Bengaluru, India.",none,,896.1429,995.0,791.0,7.0
TARIL.NS,Transformers and Rectifiers (India) Limited,Industrials,Electrical Equipment & Parts,9065.01,Mid,302.0,-2.23,307.61,326.89,48.55,Bullish,Bullish,2.65,-5.95,4.21,-39.6,3.08,1.7699,-0.251,59.55,3.43,552.0,224.05,-45.29,34.79,-57.19,-39.6,78.55,77.52,Bear,Damaged,245,5.0,4.63,0.07,0.7,Falling,Death Cross,211,6.12,-8.12,10.36,-35.76,170.9,207.3,0.82,"Transformers and Rectifiers (India) Limited, together with its subsidiaries, manufactures and sells transformers in India. The company provides power transformers, such as generator transformers, unit and station auxiliary transformers, small and medium power transformers, and trackside transformers for railways; and rectifier transformers, including 6 and 12/24 pulse transformers with IPT, as well as transformers for bridge construction. It offers distribution transformers, including energy efficient transformers, transformers with packaged substations, copper and aluminium wounds, hermitically sealed type transformers, and transformers with corrugated cooling fins. In addition, the company provides furnace transformers consisting of electric arc furnace and submerged arc furnace transformers, ladle refining furnace transformers, induction furnace transformers, and DC arc furnace transformers; specialty transformers, including testing and earthing transformers and transformers having multiple secondaries; and shunt and series reactors. It exports its products. The company was formerly known as Triveni Electric Company Limited and changed its name to Transformers and Rectifiers (India) Limited in March 1995. Transformers and Rectifiers (India) Limited was founded in 1981 and is based in Ahmedabad, India.",none,,344.33334,447.0,291.0,3.0
SWANCORP.NS,Swan Corp Limited,Industrials,Conglomerates,8946.06,Mid,285.4,-1.38,308.4,354.64,26.54,Bearish,Bearish,-8.93,-8.32,-20.83,-36.95,18.21,1.1653,-0.123,34.38,2.47,506.0,282.2,-43.6,1.13,-41.62,-36.95,2.96,15.41,Strong Bear,Damaged,246,3.0,-6.16,-0.61,0.61,Falling,Death Cross,404,-5.46,-10.49,-14.67,-33.1,57.9,114.7,0.5,"Swan Corp Limited manufactures and markets cotton, polyester cotton, linen and viscose fabrics, and non-lycra products in India and internationally. It operates through Textiles, Energy, Construction/Others, Distribution & Development, Warehousing, Manufacturing, and Shipyard segments. The company develops commercial and residential real estate projects. It is also involved in the operation of the LNG port terminal. In addition, the company engages in the trading of petrochemical products. Further, it engages in commercial shipbuilding, defense vessels, repairs and refits, offshore fabrication, port infrastructure, and port security. The company was formerly known as Swan Energy Limited and changed its name to Swan Corp Limited in July 2025. Swan Corp Limited was incorporated in 1909 and is based in Mumbai, India.",none,,,,,
WAAREERTL.NS,Waaree Renewable Technologies Limited,Industrials,Engineering & Construction,8906.16,Mid,853.25,-1.22,920.44,955.12,27.24,Bullish,Bearish,-6.5,-12.06,5.86,-17.85,-57.09,1.3837,1.5472,38.72,1.99,1358.0,779.5,-37.17,9.46,-41.2,-17.85,,,Strong Bear,Damaged,221,3.0,-2.48,0.15,0.45,Falling,Death Cross,20,-3.03,-14.23,12.01,-14.0,125.1,136.1,0.92,"Waaree Renewable Technologies Limited engages in the generation of power through renewable energy sources in India. The company offers ground mounted solar; capex model; resco opex; rooftop solar; floating solar; and operations and maintenance solutions. It also provides engineering, procurement, and construction (EPC) services. The company serves the individual, industrial, and commercial sectors. The company was formerly known as Sangam Renewables Limited and changed its name to Waaree Renewable Technologies Limited in July 2021. The company was incorporated in 1999 and is headquartered in Mumbai, India. Waaree Renewable Technologies Limited operates as a subsidiary of Waaree Energies Limited.",none,,,,,
TSFINV.NS,TSF Investments Limited,Financial Services,Asset Management,8897.19,Mid,403.15,0.01,424.31,424.85,35.98,Bearish,Bearish,-12.96,1.91,8.01,-13.26,-45.18,1.443,0.498,42.98,2.88,701.5,331.7,-42.53,21.54,-50.37,-13.26,52.73,38.99,Bear,Damaged,230,6.0,-13.6,0.19,0.63,Falling,Death Cross,0,-9.49,-0.27,14.16,-9.41,108.1,112.7,0.96,"TSF Investments Limited, together with its subsidiaries, invests in the auto component sector in India and internationally. It operates through Investments, Shared Services  Domestic, Shared Services  Overseas, Manufacturing, and Other segments. The company offers axle housings for medium and heavy commercial vehicles; and forged components for the automobile industry. It also provides outsourcing support services to large and mid-sized firms. The company was formerly known as Sundaram Finance Holdings Limited and changed its name to TSF Investments Limited in October 2025. TSF Investments Limited was incorporated in 1993 and is based in Chennai, India.",none,,,,,
PNGJL.NS,P N Gadgil Jewellers Limited,Consumer Cyclical,Luxury Goods,8715.87,Mid,592.1,0.93,606.37,599.15,41.78,Bearish,Bearish,-9.49,3.45,16.11,2.21,-35.59,0.9274,1.1566,34.31,3.44,736.4,503.0,-19.6,17.71,-28.39,2.21,,,Bear,Correcting,83,5.0,-10.64,0.47,0.84,Falling,Golden Cross,24,-6.01,1.28,22.26,6.05,97.5,82.0,1.19,"P N Gadgil Jewellers Limited, together with its subsidiaries, engages in the retail sale of gems, diamonds, semi-precious stones, and jewellery products in India and the United States. The company sells traditional, modern, and functional jewellery in gold, silver, platinum, and diamond, including earrings, rings, necklaces, pendants, mangalsutras, bracelets and bangles, and nosepins, as well as naths, chains, and bullions. It also engages in the manufacture and sale of jewellery products. The company sells its products through retail stores and various online marketplaces, as well as through its e-commerce website. P N Gadgil Jewellers Limited was founded in 1832 and is headquartered in Pune, India.",none,,796.5,800.0,793.0,2.0
RAILTEL.NS,RailTel Corporation of India Limited,Communication Services,Telecom Services,8715.08,Mid,271.55,-2.28,290.44,313.6,35.55,Bearish,Bearish,-5.93,-12.93,-1.74,-19.14,86.53,1.7357,0.725,39.43,2.5,412.9,245.0,-34.23,10.84,-38.23,-19.14,19.04,16.19,Strong Bear,Damaged,250,2.0,-1.62,-0.04,0.86,Stable,Death Cross,219,-2.46,-15.11,4.41,-15.3,158.1,173.7,0.91,"RailTel Corporation of India Limited provides broadband telecom and multimedia network services in India, Jamaica, and Trinidad and Tobago. It operates through Telecom Services and Project Work Services segments. The company offers telecom services, such as managed data services, leased lines, virtual private networks, internet leased lines, data centers, tower collocation, rack and space collocation, and national long distance (NLD) for voice carriage; and NIC e-office, HD video conferencing, security operation center, RailWire broadband, internet leased lines, consultancy services, signaling services, Aadhaar-based services, and eNivida. It also provides optic fiber network services; internet service provider services through wireless infrastructure and other telecommunication networks; information and communication technology (ICT) services, including connectivity and cloud services; and maintenance services for telecom infrastructure. In addition, the company provides project services, including station Wi-Fi, hospital management information systems, BharatNet, National Knowledge Network, video surveillance systems, and railway signaling works; telecom and IT services-related projects; and enterprise-specific IT and ITES projects. It serves government organizations, ministries, educational institutions, corporates, retail customers, banks, NBFCs, and private enterprises. The company exports its services. RailTel Corporation of India Limited was incorporated in 2000 and is based in New Delhi, India.",none,,245.0,270.0,220.0,2.0
ZEEL.NS,Zee Entertainment Enterprises Limited,Communication Services,Broadcasting,8699.42,Mid,90.57,-3.04,101.15,99.24,34.97,Bearish,Bearish,-9.02,-19.33,10.61,-20.52,34.14,1.0692,0.447,45.21,6.02,121.8,68.0,-25.64,33.19,-42.97,-20.52,-29.97,-14.09,Bear,Damaged,246,6.0,-2.58,0.23,0.98,Stable,Golden Cross,51,-5.55,-21.5,16.77,-16.68,64.1,81.9,0.78,"Zee Entertainment Enterprises Limited, together with its subsidiaries, engages in broadcasting satellite television channels and digital media in India and internationally. The company broadcasts Hindi general entertainment channels, such as Zee TV, Zee TV HD, &tv, &tv HD, and BIG Magic; Hindi movie channels comprising Zee Anmol Cinema, Zee Cinema, Zee Action, Zee Classic, &pictures, and Zee Bollywood, as well as Zee Cinema HD, &xplor HD, and &pictures HD; and regional entertainment channels, including Zee Marathi, Zee Yuva, Zee Bangla, Zee Tamil, Zee Telegu, Zee Kannada, Zee Sarthak, Zee Ganga, Zee Talkies, Zee Bangla Cinema, Zee Bioskop, Zee Marathi HD, Zee Talkies HD, Zee Telugu HD, and Zee Bangla HD. It also broadcasts Zee Café, Zee Café HD, &privé HD, Zee Studio, &flix, &flix HD, Zeezest, Zeezest HD, Zee TV Canada, Zee TV Caribbean, Zee Magic, Zee World, Zee One, and Zee Bollymovies. In addition, it produces and distributes movies through Zee Studios and Zee Plex; publishes music through Zee Music CO; operates Zee5 OTT platform; act as a space selling agent for other satellite television channels; and sells media content, which include programs/film rights/feeds/music rights. The company was formerly known as Zee Telefilms Limited and changed its name to Zee Entertainment Enterprises Limited in January 2007. Zee Entertainment Enterprises Limited was incorporated in 1982 and is based in Mumbai, India.",none,,102.66667,125.0,80.0,12.0
RELAXO.NS,Relaxo Footwears Limited,Consumer Cyclical,Footwear & Accessories,8623.23,Mid,346.4,-3.6,380.31,378.66,29.24,Bearish,Bearish,-14.81,4.95,4.95,-27.47,-89.87,1.3258,0.613,43.89,3.95,526.0,236.5,-34.14,46.47,-52.36,-27.47,-28.43,-21.04,Strong Bear,Damaged,260,3.0,-16.46,0.11,0.5,Falling,Golden Cross,23,-11.33,2.78,11.11,-23.63,127.0,147.4,0.86,"Relaxo Footwears Limited engages in the manufacture and sale of footwear and related products for men, women, and kids in India and internationally. The company offers casual, running, athleisure, walking, sneakers, formal, sports, school, and training and gym shoes; and slippers, sandals, flip-flops, slides, chappals, and clogs, as well as footwear accessories. The company also provides wind power generation services. The company provides its products under the Relaxo, Bahamas, Flite, Sparx, BOSTON, Mary Jane, Schoolmate, and KidsFun brands. It sells its products through exclusive branded outlets and e-commerce portals. Relaxo Footwears Limited was founded in 1976 and is based in New Delhi, India.",hold,2.7,401.8,460.0,290.0,10.0
RELIGARE.NS,Religare Enterprises Limited,Financial Services,Insurance - Life,8551.46,Mid,248.06,-0.69,243.33,241.23,57.41,Bullish,Bearish,-3.29,8.73,22.6,4.45,113.56,1.1348,-0.244,37.73,3.31,280.0,196.51,-11.41,26.23,-24.96,4.45,3.37,8.0,Bull,Correcting,50,5.0,-6.2,0.6,1.27,Rising,Golden Cross,50,0.18,6.56,28.76,8.29,107.8,93.3,1.16,"Religare Enterprises Limited, through its subsidiaries, provides various financial services in India and internationally. It operates through Investment and Financing Activities; Broking Related Activities; E-Governance; and Insurance segments. The company provides small and medium enterprise financing; and housing finance products comprising home-purchase, home construction, and home improvement loans. It also offers broking services in equity, currency, and commodity; and depository participant services, as well as operates as a NSDL-appointed enrolment agency for Aadhaar Unique Identification Number, and a mutual fund distributor. In addition, the company provides health, critical illness, personal accident, top-up coverage, international travel, and maternity insurance products, as well as group health and personal accident insurance for corporates. Further, the company engages in the permanent account number issuance; tax deduction and collection account number and e-TDS returns; acting as a business correspondent for banking services; bharat bill payment systems and recharges; ticketing for airlines, railways, buses, and tourism through online and offline platforms; digital signature certificate and token services; and operating as a central record keeping agency facilitation center. The company was incorporated in 1984 and is headquartered in New Delhi, India.",none,,,,,
WESTLIFE.NS,Westlife Foodworld Limited,Consumer Cyclical,Restaurants,8498.84,Mid,547.55,-1.15,535.67,531.45,47.16,Bearish,Bullish,0.99,23.35,15.18,-23.69,-44.59,0.5162,-0.04,39.01,4.02,775.0,398.4,-29.35,37.44,-44.84,-23.69,-16.16,-0.31,Bear,Damaged,250,4.0,-6.79,0.39,0.59,Falling,Golden Cross,5,4.46,21.18,21.34,-19.85,24.3,46.9,0.52,"Westlife Foodworld Limited, through its subsidiary, Hardcastle Restaurants Private Limited, owns and operates a chain of McDonald's restaurants in Western and Southern India. The company operates through various restaurants, such as freestanding, food court, in-store, and mall stores. It also offers brand extensions, including McCafe, McDelivery, McBreakfast, and Dessert Kiosks. The company was formerly known as Westlife Development Limited and changed its name to Westlife Foodworld Limited in November 2022. Westlife Foodworld Limited was incorporated in 1982 and is based in Mumbai, India.",hold,2.57143,548.4286,730.0,450.0,21.0
GNFC.NS,Gujarat Narmada Valley Fertilizers & Chemicals Limited,Basic Materials,Chemicals,8477.74,Mid,576.95,0.16,547.79,510.67,57.15,Bearish,Bullish,11.01,15.45,34.5,11.07,117.59,1.1309,0.192,29.9,2.54,619.0,365.0,-6.79,58.07,-29.52,11.07,6.19,11.61,Strong Bull,Recovering,10,6.0,5.86,1.15,0.94,Stable,Golden Cross,65,14.48,13.27,40.66,14.91,102.4,76.7,1.34,"Gujarat Narmada Valley Fertilizers & Chemicals Limited engages in the manufacturing and selling of fertilizers, industrial chemical products and providing IT services in India and internationally. It operates in two segments, Chemical and Fertilizers. The Chemical segment offers chemicals and petrochemicals plants such as methanol, formic acid, acetic acid, toluene di- isocyanate (TDI), technical grade urea (TGU), weak nitric acid, concentrated nitric acid, ethyl acetate, aniline and ammonium nitrate. The Fertilizers segment provides urea and ammonium nitro phosphate under the Bharat brand name. In addition, it offers various information technology related hardware and software services. Further, the company serves agricultural federations, agro based industries, cooperatives, private distributors, institutional buyers, individual cultivators, micro, small and medium enterprises, large industrial organizations, government bodies, public sector enterprises, and small-scale manufacturing units. The company was formerly known as Gujarat Narmada Valley Fertilizers Co. Ltd. Gujarat Narmada Valley Fertilizers & Chemicals Limited was incorporated in 1976 and is headquartered in Bharuch, India.",none,,,,,
EQUITASBNK.NS,Equitas Small Finance Bank Limited,Financial Services,Banks - Regional,8402.18,Mid,73.45,0.04,75.11,69.89,41.8,Bearish,Bearish,-3.84,-0.68,26.57,44.47,-62.91,1.301,0.444,33.89,2.69,83.9,50.85,-12.46,44.44,-27.19,44.47,-4.63,4.16,Bull,Correcting,36,5.0,-3.61,0.78,0.63,Falling,Golden Cross,86,-0.37,-2.85,32.73,48.32,137.9,82.8,1.67,"Equitas Small Finance Bank Limited provides various banking products and services to individuals and corporates, and micro, small, and medium enterprises in India. The company operates through Treasury, Corporate/Wholesale Banking, Retail Banking, and Other Banking Operations segments. It provides fixed and term deposit products, and savings and current accounts, as well as trust, association, society, and club accounts. The company also offers various loans, such as small business loans; vehicle financing, including used and new commercial vehicles and passenger cars; microfinance and microloans; affordable housing finance; MSE and NBFC finance; gold and staff loans; credit cards; and personal loans. In addition, it provides lockers; forex services; life insurance products, including traditional, term, and ULIP; general insurance products, such as motor, fire, PA, and Sachet; health insurance products, including SAHI plans; mutual funds; FASTag; and the three-in-one account, comprising bank, demat, and trading. It serves children and senior citizens, non-resident Indians (NRIs), and farmers through banking outlets, offices, and ATMs. The company was formerly known as Equitas Finance Limited. Equitas Small Finance Bank Limited was incorporated in 1993 and is based in Chennai, India.",none,,86.52632,98.0,64.0,19.0
FIRSTCRY.NS,Brainbees Solutions Limited,Consumer Cyclical,Internet Retail,8288.77,Mid,170.82,-3.86,205.67,249.67,13.45,Bearish,Bearish,-20.45,-22.75,-21.56,-52.04,48.4,0.8735,0.426,42.47,3.82,438.7,168.15,-61.06,1.59,-58.27,-52.04,,,Strong Bear,Damaged,255,1.0,-12.87,-0.51,0.88,Stable,Death Cross,535,-16.98,-24.93,-15.4,-48.2,49.7,138.9,0.36,"Brainbees Solutions Limited operates multi-channel retailing platform for mothers, babies, and kids products in India and internationally. The company offers products in various categories, including boy and girl fashion products, footwear, toys, diapering and gear products, feeding and bath products, nursery products, health and safety products, boutiques, women's beauty and care products, moms and maternity products, birthday and gift products, books and CDs, and school supplies under third-party Indian brands and global brands, as well as its home brands, such as BabyHug, Babyoye, Cutewalk, Pine Kids, and others. It also owns and operates pre-schools. The company sells its products through company-owned modern stores, franchisee-owned stores, e-commerce website, and general trade retail distribution, as well as through FirstCry platform. Brainbees Solutions Limited was incorporated in 2010 and is headquartered in Pune, India.",hold,2.57143,243.14285,266.0,205.0,7.0
EUREKAFORB.NS,Eureka Forbes Limited,Consumer Cyclical,"Furnishings, Fixtures & Appliances",8184.37,Mid,422.95,-1.13,444.15,486.55,42.22,Bullish,Bearish,-8.85,-4.05,-4.81,-25.05,38.14,0.7458,-0.034,31.82,3.51,668.3,403.2,-36.71,4.9,-37.14,-25.05,,,Strong Bear,Damaged,196,3.0,-7.5,-0.15,0.9,Stable,Death Cross,149,-5.38,-6.22,1.35,-21.21,49.3,77.4,0.64,"Eureka Forbes Limited engages in manufacturing, trading, renting, selling, and servicing of vacuum cleaners, water filter cum purifiers, air purifiers electronic air cleaning systems, and related products in India and internationally. The company also offers water softeners and water solutions. It serves individual consumers, educational institutions, retail stores, households, banks, IT companies, hospitals, small and medium enterprises (SMEs), hotels, government organizations, and other commercial establishments. The company was formerly known as Forbes Enviro Solutions Limited and changed its name to Eureka Forbes Limited in February 2022. Eureka Forbes Limited was founded in 1982 and is based in Mumbai, India. The company operates as a subsidiary of Lunolux Limited.",strong_buy,1.07692,638.46155,790.0,547.0,13.0
ORKLAINDIA.NS,Orkla India Limited,Consumer Defensive,Packaged Foods,8094.69,Mid,590.9,1.09,580.02,611.44,58.06,Bullish,Bullish,1.98,-5.69,3.26,,143.12,0.4384,0.3397,27.23,3.12,760.0,533.25,-22.25,10.81,-24.69,,,,Strong Bear,Damaged,214,2.0,3.88,0.12,1.15,Stable,Death Cross,213,5.46,-7.86,9.41,,45.5,65.1,0.7,"Orkla India Limited operates as a food company, manufactures and sells spices and convenience foods in India and internationally. It offers sambar, chicken, puliogare, rasam, and meat blended spice masala; and chilli, kashmiri chilli, turmeric, coriander, and cumin pure spices. The company also provides ready-to-cook, such as breakfast, sweet, and badam milk beverage mixes; ready-to-eat, includes paneer butter masala, dal makhani, and chana masala, as well as various rice dishes such as veg pulao and tomato rice; vermicelli and macaroni; badam drink and coffee beverages, pickles, ginger garlic paste, malabar parotas, cooking aids, pulses, rice, coconut milk, desserts, and other confectionery items. It sells its products through e-commerce websites and commerce platform under the MTR, Eastern, Rasoi Magic, Wok N Roll, and Laban brand names. The company was formerly known as MTR Foods Private Limited. The company was founded in 1924 and is based in Bengaluru, India. Orkla India Limited is a subsidiary of Orkla Asia Pacific Pte. Ltd.",none,,741.6667,800.0,680.0,6.0
TIPSMUSIC.NS,Tips Music Limited,Communication Services,Entertainment,8071.93,Mid,631.45,-1.87,658.34,620.45,38.87,Bearish,Bearish,-5.66,-8.61,23.17,11.05,-83.1,0.7471,0.246,37.43,3.02,741.0,481.15,-14.78,31.24,-19.85,11.05,31.08,40.28,Bull,Correcting,36,4.0,-2.79,0.62,0.47,Falling,Golden Cross,90,-2.18,-10.79,29.33,14.89,79.9,55.3,1.44,"Tips Music Limited engages in the acquisition and exploitation of music rights in India and internationally. The company involved in the production and acquisition of audiovisual music content and monetisation of the content library digitally. It also provides live events and concerts services. The company was formerly known as Tips Industries Limited and changed its name to Tips Music Limited in September 2024. The company was founded in 1975 and is based in Mumbai, India.",none,,759.0,810.0,723.0,3.0
SONATSOFTW.NS,Sonata Software Limited,Technology,Information Technology Services,8007.66,Mid,289.3,0.1,299.66,303.75,41.61,Bearish,Bearish,-17.1,10.79,15.15,-16.19,-72.25,1.5791,0.394,45.86,4.49,421.5,207.15,-31.36,39.66,-47.26,-16.19,-16.1,1.96,Bear,Damaged,249,6.0,-20.7,0.33,0.64,Falling,Death Cross,435,-13.63,8.62,21.3,-12.35,156.2,168.6,0.93,"Sonata Software Limited, together with its subsidiaries, provides information technology services and solutions in the United States, the United Kingdom, Ireland, rest of Europe, Australia, New Zealand, the Middle East, and the Asia Pacific. The company offers application management, cybersecurity, digital contact centre, and global capability center solutions; and product engineering, quality assurance, salesforce implementation, and SAP modernization services, as well as Optima, a software testing solution. It also provides artificial intelligence (AI), such as agentic and generative AI solutions; cloud modernization solutions, including AWS, Azure, Cloud Labs, and GCP; customer experience (CX) solutions comprising SAP and Sonata CX; data modernization solutions consisting of data privacy, enterprise data portfolio, Microsoft fabric, and Snowflake; .NET upgrades; dynamics modernization solutions, such as AI-led D365 transformation, continuous modernization, D365 customer experience, Microsoft power platform, and migration; blockchain solutions; and hyper automation solutions, including digital assurance, finance processes automation, HR process automation, robotic process automation (RPA), RPA migration factory, and SCM process automation. In addition, the company offers managed cloud and infrastructure, AI-driven quality engineering, and technology consulting services. It serves banking, mortgage, lending, insurance, healthcare, life sciences, hi-tech, manufacturing, and retail sectors. The company was founded in 1986 and is headquartered in Bengaluru, India.",none,,325.14285,404.0,260.0,7.0
V2RETAIL.NS,V2 Retail Limited,Consumer Cyclical,Apparel Retail,7954.93,Mid,218.16,-1.4,221.41,213.58,45.25,Bullish,Bearish,0.19,-12.03,13.17,26.65,47.29,0.9631,0.263,40.07,2.58,259.25,158.56,-15.85,37.59,-27.45,26.65,155.01,77.55,Bull,Correcting,64,5.0,4.2,0.33,0.69,Falling,Golden Cross,93,3.66,-14.2,19.32,30.49,103.6,59.5,1.74,"V2 Retail Limited, together with its subsidiary, V2 Smart Manufacturing Private Limited, engages in the retail trade of garments, textiles, and accessories in India. It is involved in the retail sale of ready-made garments, hosiery goods, and other articles of clothing and clothing accessories under the Godspeed, Herrlich, Glamora, Ebellia, and Honey Brats brands. The company was formerly known as Vishal Retail Ltd and changed its name to V2 Retail Limited in February 2012. V2 Retail Limited was incorporated in 2001 and is based in Gurugram, India.",none,,,,,
GPPL.NS,Gujarat Pipavav Port Limited,Industrials,Marine Shipping,7952.74,Mid,164.44,0.26,153.32,153.92,72.91,Bullish,Bullish,11.63,8.8,4.3,14.64,164.83,1.074,0.447,29.27,2.24,200.09,141.55,-17.82,16.17,-26.46,14.64,17.34,14.85,Strong Bull,Correcting,183,8.0,8.7,0.15,1.1,Stable,Death Cross,111,15.1,6.63,10.45,18.48,96.1,68.8,1.4,"Gujarat Pipavav Port Limited engages in the construction, operation, and maintenance of port at Pipavav in Gujarat, India. The company provides port services, including marine, berth hire, wharfage, yard operation, stevedorage, and other services. Its port handles bulk and break-bulk cargo comprising coal, cement, clinker, fertilizers, steel, iron ore, agri-products, salt, and soda ash; dry bulk cargo; and liquid cargo, including LPG, POL, chemicals, vegetable oils, bitumen, etc., as well as offers roll-on roll-off, towage, maritime personnel, and storage and warehousing services. It also offers buffer yard facilities, containers, container freight station, and inland transportation solutions; data and door turning services; rail-out by bill of lading services; and customs examination facility, direct port delivery, and RMS port delivery services. The company was incorporated in 1992 and is based in Mumbai, India.",buy,2.25,178.5,210.0,131.0,8.0
GAEL.NS,Gujarat Ambuja Exports Limited,Consumer Defensive,Packaged Foods,7834.09,Mid,170.8,-0.71,166.45,148.98,50.43,Bearish,Bullish,-2.9,9.78,25.78,66.06,-43.59,0.7803,-0.005,36.25,4.18,184.99,101.2,-7.67,68.77,-16.73,66.06,13.1,12.76,Strong Bull,Recovering,9,7.0,-6.16,0.71,1.11,Stable,Golden Cross,180,0.57,7.61,31.94,69.9,112.0,35.0,3.2,"Gujarat Ambuja Exports Limited engages in the agro processing business in India and internationally. It operates through the Agro, Spinning, Maize, and Power segments. The company offers starch derivatives, including maize starch, liquid glucose, dextrose monohydrate powder, maltodextrin, sorbitol 70% solution, dextrose anhydrous powder, pregelatinized starch, maltitol syrup, glucose syrup solids, high maltose corn syrup, and dextrose syrup; and soya derivatives, including defatted soya flour/flakes/grits, full fat soya flour/flakes/grits, liquid soya lecithin, and soya granules and soya nuggets. It also provides feed ingredients comprising corn gluten meal, cattle feed, rapeseed extraction meal, soybean meal, maize germ, corn steep liquor, maize fiber, and CSL fiber; edible oils, including filtered groundnut, filtered mustard, refined corn, refined cotton seed, refined palm, refined soybean, and refined sunflower oils; and agro based products, such as bakery shortening, Vanaspati ghee, and wheat flour. In addition, the company produces animal feeds and sorbitol; and cotton and polyester yarn. Further, it is involved in power generation through wind mills, bio gas, thermal power, and solar plants. The company sells its products to multinational companies, large corporations, wholesalers, manufacturers, dealers, micro, small, and medium enterprises, and small vendors. It serves pharmaceuticals, cosmetics, paints, paper, bakery, confectionery, toothpaste, baby food, edible oils, animal feed, and construction. Gujarat Ambuja Exports Limited was incorporated in 1991 and is based in Ahmedabad, India.",none,,198.0,198.0,198.0,1.0
ENTERO.NS,Entero Healthcare Solutions Limited,Healthcare,Medical Distribution,7822.84,Mid,1797.4,-0.42,1398.41,1239.25,84.08,Bullish,Bullish,45.99,61.38,75.37,52.06,525.61,0.314,-0.609,39.1,3.92,1841.5,944.0,-2.39,90.4,-21.53,52.06,,,Bull,Recovering,1,4.0,25.53,1.93,1.27,Rising,Golden Cross,98,49.46,59.2,81.53,55.91,73.9,11.2,6.6,"Entero Healthcare Solutions Limited engages in the trading of pharmaceutical and surgical products in India. The company offers a range of pharmaceuticals and other healthcare products to retail pharmacies and healthcare practitioners; and healthcare products, including pharmaceutical and nutraceutical products and vaccines; medical devices, such as orthopaedic implants and coronary stents; and hospital consumables comprising examination and surgical gloves, syringes, needles, and sutures to hospitals and clinics. It also provides private label products under the Entero Surgicals private label, such as monitoring devices, nursing and rehabilitation products, and consumables; commercial solutions; and healthcare product distribution solutions, including imports, central warehousing, redistribution, last mile delivery, and connection with the pharmacies, hospitals, and clinics. The company was incorporated in 2018 and is based in Mumbai, India.",none,,1614.0,1800.0,1500.0,4.0
DYNAMATECH.NS,Dynamatic Technologies Limited,Consumer Cyclical,Auto Parts,7759.22,Mid,11425.0,-2.17,11014.69,10040.9,53.53,Bearish,Bullish,6.34,8.43,10.93,77.91,107.72,1.3605,0.424,45.84,3.91,12875.0,6500.5,-11.26,75.76,-21.13,77.91,42.02,46.75,Bull,Correcting,83,6.0,3.53,0.24,1.12,Stable,Golden Cross,233,9.81,6.26,17.08,81.76,168.1,73.1,2.3,"Dynamatic Technologies Limited manufactures and sells engineered products to the aerospace, automotive, and hydraulic industries in India, the United States, the United Kingdom, rest of Europe, Canada, and internationally. The company offers gear pumps, low noise pumps, high-pressure pumps, axial piston pumps, low torque high-speed hydraulic motors, plunger hand pumps, hitch control valves, rock shaft assemblies, power steering valves, and mobile control valves; and bespoke, high-flow scavenging pumps, lube oil pumps, and water pumps. It also provides high-precision airframe and aerospace components; control surfaces, such as wings, ailerons, fuselages, and doors; key flight-critical airframe structures, such as flap track beams; and intricate iron castings. In addition, the company offers geared motors; power steering units; construction equipment; and aluminium body, hydraulic gear pumps and motors from low to very high-pressure ratings, integrated gear and piston pump packages, and heavy duty compact cast iron gear pumps, and fan drive motors. Further, it provides unmanned aerial vehicles; engineering services; metallurgical ferrous castings; medical products comprising HCV rapid antibody test, viral RNA isolation, and DNA extraction kits; and laboratory services, such as testing and validation of products. The company was formerly known as Dynamatic Hydraulics Limited and changed its name to Dynamatic Technologies Limited in 1992. Dynamatic Technologies Limited was incorporated in 1973 and is based in Bengaluru, India.",none,,8440.0,8440.0,8440.0,1.0
POWERMECH.NS,Power Mech Projects Limited,Industrials,Engineering & Construction,7714.38,Mid,2440.0,-1.65,2540.21,2495.65,40.66,Bullish,Bearish,-6.72,-6.22,24.26,-18.74,2.03,1.4992,0.659,38.26,2.74,3212.8,1717.7,-24.05,42.05,-45.29,-18.74,6.96,42.0,Strong Bear,Damaged,260,4.0,-4.65,0.63,0.84,Falling,Golden Cross,60,-3.25,-8.39,30.42,-14.9,115.0,136.2,0.84,"Power Mech Projects Limited, together with its subsidiaries, provides services in power and infrastructure sectors in India and internationally. The company engages in the erection, testing, and commissioning of boilers, turbines, and generators; balance of plant (BOP), civil works and operation and maintenance (O&M); and overhauling and renovation of thermal power plants, as well as undertakes projects in the power, hydro, railway, roads and highways, irrigation, nuclear, refinery, petrochemical, oil and gas, and steel sectors. It also provides electrical transmission and distribution; industrial construction and services for power and non-power industries; and mine development operations, as well as deals in renewable energy, such as solar parks, onshore wind, battery energy storage systems, pumped storage projects, and green hydrogen and its derivatives. In addition, the company engages in the infrastructure development, and advisory and consulting business; exploring, design and engineering, developing, operating, and working on mines; recycling of wastes generated; mining sand; mining and quarrying of river bed minerals; and installation and repair of electric power and transformer plants, as well as the constructs sewage and water treatment plants. Further, it engages in the excavation of earth and rock; separation of the ore from the waste rock; stacking and handling the waste material; monitoring environmental aspects; and provision of supporting services comprising repair shops, labs, residential quarters, warehouses, and offices, as well as software development and support services. Additionally, it manufactures components for high-capacity pumps, spare parts for hydro and thermal power plant components, components for railway electrification, and facilities and processes, as well as re-blades turbines. The company was incorporated in 1999 and is based in Hyderabad, India.",none,,3237.0,3950.0,2811.0,3.0
SMLMAH.NS,SML Mahindra Limited,Consumer Cyclical,Auto Manufacturers,7696.75,Mid,5318.5,-1.74,4811.47,4080.79,57.92,Bearish,Bullish,-1.96,41.34,23.65,30.91,-48.6,1.5983,0.082,57.68,4.61,5987.9,2719.0,-11.18,95.61,-31.77,30.91,61.84,54.81,Bull,Correcting,20,7.0,-15.74,0.41,0.58,Falling,Golden Cross,331,1.51,39.17,29.8,34.76,156.6,111.6,1.4,"SML Mahindra Limited manufactures and sells commercial vehicles and related parts in India and internationally. Its products include trucks, buses, and special application vehicles. The company serves fleet owners, educational institutions, offices, transporters, Government agencies, and other domestic and international market through distributors and dealers. SML Mahindra Limited was formerly known as SML Isuzu Limited and changed its name to SML Mahindra Limited in October 2025. SML Mahindra Limited was incorporated in 1983 and is based in Mohali, India. As of August 1, 2025, SML Mahindra Limited operates as a subsidiary of Mahindra & Mahindra Limited.",none,,,,,
RHIM.NS,RHI Magnesita India Limited,Industrials,Metal Fabrication,7650.88,Mid,370.5,0.62,387.05,410.2,39.74,Bearish,Bearish,-9.27,-7.28,-11.24,-21.43,-26.91,1.4099,0.369,40.23,3.11,508.3,323.05,-27.11,14.69,-32.1,-21.43,-19.68,0.57,Strong Bear,Damaged,209,4.0,-6.84,-0.28,0.91,Stable,Death Cross,656,-5.8,-9.46,-5.08,-17.58,131.0,148.7,0.88,"RHI Magnesita India Limited engages in the manufacture and trading of refractories, monolithics, bricks, and ceramic paper in India and internationally. The company offers isostatically pressed continuous casting refractories, slide gate plates, nozzles and well blocks, tundish nozzles, bottom purging refractories and top purging lances, slag arresting darts, castables, and high alumina bricks, and magnesia carbon bricks, as well as spray mass for tundish working linings. It also provides solutions, such as total refractory management/full line service; engineering solutions comprising refractories health inspection, failure analysis, and design optimization; and complete project management solutions, including drawing and engineering, supply, installation, and commissioning, as well as after- sales service and maintenance. In addition, the company offers management services. It serves the steel, cement, nonferrous metals, glass, environment and energy, foundry, and paper and pulp industries. The company was formerly known as Orient Refractories Limited and changed its name to RHI Magnesita India Limited in July 2021. The company was incorporated in 2010 and is based in Gurugram, India. RHI Magnesita India Limited operates as a subsidiary of Veitscher Vertriebsgesellschaft m.b.H.",none,,544.6667,589.0,488.0,3.0
ETHOSLTD.NS,Ethos Limited,Consumer Cyclical,Luxury Goods,7597.58,Mid,2839.4,-1.39,2716.44,2597.72,54.05,Bearish,Bullish,-0.48,19.95,19.02,25.53,-52.37,1.1153,0.062,36.62,3.28,3245.9,1919.4,-12.52,47.93,-36.79,25.53,20.13,,Bull,Correcting,199,6.0,-7.13,0.52,0.56,Falling,Golden Cross,20,2.99,17.78,25.17,29.37,115.9,83.7,1.38,"Ethos Limited operates a chain of luxury watch boutiques in India. The company offers luxury and premium watches; pre-owned watches; jewellery and jewellery boxes; watch straps, stands, and winders; clocks and their spare parts; collector boxes; handbags and luggage products. It also provides product repair and services, including movement overhauling, battery replacement, ultrasonic cleaning, polishing, performance tests, and replacement of watch parts and straps. The company sells its products through online channels, physical stores, websites and social media channels. Ethos Limited was founded in 2003 and is headquartered in Gurugram, India.",none,,3475.0,3750.0,3200.0,2.0
SKFINDIA.NS,SKF India Limited,Industrials,Tools & Accessories,7574.39,Mid,1532.1,0.03,1561.91,1933.08,44.43,Bearish,Bullish,2.6,-2.9,-4.79,-65.38,205.45,0.487,0.368,61.37,3.16,5074.0,1404.0,-69.8,9.12,-71.77,-65.38,-31.5,-10.71,Strong Bear,Damaged,230,4.0,3.57,-0.08,1.25,Rising,Death Cross,229,6.07,-5.07,1.37,-61.53,-36.2,65.6,-0.55,"SKF India Limited engages in the manufacturing, trading, and servicing bearings, seals, and motion technologies in India and internationally. The company offers Bearings, such as rolling bearings, mounted bearings and housings, precision bearings, slewing bearings, plain bearings, magnetic bearings and systems, and thin section bearings. It also provides industrial seals including power transmission, hydraulic, fluid handling, and machined seals. In addition, it offers automotive seals, such as bearing, body, driveline, engine, eDrive unit, suspension, and wheel seals, as well as two wheeler sealing solution; lubrication solutions comprising lubricants, manual lubricant tools, lubricators, automatic lubrication system, and lubrication system components; and maintenances products including hydraulic and mechanical tools, and heaters for mounting and dismounting, as well as alignment tools. Further, the company provides condition monitoring systems, which include portable condition and continuous monitoring, and machine protection systems; power transmission solutions comprising belts, pulleys, chains, sprockets, bushing and hub, coupling, and bolts and tightening systems; and test and measuring equipment. It serves aerospace, agriculture, automotive, construction, food and beverage, general machinery, humanoid robotics, hydrogen, machine tools, marine, material handling, metals, mining, mineral processing and cement, ocean energy, pulp and paper, railways, wind energy, data centers sectors. The company was founded in 1923 and is headquartered in Pune, India. SKF India Limited is a subsidiary of SKF Interim Ab.",hold,2.85714,1819.8572,2040.0,1500.0,7.0
EPL.NS,EPL Limited,Consumer Cyclical,Packaging & Containers,7569.02,Mid,236.3,-1.69,240.19,225.44,43.7,Bearish,Bearish,3.77,8.73,15.34,7.61,2250.52,1.1526,0.341,32.81,4.69,274.03,176.4,-13.77,33.96,-21.49,7.61,7.75,0.45,Bull,Correcting,9,6.0,0.86,0.47,1.39,Rising,Golden Cross,96,7.24,6.55,21.49,11.45,126.3,111.4,1.13,"EPL Limited, together with its subsidiaries, manufactures and sells plastic packaging materials in the Americas, Europe, Africa, the Middle East, South Asia, and East Asia Pacific. It offers dispensing systems, caps and closures, laminated tubes, laminates, and extruded tubes. The company also provides laminated tubes, including Platina, Platina Pro, r-Platina, Platina Me, Platina Vision, Platina Plus, Etain, Super Titanium, and Clarion, as well as Organic Green Maple Leaf and Green Maple Leaf. In addition, it offers printing technologies, such as NEOSeam, glitter, glow in the dark, 3D foil, screen braille effect, and lens foil effect. The company's products are used in the beauty and cosmetics, oral care, food and nutrition, pharmaceutical and health, and home care industries. It exports its products. The company was formerly known as Essel Propack Limited and changed its name to EPL Limited in October 2020. EPL Limited was incorporated in 1982 and is headquartered in Mumbai, India.",strong_buy,1.28571,309.16666,350.0,270.0,6.0
STARCEMENT.NS,Star Cement Limited,Basic Materials,Building Materials,7440.96,Mid,184.1,-0.82,200.2,213.3,20.77,Bearish,Bearish,-9.63,-11.94,-10.48,-35.14,106.73,0.5882,-0.007,22.17,2.62,308.0,180.12,-40.23,2.21,-38.09,-35.14,5.19,10.96,Strong Bear,Damaged,260,3.0,-5.65,-0.47,0.82,Falling,Death Cross,185,-6.16,-14.11,-4.33,-31.3,28.2,78.4,0.36,"Star Cement Limited manufactures and supplies cement and clinker products in India and internationally. The company offers ordinary Portland, Portland pozzolana, and antirust and weather shield products under the Star Cement brand. It also generates power, as well as provides fleet services. The company was formerly known as Cement Manufacturing Company Limited and changed its name to Star Cement Limited in June 2016. Star Cement Limited was incorporated in 2001 and is based in Kolkata, India.",buy,1.53846,258.30768,325.0,179.0,13.0
TTML.NS,Tata Teleservices (Maharashtra) Limited,Communication Services,Telecom Services,7428.73,Mid,38.0,-2.36,39.58,44.5,44.96,Bullish,Bearish,-4.71,-17.68,-1.81,-32.09,73.25,1.432,0.445,40.72,3.2,60.62,31.22,-37.31,21.72,-46.66,-32.09,-20.94,-1.86,Strong Bear,Damaged,250,1.0,1.18,-0.04,0.93,Stable,Death Cross,486,-1.24,-19.85,4.34,-28.25,80.4,121.4,0.66,"Tata Teleservices (Maharashtra) Limited provides wire line voice, data, and managed telecom services to enterprise customers in Maharashtra and Goa. The company offers its information and communication solutions under the Tata Tele Business Services brand name. It provides digital solutions, including connectivity, business communications, security, marketing, and managed services. The company provides cloud and SaaS services comprising smart cloud, google workplace, Microsoft azure and Microsoft 365, smartflo and smartflo UCaaS; voice services, including Centrex, PRI, SIP trunk, SmartOffice, and international bridging service. It also offers data services comprising smart internet, Ill burstable bandwidth, SD-WAN iFLX, smart VPN-MPLS, EZ cloud connect, leased line-P2P, tele Wi-Fi, ultra-LOLA, and business and retail broadband. In addition, the company provides marketing solutions, such as toll free and call register services, hosted IVR, hosted OBD services, and SMS solutions; and cyber security services, including multifactor authentication and virtual firewall, as well as email, endpoint, and web security. It serves BFSI, IT/ITES, manufacturing, services, education, healthcare, telecom, media, entertainment, retail, and other industries. Tata Teleservices (Maharashtra) Limited was incorporated in 1995 and is headquartered in Navi Mumbai, India.",none,,,,,
SAPPHIRE.NS,Sapphire Foods India Limited,Consumer Cyclical,Restaurants,7342.84,Mid,228.21,-0.76,212.26,213.77,53.45,Bearish,Bullish,18.67,28.61,19.33,-29.89,160.47,1.3077,0.298,45.65,4.52,347.9,139.91,-34.4,63.11,-54.72,-29.89,-5.52,,Bull,Damaged,255,5.0,9.13,0.42,1.29,Rising,Death Cross,240,22.14,26.44,25.49,-26.05,100.7,129.4,0.78,"Sapphire Foods India Limited owns and operates restaurants. The company engages in the franchisee business of KFC, Pizza Hut, and Taco Bell restaurants in India, Sri Lanka, and Maldives. Sapphire Foods India Limited was incorporated in 2009 and is based in Mumbai, India.",buy,1.7619,254.55,311.0,180.0,20.0
NEWGEN.NS,Newgen Software Technologies Limited,Technology,Software - Infrastructure,7340.39,Mid,519.3,-2.4,523.26,591.42,46.05,Bearish,Bullish,-7.49,7.37,10.08,-41.1,-79.12,1.3864,0.543,53.34,4.37,1041.95,401.05,-50.16,29.49,-59.63,-41.1,6.12,13.02,Strong Bear,Damaged,220,4.0,-9.95,0.19,0.88,Stable,Death Cross,290,-4.02,5.2,16.23,-37.26,110.5,161.0,0.69,"Newgen Software Technologies Limited, a software company, engages in the business of software product development in India, Europe, the Middle East, Africa, the Asia Pacific, Australia, and the United States. It designs and delivers software solutions, including workflow automation, document management, and imaging. The company also offers the NewgenONE platform that include agentic AI, AI and data science, intelligent process automation, content services platform, omnichannel customer engagement, low code application development, governance and security, integration ecosystem, developer ecosystem, and pricing solutions, which are used in enterprise content management, records lifecycle management, business process management, workflow management, customer communication management, document management, case management, intelligent document processing, and email archival. It serves enterprise customers in the banking and financial services, government, healthcare, insurance, and other domains. Newgen Software Technologies Limited was incorporated in 1992 and is based in New Delhi, India.",none,,615.0,670.0,560.0,6.0
SAFARI.NS,Safari Industries (India) Limited,Consumer Cyclical,Footwear & Accessories,7335.88,Mid,1497.2,-2.2,1538.53,1711.41,44.11,Bullish,Bearish,-1.04,-8.21,-13.65,-28.9,-38.07,0.8342,-0.387,35.08,2.54,2507.1,1363.1,-40.28,9.84,-45.13,-28.9,-3.96,32.38,Strong Bear,Damaged,200,3.0,1.7,-0.39,0.54,Falling,Death Cross,160,2.43,-10.38,-7.5,-25.06,51.5,88.3,0.58,"Safari Industries (India) Limited engages in the design, manufacturing, trading, and marketing of luggage, backpacks and travel accessories in India. The company offers hard, soft, laptop, and printed trolley bags; laptop, school, office, college, overnighters, adventure, formal, anti-theft, tech, and expandable storage backpacks; and accessories, such as messenger bags, duffle bags, sling bags, and neck pillows, as well as satchel bags. It sells its products under the Safari Select, Urban Jungle, and Carlton brands through hypermarkets, e-commerce and q-commerce platforms, multi-brand outlets, exclusive stores, Canteen Stores Department (CSD), direct-to-consumer channels, and institutional sales and export markets. Safari Industries (India) Limited was incorporated in 1980 and is based in Mumbai, India.",strong_buy,1.0,2124.9,2720.0,1750.0,10.0
EBGNG.NS,GNG Electronics Limited,Technology,Computer Hardware,7317.26,Mid,641.8,-1.34,565.98,458.14,61.15,Bullish,Bullish,26.23,52.61,84.32,87.77,39.93,1.0145,1.163,52.24,5.19,689.5,239.0,-6.92,168.54,-37.93,87.77,,,Strong Bull,Recovering,44,6.0,8.69,1.61,0.96,Stable,Golden Cross,129,29.7,50.44,90.47,91.61,171.3,77.3,2.22,"GNG Electronics Limited refurbishes, repairs, and sells laptops, desktops, tablets, servers, smartphones, mobile workstations, and accessories in India. The company offers other value added services, such as Information Technology Asset Disposition (ITAD) and e-waste management services, warranties, doorstep service, onsite installation, flexible pay options, easy upgrades, assured buyback programs, and buyback programs for refurbished Information and communication technology devices. It exports its products to North America, South America, Asia, the Asia Pacific, Europe, Africa, and the Middle East. The company was incorporated in 2006 and is based in Mumbai, India.",none,,712.5,725.0,700.0,2.0
DCBBANK.NS,DCB Bank Limited,Financial Services,Banks - Regional,7163.33,Mid,222.34,-0.91,194.73,179.07,69.33,Bullish,Bullish,15.92,27.81,29.28,82.29,118.77,1.5926,0.455,38.75,3.27,225.62,122.4,-1.45,81.65,-21.38,82.29,26.15,18.08,Strong Bull,At High,0,8.0,6.65,0.76,1.26,Rising,Golden Cross,348,19.39,25.64,35.44,86.14,209.5,112.0,1.87,"DCB Bank Limited engages in the provision of various banking and financial products and services in India. It operates through Treasury Operations, Corporate/Wholesale Banking, Retail Banking, and Other Banking Operations segments. The company offers deposit products, including current and saving, NRI, recurring, and fixed deposit accounts; debit, travel smart, and credit cards; and payment services, such as bill/utility payment, remittances, tax payment, and POS terminal services, as well as IMPS, RTGS, NEFT, and UPI services. It also provides secured lending services, including loan against property, overdraft/working capital, co-lending, commercial vehicle, construction equipment and finance, dealer trade advances, kisan credit card, school finance, and retail microfinance; and home, auto, gold, tractor, and term loans, as well as ODTD services. In addition, the company offers corporate banking services, which include trade current accounts, foreign exchange, guarantee, import and export, letter of credit, supply chain, bill collection, and invoice discounting services; and capital management services comprising working capital and cash management services. Further, the company provides life, general, and health insurance products, as well as mutual funds; and locker facility and ASBA online services. DCB Bank Limited was incorporated in 1995 and is headquartered in Mumbai, India.",none,,233.5294,298.0,195.0,17.0
GMRP&UI.NS,GMR Power And Urban Infra Limited,Energy,Thermal Coal,7118.19,Mid,91.14,1.37,97.72,104.33,34.59,Bearish,Bearish,-6.24,-15.85,-15.72,-17.94,89.54,1.4226,0.824,39.18,3.25,136.95,86.8,-33.45,5.0,-32.11,-17.94,64.97,,Strong Bear,Damaged,204,7.0,-0.96,-0.4,1.03,Stable,Death Cross,168,-2.77,-18.03,-9.57,-14.09,128.6,145.5,0.88,"GMR Power And Urban Infra Limited engages in the energy, urban infrastructure, and transportation businesses in India and internationally. It operates through Power, Smart Meter Infrastructure, Roads, EPC, and Others segments. The company generates energy through coal based thermal plants, hydropower plants, solar, and wind; installation of smart meters; development, operation, and maintenance of highways; and engineering, procurement and construction (EPC) solutions for highways and railways, development of special investment region, and others. It is also involved in coal mining, and exploration activities; implementation of smart metering projects and construction business, including EPC contracting activities; smart energy initiatives; surface transportation; and maintenance and operation of special economic zones. It serves general public, government agencies, and non-government agencies. GMR Power And Urban Infra Limited was incorporated in 2019 and is based in New Delhi, India.",none,,142.0,142.0,142.0,1.0
SFL.NS,Sheela Foam Limited,Consumer Cyclical,"Furnishings, Fixtures & Appliances",7063.82,Mid,646.85,0.33,689.97,655.19,35.07,Bearish,Bearish,-15.78,0.77,20.6,-9.37,15.06,1.0653,0.279,38.87,3.71,832.45,456.8,-22.3,41.6,-37.81,-9.37,-17.19,-11.57,Bear,Damaged,35,7.0,-16.04,0.53,1.11,Stable,Golden Cross,54,-12.31,-1.4,26.75,-5.53,81.2,79.7,1.02,"Sheela Foam Limited engages in the manufacture and sale of polyurethane foams and mattresses in India and internationally. The company provides technical foams, such as automotive, reticulated, sound absorption, visco-elastic, resilience, stable, silentech and ultraviolet stable foams, as well as specialty foams. It also offers comfort foam and home care products, consisting foam sheets, foam blocks, comfort range accessories, foam cores, bed sheets, pillows, and furniture cushioning products; and furniture foams and products. In addition, the company provides software development, information technology, and related ancillary services; and trademarks, patents, logos, etc., as well as manufactures and trades in rubberized coir, latex foams, polyurethane foams, bonded foams, pillows, spring mattresses, home and other furniture, furnishings, sofas, etc. The company serves automotive and mobility, footwear, acoustics/sound absorption, filtration and industrial, and custom industries. It distributes its products through distributors, dealers, retailers, and multi-brand outlets under Sleepwell, Kurl-on, Feather Foam, Furlenco, and Lamiflex brand names. The company was incorporated in 1971 and is headquartered in Noida, India.",none,,760.0,820.0,700.0,2.0
SHARDACROP.NS,Sharda Cropchem Limited,Basic Materials,Agricultural Inputs,7021.86,Mid,778.3,-1.27,830.4,886.94,42.03,Bullish,Bearish,-6.39,-11.85,-30.73,-16.66,-9.25,1.118,0.601,49.51,2.82,1297.0,755.55,-39.99,3.01,-38.75,-16.66,24.16,18.63,Strong Bear,Damaged,143,6.0,-2.44,-0.62,0.91,Stable,Death Cross,33,-2.92,-14.02,-24.58,-12.82,54.8,63.7,0.86,"Sharda Cropchem Limited, a crop protection chemical company, engages in the provision of various formulations and generic active ingredients worldwide. The company operates through Agrochemicals and Non- Agrochemicals segments. It offers agrochemical products, including insecticides, fungicides, herbicides, veterinary drugs, plant growth regulators, fumigants, regulators, rodenticides, dithianon, metalaxyl, propiconazole, phenthoate, pendimethalin, and dithianon; and biocides. The company also provides conveyor belts, such as textile ply, rough top, steel cord, chevron/pattern, elevator, sidewall, pipe, and PVC/PVG solid woven conveyor belts, as well as cotton transmission belts, PVC and polyurethane light duty belting products, and V-belts. In addition, it offers industrial chemicals used in water treatment, food and food ingredients, and other industrial applications; and dyes and dye intermediates, as well as general chemicals. Further, the company supplies and distributes pharmaceuticals and intermediates products, including prothioconazole, azoxystrobin, P-nitrophenol - parathion-methyl, 2,4-dichloroacetophenone - propiconazole, cyclopropanecarboxylic acid - trinexapac-ethyl, and P-fluorobenzaledehyde - cyfluthrin. Sharda Cropchem Limited was founded in 1987 and is based in Mumbai, India.",none,,1204.1666,1350.0,1061.0,6.0
TANLA.NS,Tanla Platforms Limited,Technology,Software - Application,6970.3,Mid,527.85,-2.82,560.85,543.65,37.91,Bearish,Bearish,-13.82,2.07,22.23,-13.38,-74.31,1.5246,0.75,46.34,4.12,766.0,365.9,-31.09,44.26,-49.43,-13.38,-20.13,-9.97,Strong Bear,Damaged,248,4.0,-14.51,0.48,0.83,Falling,Golden Cross,31,-10.35,-0.11,28.38,-9.54,142.0,142.5,1.0,"Tanla Platforms Limited, together with its subsidiaries, provides cloud communication platforms as a service solution to enterprises in India and internationally. The company operates Wisely Platform, an API-led intelligent platform-of-platforms, which serves as a unified hub for digital interactions to craft solutions and provide experiences in the realm of communication, privacy, and security. It also offers Wisely Anti-Phishing Platform against SMS phishing; Trubloq for protecting customers from spam; Wisely Consent, a consent management solution that ensures compliance for enterprise customer communications on SMS and voice channels; messaging as a platform, which deliver business messaging with ai-powered automation; and Surbo that elevates customer engagement with surbo's conversation ai. In addition, the company offers Wise Albert for digital interactions, as well as email, RCS business messaging, SMS, Truecaller business messaging, voice, and WhatsApp business API solutions. The company was formerly known as Tanla Solutions Limited and changed its name to Tanla Platforms Limited in October 2020. Tanla Platforms Limited was incorporated in 1995 and is headquartered in Hyderabad, India.",none,,581.5,740.0,423.0,2.0
RBA.NS,Restaurant Brands Asia Limited,Consumer Cyclical,Restaurants,6960.57,Mid,97.75,-2.21,86.91,75.04,56.34,Bearish,Bullish,15.12,42.26,54.47,22.33,102.35,0.5008,0.333,38.36,4.85,111.15,57.15,-12.06,71.04,-33.33,22.33,-5.57,-12.06,Bull,Correcting,6,7.0,1.03,1.42,0.89,Stable,Golden Cross,49,18.59,40.09,60.63,26.17,68.3,29.8,2.29,"Restaurant Brands Asia Limited, together with its subsidiaries, operates quick service restaurant chains in India and Indonesia. It develops, establishes, operates, and franchises restaurants under the Burger King brand in India, as well as Burger King and POPEYES brands in Indonesia. The company was formerly known as Burger King India Limited and changed its name to Restaurant Brands Asia Limited in February 2022. Restaurant Brands Asia Limited was incorporated in 2013 and is based in Mumbai, India.",none,,96.4,125.0,81.0,10.0
RAIN.NS,Rain Industries Limited,Basic Materials,Specialty Chemicals,6917.28,Mid,205.66,-0.43,203.33,171.1,49.14,Bearish,Bearish,-13.21,4.84,52.47,51.47,9.82,1.4955,1.132,53.46,4.48,252.0,99.9,-18.39,105.87,-40.07,51.47,9.96,-2.77,Bull,Correcting,19,7.0,-14.82,0.98,1.13,Stable,Golden Cross,75,-9.74,2.66,58.62,55.32,144.8,75.5,1.92,"Rain Industries Limited, together with its subsidiaries, manufactures and sells carbon, advanced materials, and cement products in India and internationally. The company operates through three segments: Carbon, Advanced Materials, and Cement. It offers calcined petroleum coke, coal tar pitch, green petroleum coke, and derivatives of coal tar distillation, including carbon black, creosote, naphthalene, and other aromatic oils, as well as generates electricity and steam from waste-heat recovery process. The company also provides engineered products comprising CARBORES, PETRORES, and LP sealer base; chemical intermediates, such as refined naphthalene, phthalic anhydride, modifiers, benzene, toluene, xylene, solvents, and fuel additives; and resin products, including carbon, pure, and hydrogenated hydrocarbon resins, as well as phenolics for specialty chemicals, coatings, adhesives, construction, automotive, lithium-ion batteries, energy storage, petroleum, and other industries. In addition, it offers ordinary cement and Portland pozzolana cement for construction under the Priya Cement brand. The company was formerly known as Rain Commodities Limited and changed its name to Rain Industries Limited in July 2013. Rain Industries Limited was incorporated in 1974 and is based in Hyderabad, India.",none,,,,,
GOKULAGRO.NS,Gokul Agro Resources Limited,Consumer Defensive,Packaged Foods,6910.64,Mid,234.19,-1.01,229.52,206.13,49.19,Bearish,Bullish,1.33,0.58,49.6,36.93,30.81,0.9151,-0.102,44.18,3.88,259.8,151.0,-9.86,55.09,-29.58,36.93,62.98,60.23,Strong Bull,Recovering,5,6.0,1.14,1.12,1.04,Stable,Golden Cross,320,4.8,-1.6,55.76,40.78,124.4,60.7,2.05,"Gokul Agro Resources Limited engages in the production and distribution of edible, non-edible oils and derivatives, and feed meals in India and internationally. The company offers edible oils for household kitchens and institutional use, such as refined soyabean oil, refined sunflower oil, kachi ghani mustard oil, refined groundnut oil, filtered groundnut oil, refined cottonseed oil, refined rice bran oil, refined palm oil, refined palmolein oil, premium vanaspati oil, vanaspati oil, and frying oil. It also provides castor oil for industrial, pharmaceutical, and specialty applications, including first special grade, commercial grade, cold press and virgin, pharmacopoeia grades, neutralized, extra pale grade, and pale pressed and low-moisture variants; speciality fats for the bakery and confectionery segment; and feed cake consisting of castor, mustard, and soya. In addition, the company offers castor oil derivatives for coatings, lubricants, cosmetics, and specialty chemicals comprising 12-Hydroxystearic acid, hydrogenated castor oil, dehydrated castor oil, ricinoleic acid, Methyl 12 Hydroxystearic acid, poly ricinoleic acid, castor polyol 114 & 115, and HCO-MP80. Further, it exports its products. The company offers its products under the Vitalife, Mahek, Sun Premium, Palm Jyothi, Richfield, Pride, Biscopride, and Puffpride brands. Gokul Agro Resources Limited was incorporated in 2014 and is based in Ahmedabad, India.",none,,,,,
EMIL.NS,Electronics Mart India Limited,Consumer Cyclical,Specialty Retail,6788.51,Mid,176.44,0.42,156.8,130.91,56.69,Bearish,Bullish,32.49,58.33,89.6,40.9,726.52,1.4413,0.478,46.77,4.37,196.74,84.9,-10.32,107.82,-47.62,40.9,13.23,,Bull,Correcting,15,6.0,13.05,1.92,1.1,Stable,Golden Cross,40,35.96,56.15,95.75,44.75,181.9,120.9,1.5,"Electronics Mart India Limited engages in the sale of consumer electronics and durable products in India. The company offers large appliances, which include televisions, washing machines, air conditioners, and refrigerators; mobiles, such as smartphones, fitness trackers, and tablets; and small appliances, IT & others, including laptops, printers, geysers, coolers, miscellaneous electronics, personal computer, cables, screen guards, headphones, bluetooth speakers, ceiling fans, personal care devices, kitchen hobs, chimneys, water purifiers, rice cookers, and mixer grinders. The company sells its products through retail stores and online platforms under the Bajaj Electronics, iQ, Kitchen Stories, Audio & Beyond, Electronics Mart, and Easy Kitchens brands. Electronics Mart India Limited was founded in 1980 and is based in Hyderabad, India.",none,,193.25,232.0,139.0,8.0
SUPRIYA.NS,Supriya Lifescience Limited,Healthcare,Biotechnology,6770.21,Mid,841.2,4.74,835.56,778.17,53.64,Bullish,Bearish,-5.23,-11.26,35.61,29.06,51.33,0.669,0.667,46.76,3.96,1085.0,545.5,-22.47,54.21,-31.06,29.06,47.18,,Bull,Damaged,66,6.0,-1.48,0.76,0.98,Stable,Golden Cross,70,-1.76,-13.44,41.77,32.9,56.2,8.6,6.53,"Supriya Lifescience Limited engages in the research and development, manufacture, and sale of bulk drugs and pharmaceutical chemicals worldwide. The company offers active pharmaceuticals ingredients in antihistamine, anti-allergic, anti-asthmatic, decongestant, analgesic/anti-pyretic/anesthetic, antihypertensive, vitamins, anti-malarial, and anti-gout areas. It also provides oncology, veterinary, and general category products. In addition, the company offers GelHeal, a wound care solution; and Quickblue, an oral cancer detection kit. Further, it is developing drugs in the areas of anti-depressant, anti-inflammatory, contrast media, hormones, antibiotic, smoking cessation, anti-diabetic/obesity, anti-ataxia, decongestant, veterinary API, anti-cancer, allogeneic hematopoietic stem cell transplantation, and anti-migraine. Supriya Lifescience Limited was founded in 1987 and is headquartered in Mumbai, India.",strong_buy,1.5,940.0,1030.0,850.0,2.0
VMART.NS,V-Mart Retail Limited,Consumer Cyclical,Department Stores,6763.51,Mid,849.95,-0.04,788.25,726.5,61.38,Bullish,Bullish,9.62,27.88,53.6,14.61,-21.69,1.0052,0.688,40.56,3.37,888.0,457.9,-4.28,85.62,-45.86,14.61,13.34,-2.96,Strong Bull,Correcting,231,7.0,0.33,1.32,0.88,Stable,Golden Cross,48,13.09,25.7,59.75,18.45,150.0,116.4,1.29,"V-Mart Retail Limited operates a chain of retail departmental stores in India. The company offers casual, formal, ethnic, sports, inner, and night wear for men, women, and kids. It also provides accessories and non-apparel products, such as beauty and fashion accessories, footwear, home needs, bags/luggage, toys, and tech wearables and audio accessories; and general merchandise products, including personal and home essentials, package food, non-food, and staples; as well as home furnishings. The company was incorporated in 2002 and is headquartered in Gurugram, India.",none,,894.4667,1245.0,672.0,15.0
OMNI.NS,Omnitech Engineering Limited,Industrials,Specialty Industrial Machinery,6716.92,Mid,543.15,1.41,553.94,409.55,43.62,Bearish,Bearish,-11.03,7.51,,,599.85,0.7322,,75.51,6.05,764.85,176.25,-28.99,208.17,-26.89,,,,Bear,Damaged,20,5.0,-13.53,,1.0,Stable,Golden Cross,121,-7.56,5.34,,,172.4,-82.7,-2.08,"Omnitech Engineering Limited engages in the manufacturing and supply of engineered components and assemblies worldwide. The company offers slips, mandrel, hubs, couplings, cylinders, shafts, pivot pins, drill bits, flanges, plates, chain anchors, wheels, fittings, plate connector, and cover-controller used in various applications. It serves to energy, motion control and automation, industrial equipment systems, oil and gas, power, airport equipment, valve, agriculture and earth moving equipment, hydraulic, general engineering, and other industries. Omnitech Engineering Limited was founded in 2006 and is based in Rajkot, India.",none,,,,,
REDTAPE.NS,REDTAPE Limited,Consumer Cyclical,Footwear & Accessories,6577.86,Mid,118.99,-2.62,127.41,137.42,36.94,Bearish,Bearish,-8.81,-10.4,-0.78,-1.99,60.64,0.6737,0.141,39.69,3.42,163.5,107.53,-27.22,10.66,-31.88,-1.99,-37.11,,Strong Bear,Damaged,248,2.0,-5.34,-0.02,1.24,Rising,Death Cross,430,-5.34,-12.58,5.38,1.85,68.7,60.4,1.14,"REDTAPE Limited engages in the retail sale of footwear, garments, accessories and allied products in India and internationally. It provides footwear, such as boots, casual and formal shoes, sandals, sliders/flip flops, and sports shoes; topwear, including jackets, shirts, sweaters, sweat shirts/hoodies, and T-shirts; bottomwear, such as jeans, trousers, shorts, jeggings, and pants; and sportswear comprising active T-shirts, trackpants/joggers, and shorts, as well as innerwear comprising briefs. The company also provides accessories, including wallets, socks, handkerchiefs, caps, belts, backpack, perfume, trolley bags, and handbags. It offers its products through exclusive brand outlets, e-commerce platforms, and other retail channels. The company offers its products under the RedTape, OZARK by RedTape, and BOND STREET by RedTape brand names. It also exports its products. REDTAPE Limited was founded in 1996 and is based in Noida, India.",none,,,,,
SKIPPER.NS,Skipper Limited,Industrials,Engineering & Construction,6561.86,Mid,537.15,0.49,535.86,489.63,47.87,Bearish,Bearish,-1.68,-3.49,52.15,4.74,56.96,1.5117,0.66,38.9,3.97,593.0,327.05,-9.42,64.24,-41.86,4.74,48.15,43.87,Strong Bull,Recovering,6,5.0,-0.52,1.34,1.07,Stable,Golden Cross,70,1.79,-5.67,58.3,8.58,153.6,139.0,1.11,"Skipper Limited manufactures and sells transmission and distribution structures, telecom towers, and fasteners in India. The company operates through three segments: Engineering Products, Infrastructure Projects, and Polymer Products. The Engineering Products segment offers power transmission towers, telecom towers, tower accessories, fasteners, angles, channels, high mast and swaged poles, solar power systems, railway structures, as well as power distribution poles, transmission lines, monopoles, mild steel and high tensile angles, and other products. The Infrastructure Projects segment provides water engineering, procurement, and construction services for telecom, tower, and water, as well as coating services. The Polymer Products segment offers PVC, HDPE, CPVC, UPVC, SWR pipes and fittings, water tanks, bath fittings, and other related products, as well as agriculture pipes, borewell pipes and fittings, and solvent cement. The company also exports its products to approximately 65 countries covering South America, Africa, the Middle East, Australia, New Zealand, Europe, and South and South East Asia. The company was incorporated in 1981 and is based in Kolkata, India.",strong_buy,1.0,596.0,622.0,570.0,2.0
SPARC.NS,Sun Pharma Advanced Research Company Limited,Healthcare,Drug Manufacturers - Specialty & Generic,6476.8,Mid,199.58,1.32,208.06,182.78,45.05,Bullish,Bearish,-3.71,-6.22,61.64,40.7,-51.48,1.8248,0.656,56.92,4.48,289.0,108.0,-30.94,84.8,-32.49,40.7,-4.4,-6.42,Bull,Damaged,39,6.0,-1.64,1.08,0.78,Falling,Golden Cross,80,-0.24,-8.4,67.8,44.54,195.5,125.5,1.56,"Sun Pharma Advanced Research Company Limited engages in the research and development of pharmaceutical products in India and internationally. It develops Sezaby, a benzyl alcohol and propylene glycol free formulation of phenobarbital sodium injection for the treatment of neonatal seizures; SPARC-121, a novel topical agent for the treatment of Alopecia Areata; and SPARC-122, an anti-MUC1 ADC for treatment of multiple cancer indications. The company is also involved in the development of PDP-716 for treatment of open-angle glaucoma. Sun Pharma Advanced Research Company Limited was incorporated in 2006 and is based in Mumbai, India.",none,,,,,
DBL.NS,Dilip Buildcon Limited,Industrials,Engineering & Construction,6417.38,Mid,395.05,0.06,422.72,441.41,33.32,Bearish,Bearish,-15.45,-7.8,-6.25,-14.93,-80.1,0.988,0.63,36.37,2.89,585.0,381.55,-32.47,3.54,-32.9,-14.93,9.27,-6.7,Strong Bear,Damaged,250,3.0,-12.85,-0.17,0.59,Falling,Death Cross,196,-11.98,-9.97,-0.1,-11.09,87.4,98.5,0.89,"Dilip Buildcon Limited, together its subsidiaries, engages in the development of infrastructure facilities on engineering, procurement, and construction (EPC) basis in India. The company operates through Engineering, Procurement and Construction (EPC) Projects & Road Infrastructure Maintenance, and Annuity Projects & Others segments. It is involved in roads, highways, bridges, tunnels, irrigation, mining, water supply, metros, airport, and urban infrastructure, as well as canals, dams, metro rail viaducts development related business. In addition, the company engages in road infrastructure maintenance and toll operations; and undertakes contracts from various government and other parties and special purpose vehicles. It serves central and state governments, government agencies, and public sector enterprises (PSEs) etc. Dilip Buildcon Limited was founded in 1987 and is headquartered in Bhopal, India.",none,,515.6,556.0,478.0,5.0
GSFC.NS,Gujarat State Fertilizers & Chemicals Limited,Basic Materials,Agricultural Inputs,6373.65,Mid,159.95,0.76,160.72,169.14,50.49,Bearish,Bearish,-0.45,-1.59,0.95,-20.13,113.31,1.1821,0.254,26.67,1.96,220.59,138.83,-27.49,15.21,-34.52,-20.13,5.06,7.97,Strong Bear,Damaged,260,3.0,0.08,0.04,0.74,Falling,Death Cross,223,3.02,-3.77,7.1,-16.29,94.6,116.8,0.81,"Gujarat State Fertilizers & Chemicals Limited produces and sells fertilizers and chemicals in India. The company operates in two segments, Fertilizer Products and Industrial Products. It offers fertilizers, including neem urea, di-ammonium phosphate, boronated NPK, muriate of potash, ammonium phosphate sulphate, gypsum, ammonium sulphate, APS, and micro mix. The company provides industrial products, such as caprolactam, nylon-6, anhydrous ammonia, cyclohexanone, sulphuric acid, technical grade urea, melamine, methyl ethyl ketoxime, hydroxylamine sulphate, cyclohexane, argon gas, and oleum, as well as methanol, nitric acid, ammonium sulphate, anone-anol mixture, melamine cyanurate, and potassium dihydrogen phosphate. In addition, the company offers water soluble fertilizers; sulphur based products; plant tissue culture products; micro nutrients; plant growth promoters; soil conditioners; organic products; and seeds. Further, it is involved in the provision of agro services; trading of agro input products; provision of port and logistics related services; and treatment and supply of waste water. The company was incorporated in 1962 and is based in Vadodara, India.",none,,185.0,185.0,185.0,1.0
RCF.NS,Rashtriya Chemicals and Fertilizers Limited,Basic Materials,Agricultural Inputs,6285.93,Mid,113.94,-0.5,124.18,130.44,31.19,Bearish,Bearish,-10.29,-9.8,-1.73,-24.36,61.84,1.4534,0.404,33.9,2.63,164.49,106.0,-30.73,7.49,-32.8,-24.36,3.79,8.55,Strong Bear,Damaged,260,5.0,-7.02,-0.05,1.22,Rising,Death Cross,244,-6.82,-11.97,4.42,-20.52,129.4,155.3,0.83,"Rashtriya Chemicals and Fertilizers Limited manufactures, markets, and sells fertilizers and industrial chemicals in India. The company operates through Fertilizers, Industrial Chemicals, and Trading segments. It offers various fertilizers, including Suphala 15:15:15, a NPK fertilizer; Urea, a nitrogenous fertilizer; Biola, a bio-fertilizer; Sujala, a water-soluble fertilizers; Microla micronutrients fertilizer; Vipula, a suspension NPK fertilizers; and Geola, a revolutionary biofertilizer product with NPK bacterial consortia in lyophilized form, as well as water pH balancer, soluble silicon fertilizer, organic growth stimulant, phosphate rich organic manure, and PDM-Potash. The company also provides industrial chemicals, such ammonium nitrate melt, ammonia, ammonium, ammonium bicarbonate, dilute nitric acid, nitric acid, methylamines, sulphuric acid, argon, nitrogen, dimethyl acetamide, phosphoric acid, sodium nitrate/nitrite, methanol, gypsum, chalk, etc., as well as mono, die, and tri methyl amine. In addition, it involved in agriculture extension activities, such as soil sample analysis and farmer training services; printing and distribution of RCF Sheti Patrika for farmers; and development of drone hubs. Further, the company organize broadcasting of farming related community radio programs, including Samrudha Shetitun Vikasit Bharat. Rashtriya Chemicals and Fertilizers Limited was incorporated in 1978 and is based in Mumbai, India.",none,,,,,
POWERICA.NS,Powerica Limited,Industrials,Specialty Industrial Machinery,6258.62,Mid,494.55,-3.47,537.33,484.7,35.81,Bearish,Bearish,-5.13,-1.05,,,-24.41,0.8767,,46.12,4.43,676.95,365.1,-26.94,35.46,-25.28,,,,Bear,Damaged,50,,-4.78,,0.85,Stable,Golden Cross,106,-1.66,-3.22,,,131.7,56.6,2.33,"Powerica Limited manufactures, supplies, installs, and services diesel generator sets and provides engineering, procurement, and construction services for renewable energy projects. The company manufactures and assembles products such as control panels, customized synchronizing panels, base frames, fuel tanks, acoustic enclosures, room acoustic materials, and auxiliary systems for diesel generator sets. It offers diesel generator sets with various capacities, including containerized options for rental and construction applications, and provides services such as pre-purchase consultancy, design engineering, supply, installation, testing, commissioning, after-sales servicing, maintenance contracts, and spare parts sales. The company leases, operates, and maintains medium speed large generator sets and develops, operates, and maintains wind and solar power projects, acting as an EPC developer for independent power producer customers. It provides technical infrastructure and supervision for wind farm operations to support uptime and generation efficiency. The company serves clients in the construction and rental industries, independent power producers, businesses requiring power solutions across sectors, and organizations involved in renewable energy projects or emissions compliance. The company was founded in 1984 and is based in Mumbai, India.",none,,,,,
STYL.NS,Seshaasai Technologies Limited,Technology,Software - Infrastructure,6245.7,Mid,386.0,-0.21,366.7,324.27,50.49,Bearish,Bullish,7.39,45.67,66.63,,-42.78,0.9874,0.9014,44.08,4.95,437.45,209.11,-11.76,84.59,-50.35,,,,Bull,Correcting,240,6.0,-7.83,1.51,0.92,Stable,Golden Cross,35,10.86,43.5,72.79,,77.7,71.2,1.09,"Seshaasai Technologies Limited provides payment, communications and fulfilment, and IoT solutions in India. The company offers smart cards comprising banking, smart ID payment, contact-based, multi-utility contactless, transit, prepaid, access and control payment, and NFT token cards; metal and high-tech payment cards; merchant QR solutions; payment form factor products, such as wrist bands, key fobs and chains, watch straps, payment stickers and bracelets, and custom packaging kits; and secure banking instruments, including personalized cheque books, demand drafts and payment orders, passbooks, and customer communication products. It also provides print communication products consisting of statements, policy documents, business communication documents, utility bills, and loyalty campaigns, as well as direct mail, including brochures, postcards, and packages. In addition, the company offers radio frequency identification (RFID) solutions; RFID components, such as RFID inlays, RFID tags and labels, RFID automation, software integration, and handheld readers; RFID tunnels and antennas; RFID for the banking, financial, and insurance sector; and RFID active tracking, as well as eSIMs and SIM cards. Further, it provides various platforms comprising RUBIC, a customer communication platform; eTaTrak for integrated deliverables and logistics management; IOMS, an inventory and order management system; and izeIOT for connected products over the cloud. The company serves the banking, financial services, insurance, government, retail, supply chain and manufacturing, health and pharma, and renewable energy industries. Seshaasai Technologies Limited was incorporated in 1993 and is based in Mumbai, India.",none,,430.0,430.0,430.0,1.0
TRIVENI.NS,Triveni Engineering & Industries Limited,Consumer Defensive,Confectioners,6227.46,Mid,282.6,1.67,312.16,355.86,47.21,Bullish,Bullish,16.37,-22.7,-28.84,-18.5,172.41,1.1268,0.284,56.07,5.47,490.1,220.05,-42.34,28.43,-53.58,-18.5,0.78,10.33,Strong Bear,Damaged,36,6.0,23.94,-0.51,0.52,Falling,Death Cross,24,19.85,-24.87,-22.69,-14.66,113.8,107.9,1.05,"Triveni Engineering & Industries Limited engages in the sugar and allied businesses, and engineering businesses in India and internationally. The company is involved in the production of refined sugar, multi-grade white crystal sugar, pharmaceutical-grade sugar, potable alcohol, fuel-ethanol, and power from bagasse; production of alcohol/ethanol using molasses; sale of surplus molasses and bagasse; operation of distilleries; and production of ethanol, extra neutral alcohol, and potable liquor. It also engages in the manufacture of low-speed gears and gear boxes covering supply to OEMs, after-market services, and retrofitment of gearboxes; EPC contracts, equipment supply, hybrid annuity model projects, and operations and maintenance contracts; operation of fuel stations; and retail of diesel/petrol. In addition, the company provides steam and gas turbines, centrifugal compressors, reciprocating compressors, centrifugal pumps, fans and blowers, and hydel turbines; propulsion gearboxes, propulsion shafting, fin stabilisers, special application pumps; water and wastewater treatment and network management, municipal wastewater/sewage/common effluent treatment plant, desalination for seawater and brackish water, recycle and reuse, and zero liquid discharge; and operations and maintenance, annual maintenance contracts, product and process audits, health check-ups, upgradation of existing plants, spares and service, and on-site support services. It serves refineries, coal, sand processing plant, non-ferrous industries, oil and gas, thermal power plants, steel plants, sugar and allied industries, and desalination industries. Triveni Engineering & Industries Limited was incorporated in 1932 and is headquartered in Noida, India.",strong_buy,1.5,338.0,415.0,272.0,4.0
PRAJIND.NS,Praj Industries Limited,Industrials,Engineering & Construction,6148.55,Mid,334.5,-1.7,338.38,353.54,47.46,Bearish,Bullish,6.14,-4.28,7.2,-15.87,93.58,0.6937,0.12,40.56,3.54,427.65,273.0,-21.78,22.53,-34.0,-15.87,-9.93,-1.56,Bear,Damaged,260,6.0,7.57,0.18,1.14,Stable,Death Cross,401,9.61,-6.45,13.36,-12.03,84.4,94.7,0.89,"Praj Industries Limited operates in the field of bio-based technologies and engineering in India and internationally. It offers solutions for the ethanol industry, including multi-feed multi-product plants, modernization of existing plants, and renewable fuels comprising BioCNG, iso-butanol, etc.; and high purity system solutions for the biopharma industry, sterile formulations, topical and oral formulations, personal care, and nutraceutical industry. The company also provides customized plants, and equipment and technology solutions to customers in the brewing and beverage industry; reactors, pressure vessels, heat exchangers, columns, and proprietary equipment to hydrocarbon industry, petrochemicals, industrial gas plants, and chemical plants; and modular process packages. In addition, it offers wastewater treatment solutions, including treatment and disposal; 3Rs of reduce, recycle, and reuse; ZLD and resource recovery; operation and maintenance services; and value-added services. The company was incorporated in 1985 and is headquartered in Pune, India.",buy,2.5,369.16666,398.0,348.0,6.0
PICCADIL.NS,Piccadily Agro Industries Limited,Consumer Defensive,Beverages - Wineries & Distilleries,6133.61,Mid,622.25,-1.85,676.66,630.86,34.3,Bearish,Bearish,-20.68,7.65,18.34,5.04,49.41,1.0936,-0.652,42.96,4.45,809.7,515.0,-23.15,20.83,-31.87,5.04,,,Strong Bear,Damaged,20,4.0,-23.23,0.43,1.23,Rising,Golden Cross,39,-17.21,5.47,24.5,8.88,143.4,120.2,1.19,"Piccadily Agro Industries Limited engages in the manufacture and sale of alcoholic beverages in India and internationally. It operates in two segments, Sugar and Distillery. The company offers liquor, rectified spirit, extra neutral alcohol, ethanol, malt spirit, carbon dioxide gas, cask aged rum, vodka, and alcoholic beverage under the Indri, Camikara, Cashmir, Whistler, and Royal Highland brands. It also manufactures and sells white crystal sugar produced from sugarcane; and provides molasses, power, and bagasse. The company was founded in 1953 and is based in Gurugram, India.",none,,,,,
VIKRAMSOLR.NS,Vikram Solar Limited,Technology,Solar,6129.22,Mid,169.15,-0.31,179.31,216.26,44.73,Bullish,Bullish,-6.05,-20.6,1.7,-48.48,199.32,1.2332,0.7918,46.51,3.78,407.95,155.38,-58.54,8.86,-58.61,-48.48,,,Strong Bear,Damaged,255,4.0,0.82,0.04,1.29,Rising,Death Cross,264,-2.58,-22.78,7.85,,72.5,153.6,0.47,"Vikram Solar Limited engages in the manufacture and sale of solar photovoltaic modules/systems in India and internationally. It also engineering, procurement and construction (EPC) and operation and maintenance of solar power plant. It sells its products under the Suryava, Hypersol, Hypersol Pro, Paradea, and SOMERA brand names. It also involved in rooftop projects. The company was incorporated in 2005 and is based in Kolkata, India.",none,,194.16667,267.0,130.0,6.0
SMARTWORKS.NS,Smartworks Coworking Spaces Limited,Real Estate,Real Estate Services,6010.15,Mid,525.45,-0.09,494.79,469.35,58.76,Bullish,Bullish,10.24,15.97,37.53,7.41,-29.92,1.0407,0.9468,35.29,3.19,619.0,361.5,-15.11,45.35,-38.61,7.41,,,Bull,Correcting,215,6.0,4.92,1.06,0.93,Stable,Golden Cross,45,13.71,13.79,43.69,11.25,98.4,77.0,1.28,"Smartworks Coworking Spaces Limited owns, operates, and leases co-working spaces in India. The company operates and maintains serviced office spaces, meeting and training rooms, virtual offices, and other ancillary services. It also provides maintenance and house-keeping services to commercial and private properties and business houses; and software booking application for meeting room management and booking, visitor management system, and attendance management system. The company was incorporated in 2015 and is headquartered in Gurugram, India.",none,,637.7143,725.0,534.0,7.0
FEDFINA.NS,Fedbank Financial Services Limited,Financial Services,Credit Services,5908.26,Mid,157.57,0.87,154.21,147.15,55.21,Bullish,Bullish,5.55,-1.87,25.04,14.18,-61.94,1.5275,0.642,41.8,2.95,178.48,119.07,-11.72,32.33,-31.5,14.18,,,Strong Bull,Correcting,165,8.0,6.17,0.6,0.74,Falling,Golden Cross,308,9.02,-4.05,31.19,18.02,170.7,137.2,1.24,"Fedbank Financial Services Limited, a non-banking finance company (NBFC), provides financing services to individuals and businesses in India. The company operates through three segments: Distribution, Retail Finance, and Wholesale Finance. The company offers housing, personal car, personal, home equity mortgage, gold, SME, business, unsecured business, mortgage, and retail loans. It also provides loans against property and retail asset products; construction finance to developers; and loans to other NBFCs. In addition, the company provides insurance products. Fedbank Financial Services Limited was incorporated in 1995 and is based in Mumbai, India. Fedbank Financial Services Limited is a subsidiary of The Federal Bank Limited.",strong_buy,1.5,191.25,200.0,175.0,4.0
SHAKTIPUMP.NS,Shakti Pumps (India) Limited,Industrials,Specialty Industrial Machinery,5828.7,Mid,472.35,-1.17,517.52,586.38,27.5,Bearish,Bearish,-9.06,-12.44,-2.53,-41.4,-52.3,1.3287,-0.132,45.16,2.31,915.0,456.35,-48.38,3.51,-48.08,-41.4,61.4,30.59,Strong Bear,Damaged,250,4.0,-4.91,-0.06,0.61,Falling,Death Cross,240,-5.59,-14.61,3.62,-37.56,89.8,145.6,0.62,"Shakti Pumps (India) Limited, together with its subsidiaries, manufactures and sells pumping solutions in India and internationally. It offers submersible, solar, vertical multistage centrifugal, monoblock end suction, pressure booster, waste water, open well, positive displacement submersible, shallow well and slow speed, immersible, single shaft vertical multistage, solar open well, plug and play, sero vertical multi stage, mechanical seal, vertical turbine, SCRI EE, and immersible coolant pumps, as well as hydro pneumatic boosters systems and inverter submersible, micro surface, and firefighting pump sets. The company also provides submersible, EV, surface, and slip start synchronous motors; and universal drives, universal solar pump controllers, smart controllers, smart starters, grid tie inverters, hybrid inverters, hybrid controllers, RMS/IoT dongles, micro RMS 4G, DU/DT filters, solar tracker controllers, electronics and control plants, and soft starters. In addition, it offers mechanical seals, hydro pneumatic PLC parameter setting manuals, solar structures, and all products, as well as mounting structures, EV steering and compressor motors, electronic controllers, and EV chargers. The company serves the agriculture, water management, industrial, residential, commercial, solar solution, and renewable energy industries. It exports its products. The company was founded in 1982 and is headquartered in Pithampur, India.",none,,640.0,640.0,640.0,1.0
TRANSRAILL.NS,Transrail Lighting Limited,Industrials,Engineering & Construction,5734.75,Mid,427.15,-1.45,477.7,527.86,26.22,Bearish,Bearish,-13.85,-12.88,-15.79,-43.44,41.72,1.5131,1.5807,37.42,2.66,823.0,426.45,-48.1,0.16,-46.25,-43.44,,,Strong Bear,Damaged,251,4.0,-9.56,-0.42,0.84,Falling,Death Cross,186,-10.38,-15.06,-9.64,-39.6,132.3,190.1,0.7,"Transrail Lighting Limited, an engineering, procurement, and construction (EPC) company, engages in the designing, manufacturing, testing, installation, and supply of galvanized steel structures and conductors for power transmission and distribution in India and internationally. The company also provides EPC for civil construction, such as bridges, tunnels, elevated roads, and cooling towers; solutions for solar renewable projects including Solar plant, BESS, Pooling substations, and Grid connectivity manufacturer, supply, installation, testing, and commissioning service for poles and lighting; and overhead electrification, signaling and telecommunication services, earthwork, track linking, and other composite work for railway. It serves public sector undertakings, governmental authorities, and private companies. The company was founded in 1984 and is headquartered in Mumbai, India. Transrail Lighting Limited operates as a subsidiary of Ajanma Holdings Private Limited.",none,,,,,
SENCO.NS,Senco Gold Limited,Consumer Cyclical,Luxury Goods,5713.59,Mid,348.6,-1.18,359.43,346.13,44.06,Bearish,Bearish,-9.87,-0.32,18.21,-7.38,-49.98,1.1877,0.392,42.03,4.23,430.0,276.0,-18.93,26.3,-28.26,-7.38,20.16,,Bull,Correcting,25,5.0,-9.76,0.43,1.28,Rising,Golden Cross,36,-6.4,-2.5,24.37,-3.53,127.4,119.2,1.07,"Senco Gold Limited engages in the manufacture and trading of jewelry and articles made of gold, silver, platinum, and other precious and semi-precious stones in India. It also manufactures diamond jewelry. In addition, the company provides costume jewelry, gold and silver coins, and silver kitchenware. It sells its products under the Senco Gold & Diamonds trademark. The company operates owned and franchised showrooms, as well as online platforms. Senco Gold Limited was incorporated in 1994 and is based in Kolkata, India.",buy,1.66667,490.5,661.0,355.0,6.0
QUESS.NS,Quess Corp Limited,Industrials,Staffing & Employment Services,5664.47,Mid,379.25,-0.07,315.18,266.57,72.16,Bullish,Bullish,18.52,62.44,106.0,47.29,-42.9,1.0369,-0.006,35.95,4.13,388.75,166.3,-2.44,128.05,-36.97,47.29,0.26,-13.51,Strong Bull,Recovering,1,6.0,-2.29,2.95,0.97,Stable,Golden Cross,39,22.0,60.27,112.16,51.13,106.4,44.2,2.41,"Quess Corp Limited, together with its subsidiaries, provides staffing and workforce solutions in India and internationally. It operates through four segments: General Staffing, Professional Staffing, Overseas Staffing, and Digital Platforms. The company offers general staffing, such as sourcing and recruitment, apprenticeship program, and center of experience; and flexi staffing, payroll and compliance management, apprenticeship solutions, gig workforce management, and workforce lifecycle services. It also provides professional staffing, including digital technology skills, GCC services, recruitment services, and mobility solutions; and niche talent acquisition, project staffing, contractual hiring, and specialist recruitment across technology domains, including AI, cloud, analytics, cybersecurity, and digital engineering. In addition, the company offers international staffing and workforce mobility solutions in APAC markets in engineering, healthcare, infrastructure, construction, hospitality, and services sectors through sourcing, deployment, and workforce management solutions. Further, it provides blue-collar job and HRMS platforms; and on-demand gig workforce platforms. Additionally, the company offers IT solutions comprising digital engineering, r and d solutions, managed services, managed capacity, staff augmentation, managed solutions provider, and hire-train-deploy and hire-deploy-train solutions; and RPO, executive search, and permanent recruitment services. The company was formerly known as Ikya Human Capital Solutions Limited and changed its name to Quess Corp Limited in January 2015. Quess Corp Limited was incorporated in 2007 and is headquartered in Bengaluru, India.",none,,342.375,384.0,230.0,8.0
GOKEX.NS,Gokaldas Exports Limited,Consumer Cyclical,Apparel Manufacturing,5643.11,Mid,770.1,-1.33,790.37,766.85,41.22,Bearish,Bearish,-3.34,10.99,24.97,10.25,-10.64,1.9593,-0.027,55.32,2.82,954.9,531.0,-19.35,45.03,-42.91,10.25,14.88,28.74,Bull,Correcting,204,5.0,-7.0,0.45,0.64,Falling,Golden Cross,44,0.13,8.82,31.12,14.09,195.9,157.8,1.24,"Gokaldas Exports Limited designs, manufactures, and sells a range of garments in India. The company offers fashion wear, outerwear, bottom wear, casualwear, and sportswear, such as jackets, pants, tops/shirts, and other products for men, women, and children. It serves international fashion brands and retailers. The company also exports its products to approximately 50 countries worldwide. Gokaldas Exports Limited was incorporated in 1979 and is based in Mumbai, India.",none,,982.375,1110.0,800.0,8.0
CSBBANK.NS,CSB Bank Limited,Financial Services,Banks - Regional,5620.72,Mid,331.65,-2.15,339.55,366.26,48.08,Bullish,Bullish,0.53,-8.4,-9.58,-11.23,-21.3,1.3604,0.271,45.05,3.09,574.4,312.95,-42.26,5.98,-43.56,-11.23,2.85,-0.72,Strong Bear,Damaged,171,4.0,3.33,-0.21,0.9,Stable,Death Cross,118,4.0,-10.57,-3.43,-7.39,94.3,96.5,0.98,"CSB Bank Limited provides banking and financial services for small and mid-sized enterprises, large corporates and conglomerates, and domestic and non-resident individuals in India. It operates through Treasury, Corporate/Wholesale Banking, Retail Banking, and Other Banking Operations segments. The company offers savings, current, salary/payroll, and fixed and recurring deposit accounts, as well as safe deposit lockers, family banking, and segmented products; life, general, and health insurance, as well as social security schemes; personal, gold, retail, vehicle, home, MSME-small business, agriculture, educational, MFI, and two-wheeler loans, as well as healthcare finance; loans against securities and property; doorstep banking services, such as pickup and delivery of cash and cheques, and pickup of cheques; and corporate net banking. It also provides investment services, such as e-trade and sovereign gold bonds; credit and debit cards; NRI banking services, including NRO, NRE, and RFC accounts and deposits, as well as FCNR deposits; premier banking products; digital access and value-added services; foreign exchange services, including outward remittances and foreign currency cash; and agri-banking and financial inclusion services. In addition, the company offers term and working capital loans, export and import finance, letters of credit, buyers' and suppliers' credit, commercial vehicle loans, inland and trade receivables discounting system bill discounting, factoring, cash credit/overdraft, trade and bill finance, cash management, and bank guarantees; treasury products, such as forex hedging solutions and advisory services; ATMs and CDMs; internet, mobile, and WhatsApp banking; POS/QR solutions; RTGS/NEFT; and utility and bill payments services. The company was formerly known as The Catholic Syrian Bank Limited and changed its name to CSB Bank Limited in June 2019. CSB Bank Limited was incorporated in 1920 and is headquartered in Thrissur, India.",none,,393.5,439.0,355.0,4.0
PRSMJOHNSN.NS,Prism Johnson Limited,Basic Materials,Building Materials,5619.47,Mid,111.64,0.4,111.62,123.32,55.52,Bullish,Bearish,2.57,-6.43,-11.8,-24.23,4144.25,0.5479,0.445,34.98,3.39,176.0,97.1,-36.57,14.97,-37.89,-24.23,-5.64,-4.14,Strong Bear,Damaged,244,3.0,4.71,-0.34,1.12,Stable,Death Cross,209,6.04,-8.6,-5.64,-20.39,80.3,106.1,0.76,"Prism Johnson Limited, an integrated building materials company, manufactures and sells cement, tiles, and ready-mixed concrete in India and internationally. It operates through Cement, H & R Johnson (India) (HRJ), Ready Mixed Concrete (RMC), and Insurance segments. The company offers Portland pozzolana and Ordinary Portland cement under the Champion, Champion Plus, Champion Duratech, and Champion All Weather brands. It also provides ceramic, industrial, and vitrified tiles; and sanitaryware, bath fittings, faucets, accessories, and engineered marble and quartz products under the Johnson Tiles, Johnson Marbonite, Johnson Porselano, Johnson Bathware, Johnson Endura, and Johnson International brand names. Additionally, the company offers construction chemicals and plasters. Further, it engages in the general insurance business, including health, motor, home, and office insurance products. The company was formerly known as Prism Cement Limited and changed its name to Prism Johnson Limited in April 2018. Prism Johnson Limited was incorporated in 1992 and is headquartered in Mumbai, India.",none,,136.5,163.0,110.0,2.0
DBREALTY.NS,Valor Estate Limited,Real Estate,Real Estate - Development,5576.48,Mid,102.81,-0.09,110.59,120.82,35.8,Bearish,Bearish,-8.95,-10.17,0.58,-39.59,261.44,1.9644,-0.426,51.14,4.27,184.8,83.5,-44.37,23.13,-53.39,-39.59,-0.4,30.85,Strong Bear,Damaged,260,4.0,-5.56,0.01,0.98,Stable,Death Cross,251,-5.48,-12.34,6.73,-35.75,170.2,214.7,0.79,"Valor Estate Limited, together with its subsidiaries, operates as a real estate construction and development company in India. It operates in two segments: Real Estate Business and Hospitality Business. The company develops and sells residential, commercial, retail, and other projects, such as mass housing and cluster redevelopment, as well as hospitality projects. The company was formerly known as D B Realty Limited and changed its name to Valor Estate Limited in March 2024. Valor Estate Limited was incorporated in 2007 and is based in Mumbai, India.",none,,,,,
TVSSCS.NS,TVS Supply Chain Solutions Limited,Industrials,Integrated Freight & Logistics,5487.84,Mid,124.39,-0.48,129.45,124.4,42.43,Bullish,Bullish,-8.23,-4.07,10.41,1.48,583.31,1.2929,0.883,40.21,4.05,146.5,90.32,-15.09,37.72,-32.44,1.48,,,Bear,Correcting,38,7.0,-6.87,0.26,1.16,Rising,Golden Cross,55,-4.76,-6.25,16.57,5.33,114.0,103.3,1.1,"TVS Supply Chain Solutions Limited provides integrated supply chain solutions in India. The company operates in two segments, Integrated Supply Chain Solutions (ISCS) and Global Forwarding Solutions (GFS). The ISCS segment engages in sourcing and procurement, integrated transportation, logistics operation centers, in-plant logistics, finished goods, aftermarket fulfillment, and supply chain consulting operations, as well as offers integrated final mile solutions, including closed loop logistics and support, which comprises spares logistics, break-fix, refurbishment and engineering support, and courier and consignment management services. The GFS segment offers global forwarding solutions, such as managing end-to-end freight forwarding and distribution across ocean, air and land, warehousing and at port storage, and value-added services. The company serves automotive, beverage, consumers, defence, e-commerce and omnichannel, financial services, healthcare, industrial, rail, telecommunication, tech and tech infra, and utilities sectors. The company was formerly known as TVS Logistics Services Limited and changed its name to TVS Supply Chain Solutions Limited in November 2019. TVS Supply Chain Solutions Limited was incorporated in 2004 and is headquartered in Chennai, India.",none,,,,,
FIEMIND.NS,Fiem Industries Limited,Consumer Cyclical,Auto Parts,5400.79,Mid,2052.0,-1.62,2247.34,2164.15,35.11,Bearish,Bearish,-11.72,-9.68,-2.06,-4.79,210.25,1.313,0.487,35.93,3.57,2674.8,1868.5,-23.28,9.82,-24.94,-4.79,31.25,40.56,Strong Bear,Damaged,15,8.0,-8.49,-0.06,1.24,Rising,Golden Cross,354,-8.25,-11.85,4.1,-0.94,124.8,105.2,1.19,"Fiem Industries Limited, together with its subsidiaries, manufactures and supplies automotive components in India and internationally. It operates in two segments, Automotive and Others. The company offers automotive lighting and signaling equipment, rear-view mirrors, prismatic mirrors, plastic moulded parts, bank angle sensors, and canister and sheet metal components for motorized vehicles. It also provides LED luminaries, including indoor and outdoor lighting, display panels, and LED integrated passengers information system. The company serves original equipment manufacturers. It exports its products. The company was formerly known as Rahul Auto Private Limited and changed its name to Fiem Industries Limited in May 1992. Fiem Industries Limited was incorporated in 1989 and is based in Gurugram, India.",strong_buy,1.33333,2835.0,3050.0,2700.0,3.0
SAATVIKGL.NS,Saatvik Green Energy Limited,Technology,Solar,5303.46,Mid,417.25,-0.77,432.15,434.19,44.7,Bullish,Bearish,-2.12,-9.99,21.61,,0.29,0.9677,0.7815,43.48,3.5,567.0,328.0,-26.41,27.21,-39.52,,,,Bear,Damaged,234,5.0,1.21,0.5,0.94,Stable,Death Cross,5,1.35,-12.16,27.77,,94.7,87.4,1.08,"Saatvik Green Energy Limited manufactures and sells solar photovoltaic modules in India and internationally. Its solar energy products include monocrystalline passive emitter and rear cell modules and N-TopCon solar modules for various applications comprising residential, commercial, and utility scale solar projects. The company also provides solar pumps, such as solar submersible and surface pumps and controllers; and end-to-end engineering, procurement, and construction services for solar projects. In addition, it offers ground-mounted and rooftop solar installation services; and operation and maintenance services. The company was incorporated in 2015 and is based in Gurugram, India.",strong_buy,1.0,509.0,510.0,508.0,2.0
ELECTCAST.NS,Electrosteel Castings Limited,Industrials,Building Products & Equipment,5271.88,Mid,85.28,1.73,75.45,79.74,81.02,Bullish,Bullish,20.65,16.68,32.17,-11.27,154.84,1.2194,0.048,46.49,3.27,103.95,60.15,-17.96,41.78,-39.56,-11.27,13.31,17.58,Bull,Correcting,260,6.0,15.09,0.69,0.72,Falling,Death Cross,456,24.12,14.51,38.32,-7.42,100.1,103.7,0.97,"Electrosteel Castings Limited manufactures and supplies ductile iron (DI) pipes, ductile iron fittings (DIF) and accessories, and cast iron (CI) pipes in India and internationally. The company provides ductile iron pipes and fittings which are used in various applications, including raw and clear water transmission, distribution network of potable water, water supply for industrial/process plants, ash-slurry handling and disposal systems, on-shore and off-shore fire-fighting systems, desalination plants, sewerage and waste water force mains, gravity sewerage collection and disposal systems, storm water drainage piping, domestic and industrial disposal systems, recycling systems, piping work in water and sewage treatment plants, vertical connection to utilities and reservoirs, piling for ground stabilization, trenchless application, and protective piping under carriageways; ductile iron flange pipes used for temporary, over-ground and exposed installations, vertical pipelines, interconnection and connection for accessories, and as a restrained joint application; and ductile iron restrained joint pipes. It also offers cast iron pipes, metallurgical coke, sinter, sponge iron, ferro silicon, pig iron, low ash metallurgical coke, and silico manganese ferro alloy. In addition, the company provides cement under the brand name of SPL GOLD. The company was formerly known as Dalmia Iron and Steel Ltd. Electrosteel Castings Limited was incorporated in 1955 and is based in Kolkata, India.",none,,76.0,76.0,76.0,1.0
OPTIEMUS.NS,Optiemus Infracom Limited,Technology,Electronics & Computer Distribution,5148.5,Mid,571.0,-2.02,552.82,502.9,50.03,Bullish,Bearish,-8.73,25.91,50.84,2.68,-3.37,1.9422,0.084,48.75,4.2,713.0,288.0,-19.92,98.26,-57.05,2.68,33.69,29.64,Bull,Correcting,233,4.0,-17.37,1.04,0.94,Stable,Golden Cross,35,-5.26,23.74,56.99,6.52,199.7,176.6,1.13,"Optiemus Infracom Limited, together with its subsidiaries, trades in mobile handset and mobile accessories in India and internationally. It also manufactures telecommunication and allied products, including hearable and wearable, and IT hardware products, as well as drones and drone-based spectrum analyzers. The company was formerly known as Akanksha Cellular Limited and changed its name to Optiemus Infracom Limited in June 2011. Optiemus Infracom Limited was incorporated in 1993 and is based in Noida, India.",none,,,,,
RENUKA.NS,Shree Renuka Sugars Limited,Consumer Defensive,Confectioners,5095.6,Mid,23.94,-1.12,23.36,25.22,52.8,Bullish,Bullish,6.83,6.68,-5.45,-16.85,731.85,0.5661,-0.309,35.6,4.79,33.3,21.05,-28.11,13.73,-33.94,-16.85,-18.91,-5.58,Strong Bear,Damaged,260,3.0,4.6,-0.15,1.29,Rising,Death Cross,483,10.3,4.51,0.7,-13.0,56.8,72.6,0.78,"Shree Renuka Sugars Limited manufactures and refines sugar in India and internationally. The company operates through Sugar-Milling, Sugar-Refinery, Trading, Co-Generation, Distillery, Engineering, and Other segments. The company offers white/refined sugar under the Madhur Pure & Hygienic Sugar brand for the beverages, biscuit and snack, and confectionary companies; ethyl alcohol and ethanol for the oil marketing, potable alcohol, and chemical industries; and engineering, procurement, and construction plant solutions for the fermentation and distillation industries. The company also generates and sells power from bagasse, a sugarcane by product for state grids. In addition, the company exports its products. The company was incorporated in 1995 and is headquartered in Mumbai, India. Shree Renuka Sugars Limited is a subsidiary of Wilmar Sugar and Energy Pte. Ltd.",none,,,,,
WAKEFIT.NS,Wakefit Innovations Limited,Consumer Cyclical,"Furnishings, Fixtures & Appliances",5056.59,Mid,152.47,-0.29,134.05,150.22,70.36,Bullish,Bullish,19.1,31.36,-17.7,,-79.06,0.9083,,50.71,4.42,224.0,111.4,-31.93,36.87,-47.62,,,,Bear,Damaged,145,5.0,8.65,-0.35,0.85,Stable,Death Cross,129,22.57,29.19,-11.54,,81.3,94.1,0.86,"Wakefit Innovations Limited manufactures and markets home furnishing products. Its products include mattresses, beds, rollup, side tables, sofas, wardrobes, dressing tables, pillows, cabinets and shelves, kitchen and dining cushions, home essentials, TV units, office chairs, coffee tables, mats, rugs and carpets, yoga mats, runner, double, curtains, bathrobes, and home décor, lifestyle needs, table decor, lights, engineered wood lamps, and garden decor. The company offers its products through multiple online marketplaces besides its own website and stores. Wakefit Innovations Limited was incorporated in 2016 and is based in Bengaluru, India.",none,,100.0,100.0,100.0,1.0
CRAMC.NS,Canara Robeco Asset Management Company Limited,Financial Services,Asset Management,5042.27,Mid,252.85,-0.98,256.69,261.77,43.07,Bearish,Bullish,-5.16,2.24,9.77,,-86.76,1.4387,1.6869,40.13,2.53,353.4,214.2,-28.45,18.04,-37.73,,,,Bear,Damaged,221,5.0,-5.91,0.24,0.89,Stable,Death Cross,165,-1.69,0.07,15.92,,138.9,139.8,0.99,Canara Robeco operates as a subsidiary of Canara Bank,none,,308.75,325.0,285.0,4.0
THOMASCOOK.NS,Thomas Cook (India) Limited,Consumer Cyclical,Travel Services,4990.27,Small,106.09,0.36,105.04,114.33,49.95,Bearish,Bullish,0.57,13.54,11.46,-39.91,108.9,1.3382,-0.26,42.8,4.34,181.41,86.35,-41.52,22.86,-50.85,-39.91,0.87,12.15,Bear,Damaged,258,5.0,-3.94,0.27,1.19,Rising,Death Cross,233,4.04,11.37,17.62,-36.06,111.5,160.2,0.7,"Thomas Cook (India) Limited offers integrated travel services in India and internationally. It operates through Financial Services, Travel and Related Services, Leisure Hospitality and Resorts Business, and Digiphoto Imaging Services segments. The Financial Services segment engages in wholesale, and retail purchase and sale of foreign currencies and paid documents. Its Travel and Related Services segment is involved in tour operations, travel management, visa services, and travel insurance and related activities. The Leisure Hospitality and Resorts Business segment provides room rentals and other allied services. Its Imaging Services provides turnkey imaging solutions and related services. The company was founded in 1881 and is headquartered in Mumbai, India. Thomas Cook (India) Limited operates as a subsidiary of Fairbridge Capital (Mauritius) Limited.",none,,131.0,140.0,122.0,2.0
PURVA.NS,Puravankara Limited,Real Estate,Real Estate - Development,4975.16,Small,209.79,-1.22,216.07,226.09,42.11,Bearish,Bearish,0.63,-0.31,9.65,-27.05,44.93,1.365,0.338,42.19,3.56,296.45,160.69,-29.23,30.56,-44.12,-27.05,26.55,13.55,Strong Bear,Damaged,260,4.0,0.73,0.23,0.73,Falling,Death Cross,416,4.1,-2.48,15.81,-23.21,98.2,123.8,0.79,"Puravankara Limited, together with its subsidiaries, designs, develops, constructs, and markets residential and commercial properties in India. The company was founded in 1975 and is headquartered in Bengaluru, India.",none,,400.0,400.0,400.0,1.0
GMMPFAUDLR.NS,GMM Pfaudler Limited,Industrials,Specialty Industrial Machinery,4810.42,Small,1070.0,-1.27,930.37,941.93,71.07,Bearish,Bullish,26.22,35.95,19.94,-8.98,439.59,0.8844,0.052,32.53,3.65,1307.5,735.0,-18.16,45.58,-43.07,-8.98,-12.21,-7.6,Bull,Correcting,216,6.0,14.24,0.61,1.42,Rising,Death Cross,250,29.69,33.78,26.09,-5.14,83.0,88.9,0.93,"GMM Pfaudler Limited designs, manufactures, installs, and services corrosion-resistant equipment and complete chemical process systems used in the chemical, pharmaceutical, and other industries in India and internationally. The company offers glass-lined technology comprising lining, glass-line reactors and mixing systems, baffling technology, storage tanks and receivers, columns, instrumentation, and heat and mass transfers; labs and process glass, such as components and apparatus, mixing vessels, reaction and filtration systems, distillation and evaporation systems, extraction, absorption/scrubbers, glass components for processors, and OEM solutions for NORMAG; filtration and drying, which include solid-liquid separation and vacuum drying; and mixing technology services. It also provides sealing technology, which includes dry9000 for DIN dimensions for agitators and mixers; ace5000; FleXeal mechanical seals; provides alloy process equipment, such as heavy engineering, alloy mixing systems, alloy heat exchangers, alloy columns, alloy reactors, alloy pressure vessels, wiped film evaporators, and tantalum process equipment; fluoropolymers for chemical and pharmaceutical applications, semiconductor, and pulp and paper; and machined PTFE and engineered plastics products. In addition, the company offers pilot testing and scale-up, instrumentation and controls, temperature control units, modular reaction systems, wiped film evaporators, distillation columns, modular evaporation and distillation systems, acid recovery, absorption, extraction, and membrane separation systems. The company was formerly known as Gujarat Machinery Manufacturers Limited and changed its name to GMM Pfaudler Limited in 1999. GMM Pfaudler Limited was incorporated in 1962 and is headquartered in Mumbai, India.",none,,1800.0,1800.0,1800.0,1.0
SURYAROSNI.NS,Surya Roshni Limited,Basic Materials,Steel,4707.46,Small,216.3,-1.15,232.05,244.65,33.75,Bullish,Bearish,-8.15,-15.25,3.04,-21.69,122.16,1.0883,0.557,38.47,3.03,314.5,187.35,-31.22,15.45,-37.9,-21.69,5.82,9.52,Strong Bear,Damaged,260,4.0,-3.07,0.08,1.1,Stable,Death Cross,230,-4.68,-17.42,9.19,-17.85,64.3,86.3,0.75,"Surya Roshni Limited manufactures and sells steel pipes and strips, and lighting and consumer durables in India. The company offers GI pipes for agriculture and irrigation, casing and tubing, water transportation/plumbing and pipelines, green houses, firefighting, street light poles, and solar panels; API/3LPE coated spiral pipes for oil and gas, and water transportation, and city gas distribution; CR strips; hollow section pipes; spiral welded pipes; cold rolled strips and sheets; and black pipes for construction, fabrication, fencing, railway platforms and metros, airports, powder coating, sign boards, industrial application, and scaffoldings. It also provides various indoor commercial, retail lighting, industrial lighting, street lighting, flood lighting, facade lighting, landscape lighting, solar lighting, high mast lighting, and sensors; and consumer lighting products, including panels and LED downlighters, decorative lights, LED battens, LED lamps, street and flood lights, torches, extension boards, GLS, FTL fittings and ballast, and wires and cables. In addition, the company offers ceiling, designer, BLDC, pedestal, table, and exhaust fans; home appliances, including water heaters, room heaters, air coolers, steam irons, juicer-mixer-grinders, and induction cooktops; and domestic wires. Further, it provides PVC Pressure pipes and fittings for water supply and pressure applications; CPVC pipes and fittings for hot and cold-water transportation; UPVC plumbing pipes and fittings for residential and commercial plumbing; UPVC SWR pipes and fittings for soil, waste and rainwater drainage systems, and water storage tanks for safe and reliable water storage solutions. The company also exports its products to the United States, Australia, Canada, Mexico, the Middle East, Europe, Africa, and internationally. Surya Roshni Limited was incorporated in 1973 and is headquartered in New Delhi, India.",hold,3.0,225.0,225.0,225.0,1.0
PNCINFRA.NS,PNC Infratech Limited,Industrials,Engineering & Construction,4640.54,Small,180.89,-4.17,217.88,231.09,20.97,Bearish,Bearish,-27.95,-13.82,-8.36,-40.2,58.39,1.1892,0.571,33.28,4.15,325.0,158.17,-44.34,14.36,-48.61,-40.2,-18.44,-10.24,Strong Bear,Damaged,258,4.0,-23.34,-0.25,1.13,Stable,Death Cross,484,-24.48,-16.0,-2.21,-36.36,67.9,124.9,0.54,"PNC Infratech Limited, together with its subsidiaries, engages in the construction, development, operation, and management of infrastructure projects in India. The company undertakes various infrastructure projects, including roads, highways, bridges, flyovers, power transmission lines, airport runways and pavements, rural drinking water supply, irrigation, industrial area development, rail freight corridors, and other infrastructure projects. It also provides end-to-end infrastructure implementation solutions, such as engineering, procurement, and construction services on a fixed-sum turnkey basis, as well as on an item rate basis; and executes and implements projects on a design-build-finance-operate-transfer, operate-maintain-transfer, hybrid annuity model, and other public-private partnership formats. The company was formerly known as PNC Construction Company Limited and changed its name to PNC Infratech Limited in August 2007. PNC Infratech Limited was founded in 1989 and is headquartered in Agra, India.",strong_buy,1.28571,280.42856,354.0,228.0,14.0
TEXRAIL.NS,Texmaco Rail & Engineering Limited,Industrials,Railroads,4624.02,Small,113.65,0.51,109.2,115.81,60.93,Bullish,Bullish,4.5,8.89,18.63,-17.71,-6.92,1.8719,0.657,42.85,3.15,153.0,78.05,-25.72,45.61,-47.51,-17.71,-0.26,26.96,Bear,Damaged,251,5.0,1.54,0.43,0.78,Falling,Death Cross,424,7.97,6.72,24.79,-13.86,180.6,189.3,0.95,"Texmaco Rail & Engineering Limited manufactures, sells, and provides services for rail and rail related products in India. It operates through four segments: Freight Car Division, Infra Rail & Green Energy, Infra Electrical, and Real Estate. The company offers freight cars, such as railway freight cars, loco components and shells, and steel castings; steel girders for railway bridges; and pressure vessels. It also undertakes EPC contracts for execution of railway track, and signaling and telecommunication projects; rail electrification and automatic fare collection; hydro-mechanical equipment. In addition, the company provides wagons, parcel vans, brake vans, as well as components for fabricated bogie; front end; fuel tank; car body shell; platform sub-assemblies; bogie and base frame; and end, side, bolster, floor, and ballast assembly. The company was founded in 1939 and is based in Kolkata, India.",none,,137.33333,149.0,114.0,3.0
SUBROS.NS,Subros Limited,Consumer Cyclical,Auto Parts,4610.86,Small,706.8,-1.37,764.88,785.18,24.01,Bearish,Bearish,-14.48,-1.68,-2.28,-18.8,-14.22,1.5956,0.579,43.07,2.51,1213.7,622.1,-41.76,13.62,-46.81,-18.8,21.13,16.97,Strong Bear,Damaged,241,4.0,-13.92,-0.05,0.55,Falling,Death Cross,15,-11.01,-3.85,3.87,-14.96,148.7,156.9,0.95,"Subros Limited engages in the manufacture and sale of thermal products for automotive applications in India and internationally. The company offers compressors, HVAC, radiators, condensers, evaporators, heaters, tubes and hoses, bus and rail AC kit, transport and commercial cooling solutions. The company was incorporated in 1985 and is headquartered in New Delhi, India.",none,,895.5,941.0,850.0,2.0
PTC.NS,PTC India Limited,Utilities,Utilities - Independent Power Producers,4601.15,Small,155.44,0.15,159.45,156.86,45.01,Bearish,Bearish,-4.45,-4.95,11.42,0.95,284.0,0.9668,0.688,32.11,2.64,229.51,149.59,-32.27,3.91,-27.7,0.95,19.96,18.86,Bear,Damaged,84,5.0,-2.8,0.36,0.9,Stable,Golden Cross,101,-0.98,-7.12,17.58,4.79,92.2,87.9,1.05,"PTC India Limited, together with its subsidiaries, engages in the trading and generating of power in India, Nepal, Bhutan, and Bangladesh. The company operates in two segments, Power and Financing Business. It engages in long term, medium term, and short-term power trading activities; and cross border power trading business. The company provides financing solutions to the energy value chain which includes investing in equity or extending debt to power projects in generation, transmission, distribution, fuel resources, and fuel related infrastructure, as well as consultancy and advisory services. It serves its products to state distribution and private distribution companies, corporates, and entities trading power on power exchanges. The company was formerly known as Power Trading Corporation of India Ltd and changed its name to PTC India Limited. PTC India Limited was incorporated in 1999 and is based in New Delhi, India.",none,,,,,
GREAVESCOT.NS,Greaves Cotton Limited,Industrials,Specialty Industrial Machinery,4523.92,Small,194.2,-1.82,204.77,192.48,41.5,Bullish,Bearish,-2.9,1.87,32.95,-4.54,-58.9,1.5626,0.07,44.31,3.67,271.9,119.99,-28.58,61.85,-48.18,-4.54,15.06,4.6,Bull,Damaged,38,5.0,-3.52,0.74,0.52,Falling,Golden Cross,50,0.57,-0.31,39.1,-0.7,134.0,122.5,1.09,"Greaves Cotton Limited operates engineering and mobility retail business in India, the Middle East, Africa, Southeast Asia, and internationally. It operates through Engines, Electric Mobility & Other Vehicles, Cables & Control Levers, and Others segments. The company engages in the provision of engines for farm equipment, gensets, and spares; manufacture and trade of electric vehicles and its spare parts; and manufacture of cables and control levers for commercial vehicles, industrial machines, construction equipment, and boats and vehicles. It also provides the greaves care and aftermarket spares services; offers retail vehicle financing; manufactures mechanical and electronic motion control systems; manufactures and supplies e-rickshaw and e-3wheeler under the ELE brand; designs, develops, manufactures, markets, and sells L5 three-wheelers; and designs and manufactures 2-wheelers under the Ampere brand. In addition, the company offers engineering services to the OEMs for development and maintenance of engines, plant and machinery, and equipment; fuel-agnostic powertrain solutions; lending and related solutions to purchasers of electric 2-wheeler and 3-wheeler vehicles; and lease financing options. Further, it offers engineering services, which includes auto application, such as diesel engine, and gasoline and alternate fuel; and non-automotive applications comprising power, agriculture, and industrial solutions. Greaves Cotton Limited was founded in 1859 and is headquartered in Mumbai, India.",none,,,,,
DATAMATICS.NS,Datamatics Global Services Limited,Technology,Information Technology Services,4515.43,Small,763.95,-0.92,818.21,790.51,27.79,Bearish,Bearish,-9.09,-4.46,8.63,-24.78,-39.15,1.4361,0.225,41.22,2.88,1054.0,632.0,-27.52,20.88,-36.96,-24.78,14.51,22.51,Bear,Damaged,259,6.0,-7.6,0.21,0.6,Falling,Golden Cross,56,-5.62,-6.64,14.78,-20.94,130.4,148.2,0.88,"Datamatics Global Services Limited engages in the provision of intelligent solutions across digital technology solutions, business process management, and engineering services in India, the United States, the United Kingdom, Europe, and internationally. The company operates through three segments: Digital Operations, Digital Technologies, and Digital Experiences. It offers TruBot, a robotic processing automation solution; TruCap+, an AI-enabled data capture solution; TruBI, a business intelligence and data visualization solution; TrueAI, an artificial intelligence and cognitive sciences platform; TruFare, an automated fare collection solution; Datamatics Digital Workplace Solution offers cloud-based, paperless digital e-office solutions; TruDiscovery, the enterprise search solution; and Datamatics FINATO, a digital platform for end-to-end CFO back-office automation. It serves banking and finance, credit rating, healthcare, transportation, insurance, manufacturing and logistics, travel and hospitality, retail, market research, education technology, and international organizations. The company was formerly known as Datamatics Technologies Limited and changed its name to Datamatics Global Services Limited in January 2009. The company was founded in 1975 and is based in Mumbai, India.",none,,920.0,920.0,920.0,1.0
ELLEN.NS,Ellenbarrie Industrial Gases Limited,Basic Materials,Chemicals,4415.51,Small,313.3,-0.67,298.44,312.54,52.55,Bearish,Bullish,11.04,16.21,38.46,-39.45,89.35,1.3891,1.9182,48.51,4.53,559.8,175.0,-44.03,79.03,-67.36,-39.45,,,Bear,Damaged,255,3.0,5.64,0.79,0.99,Stable,Death Cross,263,14.51,14.04,44.62,-35.6,106.1,154.0,0.69,"Ellenbarrie Industrial Gases Limited manufactures industrial and medical gases in India. It offers industrial gases, such as oxygen, nitrogen, argon, carbon dioxide, helium, acetylene, hydrogen, nitrous oxide, synthetic air, and special gases; and medical gases, including medical oxygen, medical nitrogen, medical nitrous oxide, and medical grade carbon dioxide. The company also provides project engineering services comprising design, engineering, supply, installation and commissioning of tonnage ASUs, and related projects; medical gas pipeline services consisting of supply, installation, and commissioning of medical gas pipeline systems; and medical equipment, which include emergency and transport ventilators, central sterilization system, lung function testing system, and electro-cardiograph machine. In addition, it is involved in the construction of cryogenic and non-cryogenic air separation plants. Ellenbarrie Industrial Gases Limited was incorporated in 1973 and is headquartered in Kolkata, India.",none,,357.5,385.0,330.0,2.0
SWSOLAR.NS,Sterling and Wilson Renewable Energy Limited,Technology,Solar,4370.96,Small,187.16,-0.14,205.56,219.17,31.14,Bearish,Bearish,-9.19,-8.11,3.03,-29.88,-65.95,1.8184,0.731,42.82,3.24,281.7,148.0,-33.56,26.46,-45.41,-29.88,-20.2,-9.02,Strong Bear,Damaged,260,4.0,-6.49,0.07,0.6,Falling,Death Cross,469,-5.72,-10.28,9.18,-26.03,176.3,204.6,0.86,"Sterling and Wilson Renewable Energy Limited provides renewable engineering, procurement, and construction (EPC) services in India, Europe, the Middle East, North Africa, rest of Africa, the United States, Latin America, and Australia. It operates through two segments, EPC Business; and Operations and Maintenance (O&M) Service. The company offers design and engineering; construction, installation, testing, commissioning, grid integration, and long-term O&M; solar plus storage solutions; and project management and planning, maintenance manual development, anchoring and mooring, issuance of design book module, equipment installation, and bathymetric and geotechnical assessment studies for utility-scale and floating solar, hybrid, energy storage, battery energy storage systems. It also engages in the import, export, and trading of solar modules, structures, invertors, and related accessories; installation and maintenance of renewable energy power generating facilities; and setting up of power plants, solar energy systems, renewable energy systems, and hybrid energy systems and energy storage plants for power generation. In addition, the company provides O&M and asset management solutions to EPC projects and third-party clients. It serves independent power producers, developers, and equity funds. The company was formerly known as Sterling and Wilson Solar Limited and changed its name to Sterling and Wilson Renewable Energy Limited in November 2021. Sterling and Wilson Renewable Energy Limited was founded in 2011 and is based in Mumbai, India.",none,,289.0,293.0,285.0,2.0
SUNTECK.NS,Sunteck Realty Limited,Real Estate,Real Estate - Development,4339.18,Small,295.5,-2.56,306.32,341.68,41.89,Bullish,Bearish,-2.43,4.68,-21.32,-22.58,-69.31,1.898,0.741,41.84,2.79,473.0,270.75,-37.53,9.14,-40.99,-22.58,-6.32,-5.86,Strong Bear,Damaged,216,6.0,-3.99,-0.51,0.61,Falling,Death Cross,429,1.04,2.5,-15.16,-18.73,180.4,197.8,0.91,"Sunteck Realty Limited, together with its subsidiaries, engages in real estate construction and development business in India. The company develops luxury residential, homes, office spaces, retail hubs, and mixed-use properties under the Signature Island, Signia Isles, Signia Pearl, Sunteck Crescent Park, Sunteck Sky Park, Sunteck City, Sunteck World, and Sunteck Beach Residence names. It also leases real estate properties; and provides incidental services. Sunteck Realty Limited was incorporated in 1981 and is based in Mumbai, India.",strong_buy,1.08333,501.41666,610.0,380.0,12.0
VIPIND.NS,V.I.P. Industries Limited,Consumer Cyclical,Footwear & Accessories,4324.11,Small,304.4,0.21,306.14,332.4,49.12,Bearish,Bullish,0.96,-7.72,-14.28,-27.37,150.22,1.0993,0.055,36.82,3.3,454.3,278.25,-33.0,9.4,-35.36,-27.37,-23.21,-5.78,Strong Bear,Damaged,248,4.0,3.53,-0.39,0.95,Stable,Death Cross,205,4.43,-9.89,-8.12,-23.53,79.9,109.4,0.73,"V.I.P. Industries Limited manufactures and retails luggage, backpacks, handbags, and accessories in India and internationally. It offers hard luggage, soft luggage, duffle bags, backpacks, business satchels, and ladies' handbags. The company sells its products under the VIP, Caprese, Carlton, Skybags, Alfa, and Aristocrat brands through exclusive brand outlets and e-commerce platforms. It also exports its products. The company was incorporated in 1968 and is based in Mumbai, India.",underperform,3.75,303.85715,430.0,200.0,7.0
RTNINDIA.NS,RattanIndia Enterprises Limited,Consumer Cyclical,Internet Retail,4086.05,Small,29.59,-1.43,31.58,36.25,36.4,Bullish,Bearish,-9.04,-24.38,15.18,-51.89,34.59,1.9765,1.6464,42.44,2.7,64.0,24.4,-53.77,21.27,-59.95,-51.89,-14.8,-14.05,Strong Bear,Damaged,258,2.0,-0.91,0.36,0.72,Falling,Death Cross,243,-5.57,-26.55,21.33,-48.04,137.7,194.2,0.71,"RattanIndia Enterprises Limited, together with its subsidiaries, engages in the retail business in India and internationally. It operates through Retail-E-commerce Business, EV (E-Motorcycles), Investments, and Others segments. The company engages in the retail trade of apparel, shoes, wire accessories, office products, musical instruments, eyewear, handbags, and books through online e-commerce platforms; and everyday fashion, denims, athleisure, and performance wear. It also manufactures electric motorcycles; and operates Wefin, a fintech platform for personal and two-wheeler loans, and credit cards. In addition, the company provides drone products and services; enterprise, defence, and delivery drone hardware and software; and drone logistics. Further, it is involved in manpower/human resource supply and consultancy; management support services; payroll management; dealership of Revolt products and after sale services; monetary intermediation activities; insurance broking business; and management consultancy and project management. The company was formerly known as RattanIndia Infrastructure Limited and changed its name to RattanIndia Enterprises Limited in March 2021. RattanIndia Enterprises Limited was incorporated in 2010 and is based in New Delhi, India.",none,,,,,
RALLIS.NS,Rallis India Limited,Basic Materials,Agricultural Inputs,4074.12,Small,209.5,1.12,219.46,244.2,39.85,Bullish,Bearish,-3.72,-7.81,-16.08,-40.03,-46.98,1.1936,0.504,33.82,2.1,371.9,204.51,-43.67,2.44,-42.25,-40.03,-0.44,-6.95,Strong Bear,Damaged,260,5.0,-1.12,-0.48,0.57,Falling,Death Cross,215,-0.25,-9.98,-9.93,-36.18,95.2,158.9,0.6,"Rallis India Limited manufactures and markets agri input products in India and internationally. It offers crop protection products, including insecticides, herbicides, fungicides, and bio pesticide; organic and micronutrient fertilizers, and plant growth nutrients; seeds, such as maize, watermelon, cauliflower, cabbage, bottle gourd, cucumber, bitter gourd, chilli, okra, tomato, millet, paddy, and cotton; and animal nutrition products. The company also provides household products, such as Termex, an insecticide for termite control; Sentry 10 WP, a synthetic pyrethroid insecticide; and Ralligel plus, a chemical for cockroach control. In addition, it offers contract manufacturing services for crop protection chemicals, specialty chemicals, polymers, and intermediates. Further, the company sells soil and plant health solutions, including bio-fertilizers, bio-stimulants, micro-nutrients, organic fertilizers, water soluble fertilizers, and bio-pesticides. It offers its products through a network of distributors, dealers, and retailers. The company was incorporated in 1948 and is based in Mumbai, India. Rallis India Limited is a subsidiary of Tata Chemicals Limited.",none,,270.4,300.0,216.0,15.0
GHCL.NS,GHCL Limited,Basic Materials,Chemicals,3988.32,Small,435.1,-0.11,438.53,475.09,46.41,Bearish,Bearish,-2.25,1.38,-2.79,-20.53,-8.9,1.0053,-0.105,26.96,2.05,667.2,416.6,-34.79,4.44,-36.12,-20.53,-3.55,6.17,Strong Bear,Damaged,225,3.0,-2.71,-0.1,0.55,Falling,Death Cross,189,1.22,-0.79,3.36,-16.69,58.8,82.7,0.71,"GHCL Limited, together with its subsidiaries, manufactures and trades inorganic chemicals in India and internationally. The company offers light soda ash, a basic industrial alkali chemical used in powdered, paste, soap and detergents, pulp and paperand chemical products; dense soda ash for use in glass manufacturing, silicate, ultramarine, and other chemical industries; and refined sodium bicarbonate for use in food, food dyes, poultry and animal feed, leather tanning, fire extinguishers, vegetable cleaning applications, blasting of metals, manufacture of chemicals, pharma, oral care products, and deodorizers. It also provides edible and industrial grade salt products. In addition, the company trades in various chemicals, such as sodium tripolyphosphate, sodium lignosulfonate, PVC resin, titanium dioxide, citric acid, EVA, zircon flour and sand, kaolin clay, and borax pentahydrate. It sells its products under the i-FLO, and Sapan brands. The company was incorporated in 1983 and is based in Noida, India.",none,,800.0,800.0,800.0,1.0
RTNPOWER.NS,RattanIndia Power Limited,Utilities,Utilities - Independent Power Producers,3968.51,Small,7.39,-0.81,8.43,9.28,25.29,Bearish,Bearish,-15.45,-24.13,-4.77,-39.48,71.95,1.2878,0.454,32.58,3.47,12.84,7.3,-42.45,1.23,-40.88,-39.48,15.87,0.8,Strong Bear,Damaged,256,1.0,-7.41,-0.15,1.12,Stable,Death Cross,240,-11.98,-26.3,1.39,-35.63,99.3,152.5,0.65,"RattanIndia Power Limited, together with its subsidiary, Poena Power Development Limited, engages in power generation, distribution, trading and transmission, and other ancillary and incidental activities in India. It generates electricity through coal-based thermal power plants with an installed capacity of 2,700 MW located in Amravati and Nasik cities. The company also trades electricity in the open market. The company was formerly known as Indiabulls Power Limited and changed its name to RattanIndia Power Limited in October 2014. RattanIndia Power Limited was incorporated in 2007 and is based in New Delhi, India.",none,,,,,
RAYMONDLSL.NS,Raymond Lifestyle Limited,Consumer Cyclical,Apparel Manufacturing,3960.7,Small,650.3,2.06,727.86,865.42,30.22,Bearish,Bearish,-12.57,-15.18,-23.04,-41.73,6.94,1.3184,1.3312,41.77,3.81,1350.0,628.25,-51.83,3.51,-52.03,-41.73,,,Strong Bear,Damaged,250,4.0,-7.51,-0.55,1.14,Stable,Death Cross,518,-9.1,-17.35,-16.89,-37.89,111.6,172.2,0.65,"Raymond Lifestyle Limited manufactures and sells branded apparel in India. The company offers branded apparel under the Raymond, Park Avenue, ColorPlus, Parx, and Ethnix by Raymond brands; suiting fabric under Raymond Fine Fabrics brand; cotton and linen shirting, and bottom-weight textiles; and garments, including suits, formal blazers, jackets, formal trousers, pieces of denim, and shirts under Raymond Ready-to-Wear brand. It also provides bedsheets, towels, and comforters under the Raymond Home brand name; and tailoring services. In addition, the company retails fashion, casual, and ethnic apparel, as well as manufactures jeans. It exports its products to the United States, the United Kingdom, Europe, and internationally. Raymond Lifestyle Limited was founded in 1925 and is headquartered in Mumbai, India.",none,,946.0,1012.0,880.0,2.0
REFEX.NS,Refex Industries Limited,Energy,Thermal Coal,3807.41,Small,277.45,-0.05,300.86,300.1,33.62,Bearish,Bearish,-9.43,-10.93,29.51,-24.06,-56.93,1.331,1.739,52.63,3.73,415.0,188.0,-33.14,47.58,-52.78,-24.06,27.87,57.01,Strong Bear,Damaged,245,4.0,-5.79,0.56,0.63,Falling,Golden Cross,48,-5.96,-13.11,35.67,-20.21,64.5,83.9,0.77,"Refex Industries Limited engages in handling and disposal of fly ash in India. The company engages in solar power generation and related activities; coal trading; and providing coal yard management services and solar module trading. It also engages in providing transport services using electric vehicles. The company was formerly known as Refex Refrigerants Limited and changed its name to Refex Industries Limited in November 2013. The company was incorporated in 2002 and is based in Chennai, India.",none,,,,,
SAMBHV.NS,Sambhv Steel Tubes Limited,Basic Materials,Steel,3718.16,Small,126.18,-0.59,120.47,111.62,54.37,Bearish,Bullish,1.16,19.36,34.12,4.76,-20.15,1.3747,1.7381,42.89,4.04,141.32,81.42,-10.71,54.97,-34.87,4.76,,,Bull,Correcting,9,6.0,-5.29,0.8,1.13,Stable,Golden Cross,95,4.63,17.19,40.27,8.6,155.3,135.8,1.14,"Sambhv Steel Tubes Limited manufactures and sells electric resistance welded steel pipes, structural tubes, and stainless-steel coils in India. The company provides mild steel hot-rolled coil, cold rolled coil, and galvanized coils; ERW steel tubes and pipes, including rectangular tubes, round tubes, and square tubes; cold rolled full hard pipes, comprising rectangular pipes, round pipes, and square pipes; and steel door frames, which comprise single, double, and four door frames. It also offers stainless-steel hot-rolled, hot rolled annealed and pickled, and cold rolled coils; superior galvanised and pre-galvanised pipes, such as Gi rectangular, round, and square; and intermediate products, which includes sponge iron and stainless-steel billets/blooms/slabs. In addition, the company operates waste heat recovery boiler and atmospheric fluidized bed combustion boiler-based power plants, as well as generates the electricity. The company was incorporated in 2017 and is based in Raipur, India.",none,,,,,
SHAREINDIA.NS,Share India Securities Limited,Financial Services,Capital Markets,3686.77,Small,168.48,-1.36,167.39,158.8,45.24,Bearish,Bullish,-4.32,24.89,36.83,13.49,-96.01,1.4788,-0.125,50.92,3.3,211.0,115.36,-20.15,46.05,-42.83,13.49,-11.5,10.18,Bear,Damaged,220,4.0,-12.62,0.72,0.5,Falling,Golden Cross,29,-0.85,22.72,42.99,17.33,146.1,108.7,1.34,"Share India Securities Limited operates as a financial services company in India. It operates through the Share Broking/Trading Business, Insurance Business, Merchant Banking Business, NBFC Business, and Technology Services Business segments. The company offers retail and institutional broking, research and advisory, financial product distribution, wealth management, and depository services; distribution service of life insurance and general insurance products to individual and groups; IPO related services, such as advisory, valuation, and lead manager services; vehicle, micro-finance, and SME loans; software development and IT support services; and algo trading solutions. It also facilitates trade on its online technology platform. Share India Securities Limited serves banks, mutual funds, high net-worth individuals (HNIs), and retail investors through branches and franchises. The company was formerly known as FMS Securities Limited and changed its name to Share India Securities Limited in 2010. Share India Securities Limited was incorporated in 1994 and is headquartered in Noida, India.",none,,,,,
TRUALT.NS,TruAlt Bioenergy Limited,Energy,Oil & Gas Refining & Marketing,3677.5,Small,428.85,0.16,451.22,452.39,38.51,Bearish,Bearish,-1.8,-15.1,13.95,,-30.96,0.6959,0.7359,42.39,3.72,542.0,310.2,-20.88,38.25,-38.49,,,,Strong Bear,Damaged,60,4.0,3.23,0.33,1.01,Stable,Death Cross,0,1.67,-17.28,20.1,,87.3,95.8,0.91,"TruAlt Bioenergy Limited produces and sells ethanol and other products derived from distillery processes and compressed biogas in India. Its products include ethanol, green hydrogen, compressed biogas, extra neutral alcohol, and fermented organic manure. In addition, it provides biofuel dispensing stations, CO2, sustainable aviation fuel, liquid fermented organic manure, motor spirit and high-speed diesel, and dried distillers grains with solubles. The company was formerly known as TruAlt Energy Limited and changed its name to TruAlt Bioenergy Limited in July 2022. TruAlt Bioenergy Limited was incorporated in 2021 and is based in Bengaluru, India.",none,,,,,
VAIBHAVGBL.NS,Vaibhav Global Limited,Consumer Cyclical,Luxury Goods,3598.82,Small,214.79,-1.68,234.01,231.44,31.15,Bearish,Bearish,-19.97,-4.79,-1.37,7.79,-46.99,1.7139,0.235,42.85,3.37,293.25,174.13,-26.76,23.35,-36.89,7.79,-16.04,-21.8,Strong Bear,Damaged,216,6.0,-18.37,-0.03,0.61,Falling,Golden Cross,44,-16.5,-6.97,4.79,11.63,160.6,138.9,1.16,"Vaibhav Global Limited, together with its subsidiaries, manufactures and sells fashion jewelry and lifestyle products in India, the United States of America, Canada, the United Kingdom, Germany, the rest of Europe, and internationally. The company offers fashion jewelry; gemstones; and lifestyle products, such as home décor, hair care, beauty care, apparel, and accessories. It also provides call center services. The company sells its products under the Rhapsody, Luxoro, Marigold & Lotus, EverTrue, Rachel Galley, Guiseppe Perez, Grand Pelle, Eon 1962, La Marey, GENOA, Beautech, Luxuriant, D'joy, Beauluxe, Pure Glo, Livmore, &Maisi, Bliss & Beyond, and Valissiere brands through 24x7 proprietary television home-shopping channels, proprietary websites, mobile applications, e-commerce websites, smart TV, OTT channels and platforms, social media platforms, influence marketing, online and third-party marketplaces, and other online channels. It serves B2B clients. The company exports its products. The company was founded in 1980 and is headquartered in Jaipur, India. Vaibhav Global Limited operates as a subsidiary of Brett Enterprises Private Limited.",none,,,,,
TARC.NS,TARC Limited,Real Estate,Real Estate - Development,3579.22,Small,121.29,-0.98,125.5,136.41,44.59,Bearish,Bearish,-9.02,-5.91,-15.45,-21.01,-87.11,1.3201,0.268,41.3,3.61,186.3,109.1,-34.9,11.17,-38.88,-21.01,15.29,23.54,Strong Bear,Damaged,170,5.0,-7.05,-0.37,0.8,Falling,Death Cross,255,-5.55,-8.09,-9.29,-17.17,85.0,112.1,0.76,"TARC Limited engages in real estate development in India. It is involved in the construction and development of residential projects, commercial projects, township projects, SEZ, IT park, and malls; sale of real estate units, including land, plots, apartments, commercial units, and development rights; and Co-development of projects; and rental of investment properties. The company was formerly known as Anant Raj Global Limited and changed its name to TARC Limited. TARC Limited was incorporated in 2016 and is based in New Delhi, India.",none,,275.0,275.0,275.0,1.0
PACEDIGITK.NS,Pace Digitek Limited,Technology,Communication Equipment,3558.96,Small,164.88,-0.9,186.38,190.21,27.47,Bearish,Bearish,-17.07,-11.56,2.74,,-33.48,1.2588,1.8596,42.31,3.45,231.95,139.81,-28.92,17.93,-37.82,,,,Strong Bear,Damaged,223,4.0,-13.22,0.06,0.83,Falling,Death Cross,9,-13.6,-13.73,8.89,,105.5,127.4,0.83,"Pace Digitek Limited operates as a service providers in power management, optic fiber laying, and energy management solutions in India and internationally. It operates through three segments: Telecom, Energy, and Others. The company offers telecom power solutions include power management solutions, such as switch mode power supply, power management unit, integrated power management unit, hybrid DC power system; solar solutions, including charge control unit, inverters, power boosters, AC-DC converters and remote monitoring, and management solutions; battery energy storage solutions, such as lithium-ion battery systems, containerized BESS integration, power conversion systems, energy management systems, monitoring and analytics, and energy control platforms. It also engages in telecom, energy, ICT, and smart infrastructure, as well as provides lifecycle services. The company serves telecom network operators and tower infrastructure providers, state electricity boards and power distribution utilities, electricity generation companies, and private B2B customers in industrial, commercial, and EPC segments. Pace Digitek Limited was incorporated in 2007 and is based in Bengaluru, India.",none,,263.0,263.0,263.0,1.0
STYRENIX.NS,Styrenix Performance Materials Limited,Basic Materials,Chemicals,3503.07,Small,1990.8,-1.04,2196.39,2209.22,25.08,Bearish,Bearish,-19.18,-8.63,7.35,-24.96,-40.47,0.7942,0.435,30.64,3.4,2702.0,1780.0,-26.32,11.84,-32.22,-24.96,29.12,16.65,Bear,Damaged,259,6.0,-16.3,0.24,0.95,Stable,Death Cross,1,-15.71,-10.8,13.5,-21.12,69.1,96.6,0.72,"Styrenix Performance Materials Limited engages in the manufacture, trading, and sale of engineering thermoplastics in India. It offers Absolac, a plastic resin that is used for manufacturing of automobile interiors and exteriors, household appliances, and housings for electronic devices; and Absolan, which is primarily used in industrial goods, cosmetic packing, stationery, electrical appliances, household applications, and cosmetic jars. The company also offers general purpose poly styrene, a transparent polymer, which is used in TV light diffuser plate, XPS insulation boards, refrigerator drawers, medical labware, PSP and disposable packaging, CD jewel box, and clothes hanger; and high impact polystyrene resin that is used in electronics goods housing, refrigerator in-liner and door liner, injection mold, beverage cups, dairy products packaging, sheets, disposables, yogurt bottles, and toys; styroloy, a blended product which is used in automotive exterior, interior, household and electronics applications; Asalac, a polymer used for automotive exterior and interior applications. The company was formerly known as INEOS Styrolution India Limited and changed its name to Styrenix Performance Materials Limited in January 2023. Styrenix Performance Materials Limited was incorporated in 1973 and is based in Vadodara, India.",none,,2900.0,2900.0,2900.0,1.0
DBCORP.NS,D. B. Corp Limited,Communication Services,Publishing,3462.95,Small,194.27,-1.76,205.02,216.25,25.32,Bearish,Bearish,-7.57,-1.43,-9.22,-24.96,-92.51,0.8702,0.189,27.4,2.44,287.9,184.51,-32.52,5.29,-34.02,-24.96,-3.29,22.21,Strong Bear,Damaged,250,3.0,-7.09,-0.34,0.62,Falling,Death Cross,213,-4.1,-3.61,-3.06,-21.12,53.5,82.8,0.65,"D. B. Corp Limited, together with its subsidiaries, engages in the business of publishing newspapers, radio broadcasting, and digital platforms for news, and event management in India and internationally. It operates through Printing/Publishing and Allied Businesses; and Radio segments. The company prints and publishes Dainik Bhaskar, Divya Bhaskar, Divya Marathi, Saurashtra Samachar, and DB Star newspapers in Hindi, Gujarati, and Marathi languages. It also prints and publishes Aha! Zindagi, Bal Bhaskar, Young Bhaskar, Madhurima, Navrang, Rasrang, Kalash, Dharmdarshan, and Lakshya magazines and supplements. In addition, the company operates a network of radio stations in various states under the 94.3 My FM brand; digital portals, such as dainikbhaskar.com, divyabhaskar.com, divyamarathi.com, moneybhaskar.com, homeonline.com, bhaskarad.com, and bhaskarenglish.in; and mobile applications comprising Dainik Bhaskar, Divya Bhaskar, Divya Marathi, and Bhaskar English. Further, it engages in printing job work; advertisements published in the newspaper, displayed on websites/portals, and aired on the radio; digital campaigns, outdoor media, promotional marketing, and brand activations; and internet and mobile interactive services. The company exports its products. It serves business-to-business customers, such as corporates, educational institutions, government departments, non-governmental organizations, and advertising agents; and business-to-consumer customers. The company was formerly known as Multi-Tech Energy Limited and changed its name to D. B. Corp Limited in December 2005. D. B. Corp Limited was founded in 1956 and is headquartered in Bhopal, India.",none,,285.0,290.0,280.0,2.0
NFL.NS,National Fertilizers Limited,Basic Materials,Agricultural Inputs,3433.07,Small,69.98,-0.78,72.25,77.9,39.05,Bearish,Bearish,-2.59,-5.23,-2.03,-27.2,69.39,1.3715,0.408,29.89,1.85,102.97,63.35,-32.04,10.47,-34.9,-27.2,3.33,3.31,Strong Bear,Damaged,260,3.0,-0.85,-0.07,0.86,Stable,Death Cross,419,0.88,-7.4,4.12,-23.36,111.8,142.0,0.79,"National Fertilizers Limited engages in the production and marketing of neem coated urea, bio-fertilizers, and other allied Industrial products in India. It operates through Manufactured Fertilizers, Manufactured Chemicals, Traded Imported Fertilizers, and Others segments. The company offers urea; bentonite sulphur; and bio fertilizers, including rhizobium, azectobactor and PSB, and zinc solubilizing bacteria. It also provides industrial products comprising ammonia, nitric acid, ammonium nitrate, and sodium nitrite and nitrate under the KISAN brand name, as well as seeds under the Kisan Beej brand name. In addition, the company engages in the trading of fertilizers, compost, seeds, agro chemicals, and other agro products. National Fertilizers Limited was incorporated in 1974 and is based in Noida, India.",none,,,,,
EIEL.NS,Enviro Infra Engineers Limited,Industrials,Engineering & Construction,3376.5,Small,192.36,0.81,206.62,205.28,36.57,Bearish,Bearish,-14.31,4.15,33.96,-23.03,-56.02,1.434,1.8899,47.46,3.37,276.1,134.71,-30.33,42.8,-49.49,-23.03,,,Strong Bear,Damaged,246,3.0,-15.69,0.72,0.7,Falling,Golden Cross,43,-10.84,1.98,40.12,-19.19,123.3,145.1,0.85,"Enviro Infra Engineers Limited engages in the design, construction, operation, and maintenance of water and wastewater treatment plants (WWTPs) and water supply scheme projects (WSSPs) for government authorities/bodies in India. Its WWTPs include sewage treatment plants, sewerage schemes, and common effluent treatment plants; and WSSPs comprise water treatment plants along with pumping stations, as well as laying of pipelines for the supply of water. The company is also involved in engineering, procurement, and construction (EPC) execution of renewable power plant projects; and sale of renewable energy. Enviro Infra Engineers Limited was incorporated in 2009 and is based in Delhi, India.",strong_buy,1.0,310.0,310.0,310.0,1.0
SAMHI.NS,SAMHI Hotels Limited,Consumer Cyclical,Lodging,3367.64,Small,151.45,-1.05,165.13,170.36,28.45,Bearish,Bearish,-11.82,-6.54,-0.69,-29.13,-8.71,1.2365,0.813,35.81,2.86,222.0,127.0,-31.78,19.25,-41.61,-29.13,,,Strong Bear,Damaged,255,5.0,-9.64,-0.02,0.58,Falling,Death Cross,205,-8.35,-8.72,5.46,-25.29,95.4,124.9,0.76,"SAMHI Hotels Limited, a hotel ownership and asset management platform, operates as a hotel development and investment company in India. It operates hotels under the Hyatt Place, Hyatt Regency, Sheraton, Courtyard By Marriott, Renaissance Hotel, Four Points By Sheraton, Fairfield By Marriott, Holiday Inn Express, Trinity, and Caspia brand names. The company was incorporated in 2010 and is based in New Delhi, India.",none,,229.16667,275.0,199.0,6.0
WEBELSOLAR.NS,Websol Energy System Limited,Technology,Solar,3206.73,Small,73.86,-0.86,90.22,96.51,23.87,Bearish,Bearish,-23.32,-33.32,38.91,-45.03,52.74,1.3659,0.29,58.54,4.68,137.9,50.4,-46.44,46.55,-61.64,-45.03,87.58,61.61,Strong Bear,Damaged,209,2.0,-12.21,0.66,1.1,Stable,Death Cross,15,-19.85,-35.49,45.07,-41.19,110.7,156.5,0.71,"Websol Energy System Limited manufactures and sells solar photovoltaic (PV) cells and modules in India. The company was formerly known as Websol Energy Systems Ltd. and changed its name to Websol Energy System Limited in October 2011. The company was incorporated in 1990 and is based in Falta, India.",none,,,,,
OSWALPUMPS.NS,Oswal Pumps Limited,Industrials,Electrical Equipment & Parts,3172.76,Small,278.3,-4.48,335.21,418.49,26.56,Bullish,Bearish,-14.55,-32.57,-6.66,-66.39,2.89,1.7091,1.7173,45.26,3.74,846.0,275.2,-67.1,1.13,-66.78,-66.39,,,Strong Bear,Damaged,260,3.0,-3.69,-0.15,0.84,Falling,Death Cross,199,-11.08,-34.74,-0.5,-62.55,93.3,219.1,0.43,"Oswal Pumps Limited manufactures and sells solar pumps in India. The company offers solar-powered and grid-connected submersible and monoblock pumps, electric motors, and solar modules under the Oswal brand. It serves agricultural, residential, commercial, and industrial sectors. It also exports its products to Australia, Egypt, Iraq, Italy, Lebanon, Libya, Nepal, Saudi Arabia, the United Arab Emirates, and Yemen. The company was incorporated in 2003 and is headquartered in Karnal, India.",none,,421.0,530.0,340.0,3.0
ROUTE.NS,Route Mobile Limited,Communication Services,Telecom Services,3148.26,Small,499.7,-0.45,521.83,587.54,41.4,Bullish,Bearish,-5.81,-3.83,6.45,-40.15,-90.26,1.1745,0.383,36.58,3.16,890.4,410.7,-43.88,21.67,-52.07,-40.15,-30.08,-23.58,Strong Bear,Damaged,249,4.0,-4.53,0.18,0.73,Falling,Death Cross,483,-2.34,-6.0,12.61,-36.3,72.5,130.0,0.56,"Route Mobile Limited provides cloud-communication platform solutions to enterprises, over-the-top service providers, and mobile network operators in India and internationally. The company offers messaging, voice, e-mail, enhanced business messaging, identity and verification, bespoke solutions, and other solutions. It also provides A2P messaging that includes SMS, 2-way messaging, and Acculync; enterprise email communication, RCS messaging, and OTT messaging solutions; voice application services; voice services comprising interactive voice response, Click2Call, missed call facility, and outbound dialer; and communications platform and managed service solutions, such as A2P SMS firewall and filtering, analytics, monetization, hubbing, SMSC, and MMSC solutions to mobile network operators. In addition, the company offers digital identity and security services; business process outsourcing (BPO) voice services, such as customer care, technical support, and booking assistance and payment collection services; and non-voice services comprising client support through email and chat, IT helpdesk, and billing and data processing. Additionally, it provides short message service (SMS) filtering, analytics, SMS firewall, SMSC, MMSC, and SMS monetization solutions. The company offers its cloud-communication services to clients in the banking and financial, aviation, retail, e-commerce, logistics, healthcare, hospitality, media and entertainment, pharmaceutical, and telecom sectors. Route Mobile Limited was incorporated in 2004 and is headquartered in Mumbai, India. The company operates as a subsidiary of Proximus Global SA.",none,,680.0,775.0,585.0,4.0
GSPCROP.NS,GSP Crop Science Limited,Basic Materials,Agricultural Inputs,2911.84,Small,625.95,0.68,551.86,448.02,64.95,Bearish,Bullish,5.68,42.21,,,-36.19,0.9688,,45.74,3.94,667.95,328.0,-6.29,90.84,-15.88,,,,Bull,Recovering,5,4.0,-8.39,,0.61,Falling,Golden Cross,110,9.15,40.04,,,162.0,-3.8,-42.63,"GSP Crop Science Limited, together with its subsidiaries, engages in the manufacture and sale of agro chemicals in India and internationally. It offers insecticides, pesticides, and herbicides; and plant growth regulators and fungicides. The company serves farmers and institutional customers. It also exports its products. The company was incorporated in 1985 and is based in Ahmedabad, India.",none,,,,,
CRIZAC.NS,Crizac Limited,Consumer Defensive,Education & Training Services,2892.46,Small,165.3,0.41,185.9,219.67,29.88,Bearish,Bearish,-13.79,-22.89,-28.09,-53.27,-34.19,1.543,1.8155,42.37,3.79,387.95,161.66,-57.39,2.25,-54.56,-53.27,,,Strong Bear,Damaged,256,3.0,-6.16,-0.66,0.8,Falling,Death Cross,230,-10.32,-25.07,-21.93,-49.43,108.6,185.7,0.58,"Crizac Limited provides a technology-enabled B2B international education services platform in India and internationally. It offers student recruitment solutions to global institutions of higher education in the United Kingdom, Canada, Republic of Ireland, Australia, New Zealand, and the United Arab Emirates. The company was incorporated in 2011 and is based in Kolkata, India.",none,,296.5,338.0,255.0,2.0
GKENERGY.NS,GK Energy Limited,Utilities,Utilities - Renewable,2657.72,Small,131.04,-0.79,132.22,136.71,49.61,Bullish,Bullish,1.15,-6.96,24.38,,43.53,1.9077,3.0249,53.7,3.94,239.6,87.2,-45.31,50.28,-61.34,,,,Bear,Damaged,224,5.0,3.47,0.45,1.03,Stable,Death Cross,188,4.62,-9.13,30.54,,212.6,221.5,0.96,"GK Energy Limited engages in the design, manufacture, supply, transport, installation, testing, and commissioning of decentralized solar systems in India. It offers solar agriculture pumps, solar photovoltaic modules, solar water pump controllers, and solar rooftops. The company also sells photovoltaic cells and solar modules manufactured by third parties. GK Energy Limited was formerly known as GK Energy Private Limited and changed its name to GK Energy Limited in December 2024. The company was incorporated in 2008 and is based in Pune, India.",none,,,,,
EUROPRATIK.NS,Euro Pratik Sales Limited,Basic Materials,Building Materials,2657.71,Small,260.05,0.27,282.04,273.56,37.18,Bearish,Bearish,-18.17,2.14,5.78,,34.76,0.9394,2.9328,47.84,4.19,390.0,205.1,-33.32,26.79,-44.91,,,,Bear,Damaged,206,6.0,-18.88,0.12,0.93,Stable,Golden Cross,49,-14.7,-0.03,11.93,,100.4,73.7,1.36,"Euro Pratik Sales Limited sells and markets decorative wall panels and laminates. It offers wall panels, translucent panels and highlighters, adhesives, interior films, and designer laminates. The company was founded in 2003 and is based in Mumbai, India.",none,,,,,
ORIENTCEM.NS,Orient Cement Limited,Basic Materials,Building Materials,2623.72,Small,127.7,-0.36,134.16,156.79,37.15,Bearish,Bearish,-7.24,-3.9,-14.84,-40.98,-14.77,1.5432,0.095,31.11,2.43,237.29,122.32,-46.18,4.4,-47.67,-40.98,-12.11,-3.85,Strong Bear,Damaged,245,3.0,-5.94,-0.48,0.77,Falling,Death Cross,310,-3.77,-6.07,-8.69,-37.14,115.8,182.8,0.63,"Orient Cement Limited manufactures and sells cement in India. The company offers pozzolana and ordinary Portland cement under the Birla A1 Premium Cement, Birla A1 StrongCrete, Birla A1 OrientGreen, and Birla A1 Dolphin brand names. Its products are used in residential, commercial, infrastructure, industrial, and community projects. The company was founded in 1979 and is based in Ahmedabad, India. Orient Cement Limited operates as a subsidiary of Ambuja Cements Limited.",none,,208.0,260.0,156.0,2.0
ZAGGLE.NS,Zaggle Prepaid Ocean Services Limited,Technology,Software - Infrastructure,2483.36,Small,184.33,-0.05,199.9,248.68,41.78,Bearish,Bullish,-9.57,-8.21,-14.52,-54.08,814.89,1.5321,0.603,56.33,4.67,408.5,154.36,-54.88,19.42,-60.21,-54.08,,,Strong Bear,Damaged,260,3.0,-6.83,-0.26,1.56,Rising,Death Cross,256,-6.1,-10.38,-8.36,-50.24,104.6,182.9,0.57,"Zaggle Prepaid Ocean Services Limited builds financial products and solutions to manage the business expenses of corporates, small and medium-sized enterprises, and startups through automated workflows. It operates Propel, a corporate software-as-a-service (SaaS) platform for channel rewards and incentives, employee rewards, and recognition; and Save, a SaaS-based platform and a mobile application to offer expense management solution for business spend management facilitating digitized employee reimbursements and tax benefits. The company also provides CEMS, a customer engagement management system that enables merchants to manage their customer experiences, including rewarding merchants through gift card and loyalty benefits; and Zaggle Payroll Card, a prepaid payroll card that enables customers to pay contractors, consultants, seasonal and temporary employees, and unbanked wage workers as an alternative to direct deposits to bank accounts or cash payments. In addition, it operates Zoyer, an integrated data driven SaaS based business spend management platform with embedded automated finance capabilities in core invoice to pay workflows. The company was incorporated in 2011 and is based in Mumbai, India.",none,,365.0,380.0,350.0,2.0
SAIPARENT.NS,Sai Parenteral's Limited,Healthcare,Drug Manufacturers - General,2277.66,Small,515.55,-0.62,542.9,491.43,37.72,Bearish,Bearish,-3.04,-5.44,,,44.82,0.613,,35.09,4.38,706.0,400.0,-26.98,28.89,-17.35,,,,Bear,Damaged,44,,-1.23,,1.11,Stable,Golden Cross,106,0.43,-7.61,,,116.2,44.3,2.62,"Sai Parenteral's Limited, a pharmaceutical formulations company, engages in the branded generic formulations and contract development and manufacturing businesses in India and internationally. Its portfolio includes formulation products across various therapeutic areas, such as cardiovascular, neuropsychiatry, anti-diabetic, respiratory health, antibiotics, gastroenterology, vitamins, minerals and supplements, analgesics, oncology, and dermatology in various dosage forms, including injectables, solid orals, liquid orals, and topicals. The company was founded in 1988 and is based in Hyderabad, India.",none,,,,,
EPACKPEB.NS,EPack Prefab Technologies Limited,Industrials,Engineering & Construction,2264.6,Small,225.04,0.46,236.26,222.53,42.21,Bearish,Bearish,-13.56,7.73,34.06,,-64.88,1.8146,4.5529,63.3,4.72,344.0,132.17,-34.58,70.27,-59.95,,,,Bull,Damaged,211,5.0,-16.14,0.54,0.65,Falling,Golden Cross,53,-10.09,5.55,40.21,,206.7,143.9,1.44,"EPack Prefab Technologies Limited engages in manufacturing Pre-engineered and Prefabricated Building Solutions and EPS (Expanded Polystyrene) Packaging. Pre-engineered and Prefabricated Building Solutions engages in the designing, manufacturing, installation, and erection of pre-engineered steel buildings, pre-fabricated structures, and its components in India and internationally. It offers sandwich insulated panels, such as polyurethane foam/PIR, expanded polystyrene, rockwool, and glass wool panels; pre-engineered steel buildings, such as multi-storey and warehouse buildings, industrial shed, factory buildings, and cold storage buildings; pre-fabricated structures, including pre-fab site offices, control rooms, railway shelters, labour hutments, pre-fabricated housing, low-cost housing, acoustic enclosures, and portable security guard cabins; Light Gauge Steel Framing for roofs, floors, walls, or entire buildings; and pre-fabricated school buildings; standard modular solutions comprising porta and liftable cabins, Mi homes, and modular housing solutions; EPS (Expanded Polystyrene) Packaging provides expanded polystyrene (EPS) shape molding products for protective packaging, custom insulation solutions, and specialized industrial applications; and EPS block molding products for use in construction, packaging, and insulation applications. It serves industrial sectors, including general engineering and manufacturing, food and beverages, warehousing and logistics, power, textiles, and railways. The company was formerly known as E-Pack Polymers Private Limited and changed its name to EPack Prefab Technologies Limited in December 2024. The company was incorporated in 1999 and is based in Greater Noida, India.",strong_buy,1.0,297.5,325.0,270.0,2.0
SHRINGARMS.NS,Shringar House of Mangalsutra Limited,Consumer Cyclical,Luxury Goods,2085.15,Small,216.23,0.12,222.35,214.18,37.14,Bearish,Bearish,-6.91,3.41,2.17,,-16.4,1.8921,2.6729,40.86,2.93,266.5,166.0,-18.86,30.26,-36.27,,,,Bull,Correcting,140,7.0,-8.05,0.05,0.86,Stable,Golden Cross,71,-3.44,1.24,8.33,,194.3,150.0,1.3,"Shringar House of Mangalsutra Limited engages in the design, manufacture, and market of mangalsutras in India, the United Kingdom, the United Arab Emirates, and the Republic of Fiji. The company offers a portfolio of mangalsutras for various occasions, such as weddings, festivals, and anniversaries, as well as daily-wear options, including antique, bridal, traditional, contemporary, and Indo-western styles. It serves corporate clients, wholesale jewellers, and retailers. The company was founded in 1963 and is headquartered in Mumbai, India.",strong_buy,1.0,330.0,330.0,330.0,1.0
VIDYAWIRES.NS,Vidya Wires Limited,Industrials,Electrical Equipment & Parts,1882.54,Small,88.51,-2.99,90.91,77.93,46.14,Bullish,Bearish,-3.94,-5.46,72.53,,44.92,1.0407,,49.27,3.73,117.35,42.51,-24.58,108.21,-25.58,,,,Bear,Damaged,66,3.0,-2.12,1.47,0.94,Stable,Golden Cross,104,-0.47,-7.63,78.69,,162.2,51.6,3.14,"Vidya Wires Limited manufactures and sells winding and conductivity products in India. It offers enameled copper and aluminium winding wires, enameled copper and aluminium rectangular strips, enameled copper rectangular wires, fibre glass covered copper/aluminium conductors, paper insulated copper/aluminium conductors, multi paper insulated copper conductors/connection cables/lead wires, twin/triple bunched paper insulated copper strips, and cotton covered ropes. The company also provides photo voltaic ribbons, bus bars, and round ribbons; copper busbars and foils; copper components, sections, and nuggets; bare copper strips/flat conductors, soudronic/bare copper wires, bunched copper ropes/earthing cables, continuously transposed conductors, solar cables, and copper upcast rod, round hex, and square products. Its products are used in various applications, such as energy generation and transmission, electrical systems, electric motors, clean energy systems, electric mobility, and railways. The company also exports its products to approximately 20 countries, including the United States, Saudi Arabia, the United Arab Emirates, Australia, Canada, Egypt, Singapore, and internationally. Vidya Wires Limited was incorporated in 1981 and is based in Anand, India.",none,,,,,
SHANTIGOLD.NS,Shanti Gold International Limited,Consumer Cyclical,Luxury Goods,1867.07,Small,243.3,3.63,233.06,218.87,51.42,Bearish,Bullish,11.64,10.03,24.79,8.21,148.1,1.2625,1.9831,44.95,5.39,280.75,155.0,-13.34,56.97,-36.23,8.21,,,Bull,Correcting,6,7.0,8.3,0.55,1.54,Rising,Golden Cross,65,15.11,7.85,30.94,12.05,117.9,92.1,1.28,"Shanti Gold International Limited engages in the design, manufacture, and wholesale of gold jewellery in India, the United States, the United Arab Emirates, Qatar, and Singapore. It offers bangles, rings, necklaces, chokers, pendants, chand balis, jhumkas, and jewellery sets. The company was founded in 2003 and is headquartered in Mumbai, India.",strong_buy,1.0,350.0,350.0,350.0,1.0
STUDDS.NS,Studds Accessories Limited,Consumer Cyclical,Auto Parts,1705.58,Small,433.4,-1.79,447.57,480.34,41.72,Bullish,Bearish,-2.09,-4.08,-14.23,,41.4,0.7906,1.1414,33.14,2.66,600.0,412.3,-27.77,5.12,-26.81,,,,Strong Bear,Damaged,205,4.0,-0.73,-0.43,1.23,Rising,Death Cross,211,1.39,-6.25,-8.08,,56.1,82.0,0.68,"Studds Accessories Limited engages in the designing, manufacturing, marketing, and sale of helmets and riding accessories in India and internationally. The company offers full face, flip up face, open face, and off road helmet; arm sleeves, balaclava, cable lock, riding jackets, and motorcycle side luggage; and protective googles. It sells its products under the STUDDS and SMK brands. It serves daily commuter and rider. The company also exports its products to Europe, Asia, the Americas, Africa, and internationally. Studds Accessories Limited was founded in 1972 and is based in Faridabad, India.",none,,670.0,670.0,670.0,1.0
PNGSREVA.NS,PNGS Reva Diamond Jewellery Limited,Consumer Cyclical,Luxury Goods,1653.71,Small,521.7,2.04,488.21,430.42,50.73,Bearish,Bullish,2.1,36.8,26.72,,-31.68,0.69,,54.05,6.57,644.0,324.25,-18.99,60.89,-20.39,,,,Bull,Correcting,15,4.0,-10.17,0.49,1.16,Rising,Golden Cross,26,5.57,34.63,,,56.7,-12.9,-4.4,"PNGS Reva Diamond Jewellery Limited engages in the retail of jewellery with diamond and precious and semi-precious stones. It offers rings, earrings, bracelets, sets, necklaces, mangalsutras, bangles, chains, and semi-precious jewellery. The company also engages in the trading of diamond jewellery and other precious stones. It offers its products under the Reva brand name. In addition, the company operates through retail stores. PNGS Reva Diamond Jewellery Limited was founded in 2004 and is based in Pune, India.",none,,,,,
RSL.NS,Rajputana Stainless Limited,Basic Materials,Steel,1495.69,Small,178.98,1.27,151.79,131.52,82.06,Bullish,Bullish,25.94,37.04,,,115.35,0.4308,,32.68,3.57,183.53,101.7,-2.48,75.99,-11.88,,,,Bull,Recovering,0,5.0,13.59,,1.19,Rising,Golden Cross,105,29.42,34.87,,,81.1,-48.0,-1.69,"Rajputana Stainless Limited manufactures and markets long and flat stainless-steel products under the RSL brand name in India. The company offers billets, forging ingots, rolled black bars, rolled bright bars, flat and patti bars, square bars, hexagonal bars, wire rods, flat bars, round corner squares, and other ancillary products. Its products serve as a raw material for bar processing, seamless pipes, forging, wire manufacturing engineering, casting, fasteners, utensils manufacturing, pump and shaft, and auto industries. The company offers its products through direct sales and traders' network in the United Arab Emirates, the United States, Portugal, South Africa, Czech Republic, Turkey, Kuwait, and Poland. Rajputana Stainless Limited was incorporated in 1991 and is headquartered in Kalol, India.",none,,,,,
VIKRAN.NS,Vikran Engineering Limited,Industrials,Engineering & Construction,1487.63,Small,57.68,-0.28,66.62,75.35,26.75,Bearish,Bearish,-19.92,-17.66,-8.6,,-8.3,2.0516,2.9612,50.45,3.66,118.4,51.1,-51.28,12.88,-54.82,,,,Strong Bear,Damaged,248,4.0,-14.03,-0.17,1.07,Stable,Death Cross,165,-16.45,-19.83,-2.45,,167.7,212.7,0.79,"Vikran Engineering Limited operates as an engineering, procurement, and construction company in India. It is involved in the design, engineering, procurement, construction, testing, and commissioning of high-voltage transmission lines, air-insulated and gas-insulated substations, underground EHV cables, high-voltage switching and distribution substations, as well as feeder bay augmentations, rural/remote electrification, and smart metering solutions. The company was incorporated in 2008 and is headquartered in Thane, India.",none,,,,,
GKSL.NS,Gujarat Kidney And Super Speciality Limited,Healthcare,Medical Care Facilities,1326.93,Small,168.3,3.6,140.99,124.34,80.98,Bullish,Bullish,28.92,28.42,54.49,,231.73,0.4029,,32.04,4.13,171.9,98.36,-2.09,71.11,-13.3,,,,Strong Bull,Recovering,0,6.0,19.45,1.7,1.46,Rising,Golden Cross,145,32.39,26.25,60.64,,77.7,-13.8,-5.63,"Gujarat Kidney and Super Speciality Limited operates multi-specialty and super-specialty hospitals. It provides treatment for Oncology, Neurology, Gastroenterology, Urology, Nephrology, and Physiotherapy. It also offers Renal Surgery, Vascular Surgery, Gynecology and obstetrics, Robotic Surgery, Bariatric Surgery, Laparoscopic Surgery, Endocrine Surgery, Neurosurgery, and Joint Replacement services. Its facilities include intensive care unit, patient counselling, operation theatres, and dialysis center. Gujarat Kidney And Super Speciality Limited was founded in 2014 and is headquartered in Vadodara, India.",none,,,,,
SOLARWORLD.NS,Solarworld Energy Solutions Limited,Technology,Solar,1237.95,Small,142.83,-1.52,172.06,211.62,21.99,Bullish,Bearish,-15.84,-25.51,-20.91,,-21.87,1.4422,2.7567,50.28,4.19,388.5,139.19,-63.24,2.62,-57.88,,,,Strong Bear,Damaged,220,3.0,-7.34,-0.42,0.62,Falling,Death Cross,235,-12.37,-27.69,-14.76,,111.4,206.7,0.54,"Solarworld Energy Solutions Limited provides solar energy solutions in India. The company offers engineering, procurement, and construction services for solar power projects. It also provides solar photovoltaic (PV) modules for ground mount solar EPC services, rooftop installations, as well as battery energy storage systems for energy grids and renewable energy applications. As of July 31, 2025, the company had completed projects with a total capacity of 253.67 megawatts (MW) AC/336.17 MW DC, as well as ongoing projects with a cumulative capacity of 765 MW AC/994 MW DC. It serves public sector undertakings and commercial and industrial clients. Solarworld Energy Solutions Limited was incorporated in 2013 and is based in Noida, India.",none,,,,,
REGAAL.NS,Regaal Resources Limited,Consumer Defensive,Packaged Foods,934.98,Small,90.78,3.28,86.79,85.49,52.93,Bearish,Bullish,0.88,7.46,27.36,-20.38,354.82,0.8247,1.8426,53.37,5.15,113.75,57.27,-20.19,58.51,-47.06,-20.38,,,Bull,Damaged,261,7.0,-1.61,0.51,1.24,Rising,Golden Cross,6,4.35,5.28,33.51,-16.53,39.2,55.0,0.71,"Regaal Resources Limited operates as a maize milling company that manufactures and sells maize starch and its derivatives in India. The company offers starches, such as native starches; and modified starches, including white and yellow dextrin. It also provides maize flour, baking powder, custard powder, and icing sugar; derivatives, such as liquid glucose, maltodextrin, dextrose anhydrous, dextrose monohydrate, and liquid sorbitol; and co-products, including germ, gluten, fibre, maize steep liquor, and enriched maize fibre. The company was incorporated in 2012 and is headquartered in Kolkata, India.",none,,,,,
GEMAROMA.NS,Gem Aromatics Limited,Basic Materials,Chemicals,857.58,Small,164.17,-1.51,176.79,189.24,36.3,Bearish,Bearish,-12.54,5.56,-17.59,-40.55,-91.65,1.1602,2.0393,50.3,4.34,317.0,133.0,-48.21,23.44,-55.51,-40.55,,,Strong Bear,Damaged,255,4.0,-14.39,-0.35,0.74,Falling,Death Cross,264,-9.07,3.38,-11.44,,72.5,140.5,0.52,"Gem Aromatics Limited manufactures and sells specialty ingredients in India, the United States, China, Brazil, Singapore, and internationally. The company offers mint and mint derivatives, such as peppermint, spearmint, and menthol; clove and clove derivatives, including clove oil, and eugenol and eugenol derivatives; phenol comprising anethole; and other ingredients, such as eucalyptus and eucalyptol, lemongrass, and other products for use in oral care, cosmetics, nutraceuticals, pharmaceuticals, wellness, personal care, and other applications. The company was incorporated in 1997 and is headquartered in Mumbai, India.",none,,,,,
EXCELSOFT.NS,Excelsoft Technologies Limited,Technology,Software - Application,801.22,Small,69.62,-0.24,75.93,87.25,33.16,Bearish,Bearish,-14.81,-18.83,-11.54,,-10.5,1.5781,2.9858,53.65,3.2,142.59,66.4,-51.17,4.85,-47.04,,,,Strong Bear,Damaged,200,3.0,-8.53,-0.22,0.73,Falling,Death Cross,199,-11.34,-21.0,-5.38,,142.4,197.4,0.72,"Excelsoft Technologies Limited provides software as a service (SaaS) products and services to the education and testing in India. It operates through two segments, Assessment and Proctoring Solutions, and Learning and Students Success Systems. The company offers SARAS test and assessment, a robust platform for assessment needs that empowers educators and professionals to design and deliver tailored assessments through various models; EasyProctor, an AI-based remote proctoring solution that ensures sanctity and integrity of the online examination by eliminating candidate malpractice through recorded proctoring, live-proctoring, and secure browser-based exam delivery; OpenPage, a digital e-textbook distribution solution; and EnablED that transfer learning which suits learners' demand for training including informal, on-demand, and customized to their needs. It also provides CollegeSPARC, an end-to-end solution for student success, advising, and student retention management needs; AI-Levate, an AI-powered apps; SARAS learning management system that automate teaching and learning processes; and LearnActiv - K-12 learning solutions. The company serves academic institutes, universities, schools, enterprises, and others in North America, the AsiaPacific, Europe, Latin America, Middle East, Africa. The company has a strategic collaboration with AQA Education for the development of a next-generation e-marking platform. The company was incorporated in 2000 and is headquartered in Mysore, India.",none,,145.0,145.0,145.0,1.0
PROSTARM.NS,Prostarm Info Systems Limited,Industrials,Electrical Equipment & Parts,774.55,Small,131.56,-0.12,135.54,145.63,44.7,Bearish,Bullish,-1.51,-4.47,-1.67,-30.31,37.03,1.2396,1.5034,47.27,4.12,237.0,114.64,-44.49,14.76,-49.68,-30.31,,,Strong Bear,Damaged,250,4.0,-0.02,-0.04,1.32,Rising,Death Cross,153,1.96,-6.65,4.48,-26.46,114.1,152.2,0.75,"Prostarm Info Systems Limited engages in the designing, manufacturing, assembling, sale, service and supply of energy storage equipment and power conditioning equipment in India and internationally. It provides uninterrupted power supply (UPS) systems, including line interactive UPS, APFC online UPS, online UPS with isolation transformers, online UPS with IGBT rectifier, and modular UPS, as well as rental and after-sales services. The company also offers hybrid solar inverters, lift inverters, regenerative charger dischargers, regulated battery charger, underslung battery charger, lithium-ion battery pack, isolation transformers, servo-controlled voltage stabilizers, dynamic braking resistor, static frequency converter. It serves ATMs, banks, financial services and insurance institutions, corporates, academic institutes, security and safety systems, petrol pumps, network hubs and mobile towers, malls, theaters, small offices, shops, SMEs, hospitals/diagnostic centers, railways, airport, and other companies in PSU and private sector; and engineering, oil and gas, power, manufacturing and process, logistics, healthcare, and defense industries. The company was formerly known as Prostar Micronova Power Systems Limited and changed its name to Prostarm Info Systems Limited in July 2017. The company was incorporated in 2008 and is based in Navi Mumbai, India.",none,,,,,
SCODATUBES.NS,Scoda Tubes Limited,Basic Materials,Steel,770.49,Small,128.61,-1.29,137.12,143.91,38.82,Bullish,Bearish,-14.64,2.22,2.74,-23.12,29.03,1.7748,1.6378,47.35,3.83,187.7,110.0,-31.48,16.92,-36.89,-23.12,,,Bear,Damaged,260,6.0,-15.38,0.06,0.76,Falling,Death Cross,190,-11.16,0.04,8.89,-19.28,151.0,171.6,0.88,"Scoda Tubes Limited manufactures and sells stainless steel pipes and tubes in India and internationally. The company provides stainless steel seamless and welded pipes, tubes, and u tubes. The company serves food and beverage, automobile, chemical, oil and gas, construction, infrastructure, and automobile industries. Scoda Tubes Limited was incorporated in 2008 and is based in Mehsana, India.",none,,,,,
PATELRMART.NS,Patel Retail Limited,Consumer Cyclical,Department Stores,722.85,Small,216.42,-3.01,222.21,217.03,40.61,Bearish,Bullish,-4.01,12.44,23.37,-17.54,-24.6,1.0868,2.3895,47.18,3.84,269.3,150.25,-19.64,44.04,-42.64,-17.54,,,Bear,Correcting,255,5.0,-8.16,0.5,0.96,Stable,Golden Cross,24,-0.54,10.26,29.53,,107.2,126.6,0.85,"Patel Retail Limited operates a chain of retail supermarkets in India. It also manufactures and sells whole spices and grounded spices, wheat flour, and refined wheat flour under the Indian Chaska brand name; and home improving products, such as detergents, phenyl, dish wash liquids, mops, plastic buckets, etc. under the Patel Essential brand name; ready-to-cook instant mixes under the Patel Fresh brand name; and men's wear under the Blue Nation brand name. The company also engages in the trading of food and non-food products, including FMCG goods, household items, kitchen appliances, etc.; and trading of agri commodities, such as rice, sugar, pulses, edible oil, etc. It exports its products. The company was founded in 1990 and is based in Ambernath, India.",none,,,,,
GANESHCP.NS,Ganesh Consumer Products Limited,Consumer Defensive,Packaged Foods,676.8,Small,167.47,-0.43,172.73,199.27,49.35,Bullish,Bearish,-3.15,-18.59,-8.41,,1.36,1.0982,0.7443,43.72,4.08,309.95,152.0,-45.97,10.18,-48.67,,,,Strong Bear,Damaged,236,2.0,3.05,-0.19,1.02,Stable,Death Cross,240,0.32,-20.76,-2.25,,87.8,148.6,0.59,"Ganesh Consumer Products Limited operates as a fast-moving consumer goods company in India. The company offers gold sharbati, multigrain, and diabetes control atta; maida; sooji; wheat, multigrain, and bajra dalia; besan; rajgira, bajri, kuttu, ragi, and jowari atta; and whole, powder, and blended spices. It also provides chana sattu, chana shakti sattu, gold multigrain sattu, and gold shakti sattu jar, as well as wheat bran and chana chunni. In addition, the company offers packaged staples, other packaged food, packaged dairy, packaged beverages, and packaged meat products; and ready-to-eat products. It offers its products under the Ganesh brand name. The company was formerly known as Ganesh Grains Limited and changed its name to Ganesh Consumer Products Limited in August 2024. Ganesh Consumer Products Limited was founded in 1936 and is based in Kolkata, India. Ganesh Consumer Products Limited operates as a subsidiary of Srivaru Agro Limited.",none,,,,,
FABTECH.NS,Fabtech Technologies Limited,Healthcare,Health Information Services,657.16,Small,147.84,0.16,149.88,162.02,48.02,Bullish,Bearish,-2.05,-0.45,0.55,,-45.91,1.0723,1.4376,48.49,3.11,262.8,132.7,-43.74,11.41,-47.57,,,,Strong Bear,Damaged,220,3.0,-1.9,0.01,0.4,Falling,Death Cross,154,1.42,-2.62,6.7,,92.7,101.9,0.91,"Fabtech Technologies Limited operates as a biopharma engineering company that provides aseptic manufacturing facilities internationally. The company offers designing, engineering, procurement, installation, and testing of pharmaceutical equipment. It serves pharmaceuticals, biotech, and healthcare companies. The company was founded in 2001 and is based in Mumbai, India.",none,,,,,
GLOTTIS.NS,Glottis Limited,Industrials,Integrated Freight & Logistics,574.93,Small,62.22,-1.25,65.47,64.32,31.88,Bearish,Bearish,-7.15,-4.66,38.21,,-3.88,1.1008,3.2508,46.16,3.22,93.0,37.0,-33.1,68.16,-54.44,,,,Strong Bear,Damaged,235,4.0,-5.6,0.83,1.39,Rising,Golden Cross,45,-3.68,-6.83,44.36,,111.7,134.0,0.83,"Glottis Limited operates as a freight forwarding company. The company offers airport delivery and door-to-door delivery, express and priority cargo, freight consolidation, scheduled and charter flights, import and export customs clearance, end-to-end tracking, temperature-controlled air freight, dangerous goods handling, warehousing and distribution support, ecommerce air freight solutions, air freight insurance coverage, reverse logistics support, and multimodal connectivity; and LCL and FCL shipping, break bulk cargo handling, customs clearing and write-ups, port-to-door delivery and door-to-door delivery, marine cargo insurance, cross-trade shipping, vessel chartering, temperature-controlled shipping, real-time tracking, and warehousing and CFS services. It also provides breakbulk and breakbulk cargo handling, vessel chartering, personalized breakbulk chartering solutions, and weekly cargo consolidation, as well as oversized, heavy lift, and drayage services; inventory control, added services, cross-docking and transloading, order fulfillment for e-commerce, customs-approved warehousing, warehousing choices, reverse logistics, and supply chain solutions; and full truckload, less than load, and weekly cargo consolidation services. In addition, the company offers origin-to-destination delivery solutions, time-critical and priority cargo, freight consolidation, temperature-controlled logistics, warehousing and distribution solutions, and cargo insurance coverage; paperwork support, adaptive cargo handling solutions, deep cargo protection and insurance; accurate goods classification, clear duty and tax guidance, expedited customs processing, staying current with regulations, and specialized cargo support services; vessel chartering services, such as custom trips and time options, handling for special cargo, ship operations and management, paperwork and rules, and cargo insurance and investment. Glottis Limited was founded in 2004 and is based in Chennai, India.",none,,,,,
GLOBECIVIL.NS,Globe Civil Projects Limited,Industrials,Engineering & Construction,279.72,Small,46.84,1.36,43.18,50.47,64.71,Bullish,Bullish,15.26,17.69,-2.62,-40.66,418.41,1.4182,3.1734,47.8,4.82,80.45,33.5,-41.78,39.82,-57.53,-40.66,,,Strong Bear,Damaged,254,4.0,9.36,-0.05,1.24,Rising,Death Cross,305,18.73,15.51,3.53,-36.82,102.5,152.3,0.67,"Globe Civil Projects Limited primarily engages in the civil construction business in India. The company operates in Engineering, Procurement, and Construction (EPC); and Trading segments. It is involved in the execution and construction of infrastructure projects, such as transport and logistics projects, including roads, bridges, and terminals; social and commercial projects, such as education, healthcare, and sports; and non-infrastructure projects, including commercial offices and housing, as well as trades in goods, including TMT steel products. The company offers civil construction services for government departments, local authorities, and other parties. It also provides mechanical, electrical, and plumbing services, as well as architectural and structural work, HVAC, and firefighting and fire alarm systems. The company was incorporated in 2002 and is headquartered in New Delhi, India.",none,,,,,
VMSTMT.NS,VMS TMT Limited,Basic Materials,Steel,226.17,Small,45.57,0.75,46.48,52.94,42.01,Bearish,Bearish,2.04,-1.0,3.8,,415.78,1.3838,2.429,41.76,3.77,105.0,33.5,-56.6,36.03,-65.37,,,,Strong Bear,Damaged,245,4.0,2.37,0.09,1.16,Rising,Death Cross,244,5.51,-3.17,9.96,,81.4,172.9,0.47,"VMS TMT Limited manufactures and sells thermo-mechanically treated high-strength reinforcement steel bars in India. The company offers TMT bars under the Kamdhenu NXT brand name; and sells scrap, binding wires and billets. VMS TMT Limited was incorporated in 2013 and is based in Ahmedabad, India.",none,,,,,
AADHARHFC.NS,AADHARHFC.NS,N/A,N/A,,Unknown,475.4,-0.22,490.74,486.57,43.44,Bullish,Bearish,-3.53,1.55,4.92,-5.27,5.39,0.7665,0.9547,26.77,2.66,,,,,-18.66,-5.27,,,Bear,,41,5.0,-4.05,0.18,0.7,Falling,Golden Cross,55,-0.06,-0.63,11.08,-1.43,65.3,68.7,0.95,,,,,,,
360ONE.NS,360ONE.NS,N/A,N/A,,Unknown,1181.3,1.35,1151.94,1106.45,52.84,Bearish,Bullish,2.28,10.0,11.42,17.3,-38.97,1.3691,1.2061,27.87,2.68,,,,,-22.57,17.3,33.55,30.34,Strong Bull,,5,8.0,-1.05,0.41,0.7,Falling,Golden Cross,70,5.75,7.83,17.57,21.14,147.7,124.4,1.19,,,,,,,
AARTIDRUGS.NS,AARTIDRUGS.NS,N/A,N/A,,Unknown,417.8,-2.18,408.62,401.8,51.49,Bearish,Bullish,0.91,10.87,15.91,-11.28,-9.3,0.9047,1.0804,31.73,3.05,,,,,-38.81,-11.28,-9.11,-9.06,Bull,,248,5.0,-2.71,0.5,1.09,Stable,Golden Cross,15,4.38,8.69,22.06,-7.44,94.7,101.5,0.93,,,,,,,
AARTIIND.NS,AARTIIND.NS,N/A,N/A,,Unknown,505.2,-3.74,504.63,462.29,44.03,Bearish,Bullish,4.87,10.29,22.47,33.79,11.63,1.5092,1.6133,36.99,3.21,,,,,-16.61,33.79,3.02,-12.07,Bull,,6,6.0,1.44,0.61,0.81,Falling,Golden Cross,135,8.34,8.12,28.63,37.63,144.7,95.6,1.51,,,,,,,
3MINDIA.NS,3MINDIA.NS,N/A,N/A,,Unknown,32895.0,-1.26,34227.62,33111.63,35.33,Bearish,Bearish,-7.92,4.3,-6.46,9.5,-3.99,0.8538,0.8646,30.78,2.53,,,,,-22.25,9.5,7.1,7.81,Strong Bear,,145,7.0,-9.35,-0.21,0.95,Stable,Golden Cross,46,-4.45,2.13,-0.3,13.35,91.2,69.7,1.31,,,,,,,
AAVAS.NS,AAVAS.NS,N/A,N/A,,Unknown,1258.7,0.83,1372.46,1424.98,30.11,Bearish,Bearish,-9.62,-3.01,2.07,-17.62,68.79,0.8943,1.2292,30.39,3.39,,,,,-38.15,-17.62,-7.7,-12.47,Bear,,209,3.0,-8.62,0.07,0.61,Falling,Death Cross,269,-6.14,-5.19,8.22,-13.78,70.1,94.5,0.74,,,,,,,
AARTIPHARM.NS,AARTIPHARM.NS,N/A,N/A,,Unknown,867.25,0.24,769.22,735.03,64.36,Bearish,Bullish,25.69,38.03,27.94,1.25,888.79,1.1129,0.9367,43.9,4.03,,,,,-36.86,1.25,36.62,,Bull,,251,7.0,13.01,0.64,1.53,Rising,Golden Cross,11,29.16,35.86,34.09,5.09,101.8,78.3,1.3,,,,,,,
ABBOTINDIA.NS,ABBOTINDIA.NS,N/A,N/A,,Unknown,26045.0,-0.34,26698.65,26925.74,37.97,Bearish,Bearish,-6.4,2.38,-4.21,-17.04,-16.98,0.2753,0.1591,19.43,1.82,,,,,-22.7,-17.04,5.07,7.9,Strong Bear,,260,4.0,-7.19,-0.22,0.94,Stable,Death Cross,215,-2.93,0.21,1.95,-13.2,7.0,25.9,0.27,,,,,,,
ABCAPITAL.NS,ABCAPITAL.NS,N/A,N/A,,Unknown,397.05,0.66,398.29,357.71,44.46,Bearish,Bullish,-5.46,11.06,23.48,41.78,-23.69,1.6673,1.5919,31.75,2.53,,,,,-19.72,41.78,29.54,27.39,Strong Bull,,20,8.0,-9.15,0.74,0.74,Falling,Golden Cross,338,-1.99,8.89,29.63,45.62,178.7,121.3,1.47,,,,,,,
ABB.NS,ABB.NS,N/A,N/A,,Unknown,7447.5,0.7,7338.64,6588.08,48.99,Bearish,Bullish,-2.14,5.13,29.77,47.56,-64.54,1.0184,1.005,29.5,2.55,,,,,-16.56,47.56,20.79,35.76,Bull,,15,7.0,-3.85,1.01,0.73,Falling,Golden Cross,135,1.33,2.96,35.92,51.4,144.3,81.1,1.78,,,,,,,
ABDL.NS,ABDL.NS,N/A,N/A,,Unknown,604.4,-2.07,611.66,561.26,46.24,Bullish,Bearish,-2.96,4.98,29.43,20.62,-18.53,1.1523,1.8828,40.76,3.42,,,,,-43.82,20.62,,,Bull,,41,4.0,-4.62,0.72,0.89,Stable,Golden Cross,89,0.51,2.81,35.59,24.47,111.3,73.1,1.52,,,,,,,
ABLBL.NS,ABLBL.NS,N/A,N/A,,Unknown,82.78,-2.99,91.51,105.3,29.37,Bearish,Bearish,-12.0,-18.05,-16.67,-40.19,23.11,1.3902,1.4736,34.55,2.51,,,,,-44.2,-40.19,,,Strong Bear,,255,2.0,-5.98,-0.48,0.83,Falling,Death Cross,285,-8.53,-20.22,-10.52,-36.35,103.7,162.2,0.64,,,,,,,
ABFRL.NS,ABFRL.NS,N/A,N/A,,Unknown,50.47,-1.23,57.24,71.97,25.09,Bearish,Bearish,-17.26,-16.01,-21.25,-39.45,28.54,1.5241,1.197,36.74,3.2,,,,,-46.01,-39.45,-38.02,-25.62,Strong Bear,,246,4.0,-11.92,-0.58,0.74,Falling,Death Cross,426,-13.79,-18.18,-15.1,-35.61,155.2,201.7,0.77,,,,,,,
ABSLAMC.NS,ABSLAMC.NS,N/A,N/A,,Unknown,1022.0,-0.69,1035.53,957.6,47.83,Bullish,Bearish,2.65,-0.11,20.7,25.0,-44.36,1.0439,0.8142,36.13,2.81,,,,,-17.6,25.0,40.17,,Bull,,50,6.0,2.69,0.57,0.58,Falling,Golden Cross,328,6.12,-2.29,26.85,28.84,96.4,60.2,1.6,,,,,,,
ABREL.NS,ABREL.NS,N/A,N/A,,Unknown,1331.1,-1.91,1382.38,1453.7,37.51,Bearish,Bullish,-6.53,7.73,8.68,-24.97,79.19,1.5827,1.8793,38.54,3.36,,,,,-43.3,-24.97,9.88,10.78,Bear,,250,5.0,-9.11,0.23,0.76,Falling,Death Cross,283,-3.06,5.55,14.84,-21.13,133.6,160.0,0.84,,,,,,,
ACI.NS,ACI.NS,N/A,N/A,,Unknown,494.1,0.29,520.65,555.22,42.22,Bearish,Bearish,-7.16,-4.67,-6.22,-24.36,-0.48,0.4348,0.3049,31.71,3.34,,,,,-32.05,-24.36,-1.19,,Strong Bear,,250,7.0,-5.6,-0.2,0.89,Stable,Death Cross,79,-3.69,-6.84,-0.06,-20.52,17.5,51.8,0.34,,,,,,,
ACC.NS,ACC.NS,N/A,N/A,,Unknown,1266.6,-0.45,1336.33,1482.14,33.92,Bearish,Bearish,-8.53,-4.2,-16.72,-29.94,-28.11,1.2214,1.2195,22.3,1.88,,,,,-34.44,-29.94,-12.43,-11.45,Strong Bear,,201,3.0,-7.13,-0.75,0.7,Falling,Death Cross,485,-5.06,-6.38,-10.57,-26.1,88.2,126.3,0.7,,,,,,,
ACE.NS,ACE.NS,N/A,N/A,,Unknown,1090.9,-0.27,1068.79,998.99,46.77,Bearish,Bullish,-0.7,21.17,27.95,1.81,-52.87,1.0459,1.1846,33.59,3.43,,,,,-35.18,1.81,12.49,34.2,Bull,,10,6.0,-7.76,0.83,0.97,Stable,Golden Cross,28,2.77,19.0,34.1,5.65,108.1,94.7,1.14,,,,,,,
ACMESOLAR.NS,ACMESOLAR.NS,N/A,N/A,,Unknown,398.25,-1.35,373.17,315.02,58.07,Bullish,Bullish,4.35,11.66,77.34,41.27,-7.48,0.3148,0.2647,37.37,3.98,,,,,-37.59,41.27,,,Strong Bull,,6,8.0,0.46,2.07,0.95,Stable,Golden Cross,104,7.82,9.49,83.49,45.12,92.9,44.2,2.1,,,,,,,
ACUTAAS.NS,ACUTAAS.NS,N/A,N/A,,Unknown,3134.9,-1.24,3239.27,2651.62,43.37,Bearish,Bearish,-2.77,-5.81,48.96,121.99,-39.31,0.7759,0.382,43.96,4.1,,,,,-17.53,121.99,69.19,,Strong Bull,,43,9.0,-0.83,1.11,0.97,Stable,Golden Cross,623,0.7,-7.98,55.12,125.84,156.5,35.1,4.46,,,,,,,
ADANIENSOL.NS,ADANIENSOL.NS,N/A,N/A,,Unknown,1396.6,1.06,1560.97,1323.09,30.4,Bearish,Bearish,-15.15,-11.55,45.4,82.17,88.53,1.4551,1.8703,39.51,4.19,,,,,-23.18,82.17,20.0,8.91,Bull,,30,7.0,-11.3,1.15,1.32,Rising,Golden Cross,231,-11.68,-13.73,51.56,86.01,194.2,103.8,1.87,,,,,,,
ADANIENT.NS,ADANIENT.NS,N/A,N/A,,Unknown,2891.8,0.97,2995.01,2681.24,38.72,Bearish,Bearish,-5.19,-5.09,39.33,26.66,33.69,1.5844,1.5898,35.39,2.82,,,,,-34.28,26.66,5.64,14.97,Bull,,43,5.0,-3.49,1.11,1.27,Rising,Golden Cross,76,-1.72,-7.26,45.48,30.5,173.5,128.1,1.35,,,,,,,
ADANIGREEN.NS,ADANIGREEN.NS,N/A,N/A,,Unknown,1296.0,2.45,1366.29,1248.56,43.86,Bullish,Bearish,-6.36,-15.06,48.63,39.12,-42.21,1.6518,2.359,43.08,3.3,,,,,-32.93,39.12,10.86,7.78,Bull,,35,6.0,-1.34,1.13,1.11,Stable,Golden Cross,90,-2.89,-17.23,54.79,42.97,187.6,128.7,1.46,,,,,,,
ADANIPOWER.NS,ADANIPOWER.NS,N/A,N/A,,Unknown,207.7,1.63,210.84,188.87,48.99,Bullish,Bearish,-1.07,-10.71,50.7,71.13,-21.9,0.9593,1.4317,43.41,2.95,,,,,-22.15,71.13,53.68,62.43,Bull,,70,6.0,2.5,1.17,1.13,Stable,Golden Cross,308,2.4,-12.88,56.86,74.97,131.1,43.4,3.02,,,,,,,
ADVANCE.NS,ADVANCE.NS,N/A,N/A,,Unknown,117.89,1.44,116.1,113.58,49.59,Bearish,Bullish,-5.77,16.4,0.67,,22.09,1.7929,2.9167,52.45,4.55,,,,,-42.43,,,,Bull,,223,5.0,-11.24,0.01,0.75,Falling,Golden Cross,20,-2.3,14.23,6.83,,196.1,156.9,1.25,,,,,,,
ADANIPORTS.NS,ADANIPORTS.NS,N/A,N/A,,Unknown,1672.7,1.53,1717.72,1623.08,46.0,Bullish,Bearish,-1.99,-7.92,17.1,25.8,13.76,1.3527,1.4898,27.88,2.31,,,,,-16.98,25.8,29.14,19.5,Bull,,44,7.0,0.65,0.61,1.25,Rising,Golden Cross,339,1.48,-10.09,23.26,29.64,140.5,99.9,1.41,,,,,,,
AEGISVOPAK.NS,AEGISVOPAK.NS,N/A,N/A,,Unknown,286.3,6.0,266.96,242.06,58.88,Bullish,Bullish,-3.33,50.64,43.93,17.97,-66.84,1.4987,2.5093,47.07,4.28,,,,,-44.1,17.97,,,Bull,,26,7.0,-20.21,0.93,0.64,Falling,Golden Cross,40,0.14,48.47,50.08,21.81,148.6,114.6,1.3,,,,,,,
ADVENZYMES.NS,ADVENZYMES.NS,N/A,N/A,,Unknown,292.9,-0.83,314.24,320.19,36.53,Bearish,Bearish,-9.22,-19.86,3.32,-13.11,8.08,1.0099,1.3509,37.8,3.13,,,,,-26.21,-13.11,-3.11,-5.98,Bear,,65,5.0,-2.6,0.09,1.01,Stable,Death Cross,10,-5.75,-22.03,9.48,-9.27,74.2,67.5,1.1,,,,,,,
AEQUS.NS,AEQUS.NS,N/A,N/A,,Unknown,245.62,-0.75,237.18,194.47,50.05,Bearish,Bullish,6.43,31.38,79.94,,-59.4,0.6984,,57.34,3.76,,,,,-27.51,,,,Bull,,10,6.0,-4.03,1.39,0.71,Falling,Golden Cross,93,9.9,29.21,86.09,,135.5,27.2,4.98,,,,,,,
AETHER.NS,AETHER.NS,N/A,N/A,,Unknown,1646.4,-2.22,1518.35,1217.07,57.71,Bearish,Bullish,4.31,44.65,79.53,121.98,-56.4,0.7295,0.1738,38.64,3.27,,,,,-16.03,121.98,15.81,,Strong Bull,,3,8.0,-10.57,2.06,0.65,Falling,Golden Cross,200,7.79,42.48,85.69,125.82,128.9,13.0,9.92,,,,,,,
AEGISLOG.NS,AEGISLOG.NS,N/A,N/A,,Unknown,1241.8,1.85,1239.42,960.34,43.96,Bearish,Bullish,-8.55,62.05,92.85,85.73,-43.25,1.3025,1.2366,46.56,5.19,,,,,-33.27,85.73,51.2,33.07,Bull,,8,6.0,-29.23,1.99,0.71,Falling,Golden Cross,59,-5.08,59.87,99.0,89.58,193.4,100.5,1.92,,,,,,,
AFCONS.NS,AFCONS.NS,N/A,N/A,,Unknown,285.1,-0.05,287.86,325.73,53.65,Bullish,Bearish,1.24,-10.18,2.79,-32.53,-40.71,0.7702,1.2124,31.82,2.72,,,,,-43.17,-32.53,,,Bear,,234,2.0,4.63,0.09,0.92,Stable,Death Cross,404,4.71,-12.35,8.94,-28.69,20.5,65.6,0.31,,,,,,,
AFFLE.NS,AFFLE.NS,N/A,N/A,,Unknown,1517.9,-3.02,1594.17,1576.58,36.3,Bearish,Bearish,-9.83,2.83,8.13,-20.54,-65.65,0.5488,0.8256,33.4,3.38,,,,,-40.9,-20.54,12.45,12.39,Bear,,246,5.0,-10.77,0.24,0.94,Stable,Golden Cross,10,-6.36,0.66,14.28,-16.69,38.4,61.0,0.63,,,,,,,
AGARWALEYE.NS,AGARWALEYE.NS,N/A,N/A,,Unknown,514.25,1.09,495.5,472.17,56.81,Bearish,Bullish,4.2,11.81,14.74,17.11,2914.13,0.2728,0.7721,27.51,3.07,,,,,-25.5,17.11,,,Bull,,16,6.0,0.26,0.54,1.07,Stable,Golden Cross,50,7.68,9.63,20.89,20.96,46.0,24.7,1.86,,,,,,,
AHCL.NS,AHCL.NS,N/A,N/A,,Unknown,15.56,0.45,14.95,13.79,57.52,Bullish,Bullish,6.79,11.3,43.65,,-24.34,0.5607,0.9652,48.41,3.86,,,,,-35.83,,,,Bull,,198,6.0,3.02,0.9,0.97,Stable,Golden Cross,256,10.27,9.13,49.8,,102.3,13.2,7.75,,,,,,,
AHLUCONT.NS,AHLUCONT.NS,N/A,N/A,,Unknown,602.2,-1.68,759.83,828.43,19.12,Bearish,Bearish,-27.51,-24.06,-17.87,-35.64,220.83,0.9764,1.5516,38.39,4.63,,,,,-42.85,-35.64,-6.26,9.22,Strong Bear,,205,3.0,-19.49,-0.47,1.24,Rising,Death Cross,164,-24.04,-26.23,-11.71,-31.8,62.2,109.7,0.57,,,,,,,
AIIL.NS,AIIL.NS,N/A,N/A,,Unknown,507.45,-5.91,542.28,519.61,37.73,Bearish,Bearish,-9.15,9.67,18.16,-21.2,40.77,1.7997,1.8549,50.31,4.71,,,,,-39.32,-21.2,,,Bear,,165,6.0,-12.37,0.36,0.87,Stable,Golden Cross,41,-5.68,7.5,24.32,-17.36,133.7,135.2,0.99,,,,,,,
AIAENG.NS,AIAENG.NS,N/A,N/A,,Unknown,4159.7,-1.97,4463.3,4145.46,29.11,Bearish,Bearish,-10.1,-10.17,11.25,38.58,-22.54,0.6918,0.7435,29.96,2.98,,,,,-19.29,38.58,5.51,16.25,Bull,,45,6.0,-6.71,0.38,1.01,Stable,Golden Cross,205,-6.63,-12.35,17.41,42.42,105.1,55.5,1.89,,,,,,,
AKUMS.NS,AKUMS.NS,N/A,N/A,,Unknown,770.25,-1.13,698.37,586.27,62.42,Bearish,Bullish,15.41,39.74,63.11,65.4,47.23,0.9771,1.1708,32.36,3.34,,,,,-13.11,65.4,,,Bull,,0,7.0,2.16,1.95,1.11,Stable,Golden Cross,95,18.88,37.57,69.27,69.24,99.8,26.2,3.81,,,,,,,
ALIVUS.NS,ALIVUS.NS,N/A,N/A,,Unknown,1417.9,-1.79,1260.34,1092.39,66.29,Bearish,Bullish,6.53,37.82,56.21,51.41,23.8,0.5812,0.7914,29.93,3.8,,,,,-17.89,51.41,31.76,,Strong Bull,,0,9.0,-6.08,1.88,0.79,Falling,Golden Cross,104,10.0,35.64,62.37,55.25,89.1,29.1,3.06,,,,,,,
AJANTPHARM.NS,AJANTPHARM.NS,N/A,N/A,,Unknown,3481.7,-0.66,3438.43,3069.4,45.21,Bearish,Bullish,-0.33,18.04,20.48,43.41,-28.56,0.5566,0.759,25.29,2.96,,,,,-13.16,43.41,28.09,19.86,Strong Bull,,11,10.0,-6.34,0.81,0.69,Falling,Golden Cross,180,3.14,15.87,26.63,47.25,83.7,36.4,2.3,,,,,,,
ALKEM.NS,ALKEM.NS,N/A,N/A,,Unknown,5210.0,-1.7,5462.78,5444.92,32.75,Bearish,Bearish,-6.93,-0.61,-4.52,-0.79,6.43,0.6965,0.7527,20.96,2.06,,,,,-11.95,-0.79,11.87,9.54,Bear,,145,8.0,-6.73,-0.22,0.88,Stable,Golden Cross,45,-3.46,-2.79,1.63,3.05,64.4,62.4,1.03,,,,,,,
ALLTIME.NS,ALLTIME.NS,N/A,N/A,,Unknown,199.61,-0.49,219.46,238.0,29.91,Bearish,Bearish,-9.86,-11.23,-10.84,-34.61,124.1,1.7973,2.3803,44.97,3.93,,,,,-40.08,-34.61,,,Strong Bear,,260,4.0,-6.12,-0.24,0.43,Falling,Death Cross,198,-6.39,-13.41,-4.69,-30.77,139.5,184.3,0.76,,,,,,,
AMAGI.NS,AMAGI.NS,N/A,N/A,,Unknown,572.8,-1.96,575.57,466.37,44.19,Bearish,Bearish,-15.1,35.96,51.31,,220.12,0.6213,,49.0,5.81,,,,,-24.02,,,,Bull,,20,5.0,-27.09,1.05,0.71,Falling,Golden Cross,159,-11.63,33.79,57.47,,114.7,5.8,19.78,,,,,,,
ALOKINDS.NS,ALOKINDS.NS,N/A,N/A,,Unknown,7.73,0.52,11.48,13.68,7.5,Bearish,Bearish,-35.37,-37.91,-41.97,-55.14,527.29,1.5467,1.3359,36.73,6.97,,,,,-59.36,-55.14,-20.87,-20.51,Strong Bear,,250,2.0,-22.73,-1.14,1.4,Rising,Death Cross,485,-31.9,-40.09,-35.81,-51.29,103.0,197.9,0.52,,,,,,,
AMIRCHAND.NS,AMIRCHAND.NS,N/A,N/A,,Unknown,174.19,-0.08,184.09,185.19,40.11,Bearish,Bullish,-12.3,,,,,0.7463,,41.09,5.08,,,,,-14.89,,,,Bear,,20,,,,0.89,Stable,Death Cross,3,-10.96,,,,,,,,,,,,,
AMBER.NS,AMBER.NS,N/A,N/A,,Unknown,7415.0,-1.24,7466.95,7359.74,49.03,Bullish,Bullish,0.27,-5.2,-3.16,-2.83,32.11,1.3555,0.8504,39.78,2.55,,,,,-35.38,-2.83,41.76,19.66,Bear,,84,3.0,2.0,-0.08,0.95,Stable,Golden Cross,99,3.74,-7.38,2.99,1.01,109.8,93.2,1.18,,,,,,,
ALKYLAMINE.NS,ALKYLAMINE.NS,N/A,N/A,,Unknown,1975.5,-1.77,1897.96,1759.48,52.31,Bearish,Bullish,2.83,11.91,41.72,-2.41,-31.59,1.4284,1.4499,40.16,3.61,,,,,-41.6,-2.41,-4.97,-13.93,Bull,,260,5.0,-1.14,1.04,1.01,Stable,Golden Cross,54,6.3,9.73,47.87,1.43,138.9,131.1,1.06,,,,,,,
AMBUJACEM.NS,AMBUJACEM.NS,N/A,N/A,,Unknown,402.7,0.12,422.74,462.04,37.77,Bearish,Bearish,-7.65,-3.08,-15.01,-28.64,20.8,1.5787,1.2042,26.94,2.18,,,,,-33.17,-28.64,-2.6,-0.18,Strong Bear,,245,5.0,-6.62,-0.56,0.69,Falling,Death Cross,200,-4.18,-5.25,-8.85,-24.8,130.8,167.0,0.78,,,,,,,
ANTHEM.NS,ANTHEM.NS,N/A,N/A,,Unknown,934.5,1.08,838.79,763.16,68.16,Bullish,Bullish,14.07,23.04,40.35,15.06,-10.47,0.6059,0.6066,29.1,2.99,,,,,-31.47,15.06,,,Bull,,0,7.0,6.39,1.39,1.2,Rising,Golden Cross,89,17.54,20.86,46.51,18.9,70.3,48.1,1.46,,,,,,,
ANANDRATHI.NS,ANANDRATHI.NS,N/A,N/A,,Unknown,2198.3,0.06,2083.03,1781.98,63.41,Bearish,Bullish,8.08,25.38,40.35,51.14,-19.63,0.4497,0.234,21.34,1.96,,,,,-11.98,51.14,84.61,,Bull,,3,7.0,-0.38,1.89,0.72,Falling,Golden Cross,321,11.55,23.21,46.51,54.98,66.3,1.5,44.2,,,,,,,
ANGELONE.NS,ANGELONE.NS,N/A,N/A,,Unknown,279.25,-0.82,303.41,290.35,33.82,Bullish,Bearish,-7.03,-15.78,27.24,25.58,-29.44,1.7033,1.2324,39.69,3.16,,,,,-24.51,25.58,18.12,18.44,Bear,,51,5.0,-1.77,0.69,0.86,Stable,Golden Cross,98,-3.55,-17.95,33.39,29.42,202.4,163.5,1.24,,,,,,,
ANANTRAJ.NS,ANANTRAJ.NS,N/A,N/A,,Unknown,588.85,0.18,592.51,557.47,39.11,Bearish,Bullish,-6.59,3.47,20.54,13.18,-53.65,1.6699,1.7468,46.21,2.94,,,,,-44.85,13.18,46.11,53.49,Bull,,235,5.0,-7.75,0.44,0.61,Falling,Golden Cross,33,-3.12,1.29,26.7,17.02,165.7,133.0,1.25,,,,,,,
ANUP.NS,ANUP.NS,N/A,N/A,,Unknown,1799.8,-0.57,1952.14,2053.88,33.85,Bullish,Bearish,-17.27,-5.42,16.28,-18.21,220.84,1.5373,0.7292,44.67,3.47,,,,,-42.85,-18.21,20.74,29.53,Bear,,248,4.0,-15.46,0.36,1.01,Stable,Death Cross,18,-13.79,-7.59,22.44,-14.36,109.7,122.1,0.9,,,,,,,
ANURAS.NS,ANURAS.NS,N/A,N/A,,Unknown,1240.3,-1.55,1249.13,1236.51,49.03,Bullish,Bullish,2.13,-6.62,1.86,9.78,-23.34,0.3072,1.2016,24.87,1.66,,,,,-13.02,9.78,9.35,11.55,Bull,,78,5.0,4.34,0.07,0.95,Stable,Golden Cross,351,5.6,-8.79,8.01,13.62,30.1,12.2,2.47,,,,,,,
APARINDS.NS,APARINDS.NS,N/A,N/A,,Unknown,16813.0,-3.37,15721.08,12629.97,53.44,Bearish,Bullish,8.94,21.15,67.76,115.5,11.12,1.3085,0.8958,45.62,4.11,,,,,-26.38,115.5,60.12,92.56,Bull,,15,7.0,1.89,1.49,1.01,Stable,Golden Cross,149,12.41,18.97,73.91,119.34,188.6,72.3,2.61,,,,,,,
APLLTD.NS,APLLTD.NS,N/A,N/A,,Unknown,826.9,-2.01,808.37,800.39,52.73,Bullish,Bullish,2.16,13.65,20.18,-10.98,14.43,0.943,1.1086,26.6,2.76,,,,,-33.9,-10.98,2.77,2.3,Bull,,250,4.0,-2.39,0.76,0.9,Stable,Golden Cross,14,5.63,11.48,26.33,-7.14,64.6,76.8,0.84,,,,,,,
APLAPOLLO.NS,APLAPOLLO.NS,N/A,N/A,,Unknown,2210.0,-1.07,2006.41,1910.6,70.14,Bullish,Bullish,15.1,21.26,4.26,34.77,0.12,1.1534,0.4865,26.3,2.25,,,,,-22.73,34.77,12.33,20.02,Bull,,145,6.0,8.01,0.16,0.9,Stable,Golden Cross,15,18.57,19.08,10.41,38.62,108.6,61.2,1.77,,,,,,,
APOLLO.NS,APOLLO.NS,N/A,N/A,,Unknown,382.65,0.83,387.52,325.16,44.13,Bearish,Bearish,-3.91,-9.18,80.46,43.65,-47.04,1.7782,1.5559,56.11,2.94,,,,,-47.03,43.65,90.84,97.46,Bull,,43,4.0,-0.85,1.43,0.54,Falling,Golden Cross,95,-0.43,-11.36,86.61,47.49,219.1,134.1,1.63,,,,,,,
APOLLOHOSP.NS,APOLLOHOSP.NS,N/A,N/A,,Unknown,8719.0,-0.41,8720.69,8100.98,46.36,Bearish,Bearish,-3.55,5.11,13.87,13.94,53.56,0.5267,0.6391,17.95,1.74,,,,,-15.21,13.94,22.22,16.66,Bull,,20,6.0,-5.25,0.77,1.28,Rising,Golden Cross,139,-0.07,2.94,20.02,17.78,63.7,44.9,1.42,,,,,,,
APTUS.NS,APTUS.NS,N/A,N/A,,Unknown,254.28,0.36,263.69,268.69,43.32,Bullish,Bearish,-2.43,-4.15,12.37,-18.94,4.25,1.1478,1.2094,32.28,2.84,,,,,-43.78,-18.94,-0.36,,Bear,,255,4.0,-1.05,0.38,0.77,Falling,Death Cross,14,1.05,-6.33,18.52,-15.1,63.7,88.5,0.72,,,,,,,
ARIS.NS,ARIS.NS,N/A,N/A,,Unknown,128.31,-2.56,130.24,128.54,42.6,Bearish,Bearish,-1.69,12.66,20.86,-10.2,65.6,1.4744,2.6174,52.51,5.23,,,,,-52.06,-10.2,,,Bear,,225,5.0,-5.91,0.4,1.11,Stable,Golden Cross,5,1.79,10.49,27.02,-6.35,151.5,146.7,1.03,,,,,,,
APOLLOTYRE.NS,APOLLOTYRE.NS,N/A,N/A,,Unknown,434.15,-1.93,433.4,439.53,46.71,Bearish,Bullish,-0.96,10.04,1.24,-5.97,50.49,1.1102,1.2483,27.32,2.31,,,,,-30.27,-5.97,4.01,15.03,Bear,,209,5.0,-4.31,0.05,0.68,Falling,Death Cross,128,2.51,7.86,7.39,-2.13,91.9,90.4,1.02,,,,,,,
ARSSBL.NS,ARSSBL.NS,N/A,N/A,,Unknown,508.3,-0.1,521.57,528.91,45.57,Bullish,Bearish,-1.37,-2.27,4.62,,-25.59,1.5187,3.0477,44.13,3.03,,,,,-45.98,,,,Bear,,205,4.0,-0.61,0.1,0.93,Stable,Death Cross,18,2.1,-4.45,10.77,,145.4,109.3,1.33,,,,,,,
ARE&M.NS,ARE&M.NS,N/A,N/A,,Unknown,871.25,-0.98,897.97,886.16,37.2,Bearish,Bearish,-5.4,3.08,9.44,-12.88,21.55,1.0159,1.7234,31.56,2.67,,,,,-35.7,-12.88,13.61,4.79,Bear,,254,5.0,-6.43,0.3,1.2,Rising,Golden Cross,15,-1.93,0.91,15.59,-9.04,91.2,95.5,0.95,,,,,,,
ARVIND.NS,ARVIND.NS,N/A,N/A,,Unknown,574.05,3.04,532.28,448.22,62.64,Bullish,Bullish,4.88,16.28,68.89,101.0,71.64,0.8598,0.7688,39.56,3.61,,,,,-18.69,101.0,60.02,41.44,Strong Bull,,45,8.0,-0.55,1.74,1.0,Stable,Golden Cross,144,8.35,14.1,75.04,104.84,118.1,15.5,7.62,,,,,,,
ARVINDFASN.NS,ARVINDFASN.NS,N/A,N/A,,Unknown,461.15,0.51,453.31,461.33,57.86,Bullish,Bearish,3.78,-1.39,7.47,-12.06,-39.72,1.0626,1.0437,33.98,2.94,,,,,-33.2,-12.06,15.15,16.33,Bear,,250,6.0,4.24,0.22,1.09,Stable,Death Cross,161,7.25,-3.57,13.62,-8.22,108.9,115.3,0.94,,,,,,,
ASHAPURMIN.NS,ASHAPURMIN.NS,N/A,N/A,,Unknown,550.5,-0.9,636.42,630.9,30.74,Bearish,Bearish,-23.47,-21.66,6.92,1.68,17.76,1.3034,1.6557,54.53,4.21,,,,,-49.08,1.68,36.9,31.69,Bear,,170,6.0,-16.25,0.13,1.19,Rising,Golden Cross,83,-20.0,-23.84,13.08,5.52,140.3,96.9,1.45,,,,,,,
ASHOKA.NS,ASHOKA.NS,N/A,N/A,,Unknown,117.39,-3.58,120.09,138.83,49.98,Bullish,Bullish,-2.44,-4.06,-5.37,-36.32,851.46,1.6224,1.5245,37.5,3.13,,,,,-51.73,-36.32,8.82,2.55,Strong Bear,,216,3.0,-1.09,-0.14,0.97,Stable,Death Cross,390,1.03,-6.24,0.78,-32.47,114.7,157.5,0.73,,,,,,,
ASAHIINDIA.NS,ASAHIINDIA.NS,N/A,N/A,,Unknown,951.05,-0.02,914.78,887.84,59.47,Bearish,Bullish,5.91,5.45,10.56,10.99,165.24,0.8993,0.7262,34.36,2.44,,,,,-26.44,10.99,23.47,20.97,Bull,,195,6.0,4.09,0.31,0.79,Falling,Golden Cross,36,9.38,3.28,16.71,14.83,76.0,55.2,1.38,,,,,,,
ASHOKLEY.NS,ASHOKLEY.NS,N/A,N/A,,Unknown,167.9,-1.54,167.7,160.73,44.57,Bearish,Bullish,-2.43,15.56,-14.81,34.28,-4.3,1.8563,0.8148,36.46,2.66,,,,,-33.49,34.28,24.81,21.47,Bull,,134,8.0,-7.62,-0.41,0.66,Falling,Golden Cross,23,1.04,13.39,-8.66,38.13,182.1,130.3,1.4,,,,,,,
ASKAUTOLTD.NS,ASKAUTOLTD.NS,N/A,N/A,,Unknown,623.85,-1.86,567.8,492.63,54.78,Bearish,Bullish,13.16,42.74,62.15,24.9,351.13,0.9263,0.6855,36.7,4.06,,,,,-33.61,24.9,,,Bull,,19,5.0,-1.09,1.69,0.96,Stable,Golden Cross,36,16.63,40.57,68.3,28.74,124.6,80.8,1.54,,,,,,,
ASIANPAINT.NS,ASIANPAINT.NS,N/A,N/A,,Unknown,2527.5,-1.86,2661.24,2581.62,30.24,Bearish,Bearish,-8.92,-5.11,11.56,-0.65,-34.53,0.9925,1.144,23.81,2.18,,,,,-28.54,-0.65,-6.58,-2.62,Bear,,193,5.0,-7.22,0.49,0.97,Stable,Golden Cross,69,-5.45,-7.28,17.72,3.19,95.1,84.1,1.13,,,,,,,
ASTERDM.NS,ASTERDM.NS,N/A,N/A,,Unknown,759.9,0.28,788.02,716.97,37.95,Bearish,Bearish,-8.96,0.78,17.56,26.11,980.36,0.3719,0.8244,28.76,3.12,,,,,-25.59,26.11,48.55,43.84,Strong Bull,,18,8.0,-9.22,0.61,0.99,Stable,Golden Cross,1155,-5.49,-1.39,23.71,29.95,52.6,13.7,3.84,,,,,,,
ASTRAMICRO.NS,ASTRAMICRO.NS,N/A,N/A,,Unknown,1641.8,-2.64,1674.7,1348.27,42.26,Bearish,Bearish,-10.55,15.66,64.91,54.6,-38.05,0.8327,1.9962,41.55,3.8,,,,,-26.38,54.6,67.98,56.32,Bull,,23,7.0,-15.77,1.56,0.9,Stable,Golden Cross,101,-7.08,13.49,71.07,58.44,136.5,59.6,2.29,,,,,,,
ATHERENERG.NS,ATHERENERG.NS,N/A,N/A,,Unknown,1686.1,-2.29,1362.69,989.97,72.51,Bullish,Bullish,16.25,63.13,140.53,246.36,-9.29,0.5914,1.0812,49.24,3.93,,,,,-21.48,246.36,,,Strong Bull,,0,10.0,-4.79,2.85,0.91,Stable,Golden Cross,345,19.72,60.95,146.68,250.21,138.1,-65.7,-2.1,,,,,,,
ATLANTAELE.NS,ATLANTAELE.NS,N/A,N/A,,Unknown,1838.9,0.84,1705.7,1430.82,59.85,Bullish,Bullish,13.93,-10.03,104.58,,22.39,0.8919,0.3351,56.49,4.58,,,,,-32.74,,,,Bull,,64,7.0,17.27,1.85,1.28,Rising,Golden Cross,129,17.41,-12.21,110.74,,151.3,14.0,10.81,,,,,,,
ASTRAL.NS,ASTRAL.NS,N/A,N/A,,Unknown,1487.0,-1.33,1485.47,1498.17,47.72,Bearish,Bullish,2.85,-1.94,-9.57,5.93,175.05,0.7626,0.6566,30.05,2.47,,,,,-24.58,5.93,-9.03,-2.03,Strong Bear,,125,6.0,3.5,-0.32,1.11,Stable,Death Cross,45,6.33,-4.11,-3.41,9.77,103.1,85.7,1.2,,,,,,,
ATGL.NS,ATGL.NS,N/A,N/A,,Unknown,614.95,0.21,661.86,642.3,29.59,Bearish,Bearish,-7.8,-19.3,27.95,3.54,-36.0,0.7306,1.782,47.16,2.7,,,,,-40.07,3.54,-1.06,-7.35,Bear,,70,3.0,-1.37,0.59,0.8,Falling,Golden Cross,74,-4.33,-21.47,34.1,7.38,72.7,58.7,1.24,,,,,,,
AUBANK.NS,AUBANK.NS,N/A,N/A,,Unknown,1077.9,-0.12,1059.62,978.51,50.48,Bearish,Bullish,1.78,11.3,14.04,49.53,5.66,1.2213,1.2495,29.4,2.19,,,,,-18.16,49.53,15.26,12.57,Bull,,5,7.0,-1.99,0.48,0.81,Falling,Golden Cross,343,5.26,9.13,20.19,53.37,122.7,64.5,1.9,,,,,,,
AVALON.NS,AVALON.NS,N/A,N/A,,Unknown,2189.6,-5.56,1922.3,1437.36,57.77,Bullish,Bullish,21.28,36.18,131.48,159.85,66.39,1.4585,0.9344,53.27,5.37,,,,,-36.63,159.85,67.78,,Bull,,1,7.0,9.22,2.47,1.26,Rising,Golden Cross,150,24.75,34.0,137.64,163.69,198.1,50.5,3.92,,,,,,,
ATUL.NS,ATUL.NS,N/A,N/A,,Unknown,6485.5,0.52,6559.61,6480.84,45.56,Bearish,Bearish,-4.53,-2.41,0.15,3.09,-48.19,0.6463,1.0846,25.08,2.33,,,,,-14.58,3.09,-1.08,-6.12,Strong Bull,,85,8.0,-3.73,0.01,0.69,Falling,Golden Cross,26,-1.06,-4.59,6.3,6.93,80.8,72.8,1.11,,,,,,,
AURIONPRO.NS,AURIONPRO.NS,N/A,N/A,,Unknown,693.0,-0.24,757.27,900.64,37.07,Bullish,Bearish,-6.16,-10.93,-19.48,-46.19,30.09,1.5318,1.8461,44.37,3.39,,,,,-47.79,-46.19,7.05,45.59,Strong Bear,,260,3.0,-2.52,-0.44,0.61,Falling,Death Cross,285,-2.69,-13.1,-13.33,-42.35,111.7,177.3,0.63,,,,,,,
AUROPHARMA.NS,AUROPHARMA.NS,N/A,N/A,,Unknown,1648.2,-2.09,1589.76,1416.54,54.21,Bullish,Bullish,3.93,12.71,37.88,60.35,5.0,0.3742,0.9133,26.12,2.4,,,,,-9.7,60.35,24.4,13.08,Strong Bull,,1,10.0,-0.31,1.45,1.04,Stable,Golden Cross,200,7.4,10.54,44.03,64.19,70.2,6.3,11.14,,,,,,,
AWFIS.NS,AWFIS.NS,N/A,N/A,,Unknown,256.4,-2.44,280.09,357.99,39.03,Bearish,Bearish,-6.1,-18.02,-6.1,-54.78,23.84,1.406,2.409,45.76,3.94,,,,,-63.37,-54.78,,,Strong Bear,,210,2.0,-0.09,-0.13,0.98,Stable,Death Cross,296,-2.63,-20.19,0.06,-50.93,62.4,153.3,0.41,,,,,,,
AVL.NS,AVL.NS,N/A,N/A,,Unknown,599.85,-0.7,605.09,552.6,46.44,Bullish,Bearish,-5.24,9.06,24.64,19.47,-21.68,0.4845,-0.0203,32.1,3.09,,,,,-25.43,19.47,,,Bull,,46,5.0,-8.26,0.77,0.79,Falling,Golden Cross,96,-1.77,6.88,30.79,23.32,80.1,46.6,1.72,,,,,,,
AVANTIFEED.NS,AVANTIFEED.NS,N/A,N/A,,Unknown,801.2,-3.9,919.29,984.9,29.11,Bearish,Bearish,-9.3,-27.04,-32.75,26.24,-34.47,1.6642,0.7847,55.65,3.63,,,,,-46.1,26.24,26.51,5.95,Strong Bear,,96,5.0,-0.29,-0.59,0.84,Falling,Death Cross,21,-5.83,-29.21,-26.59,30.08,147.2,90.4,1.63,,,,,,,
AWL.NS,AWL.NS,N/A,N/A,,Unknown,191.25,-1.61,191.99,205.83,47.18,Bearish,Bullish,0.35,1.78,6.98,-23.08,21.14,0.8095,0.8395,27.97,2.68,,,,,-37.93,-23.08,-20.02,,Bear,,201,4.0,-0.24,0.25,0.97,Stable,Death Cross,508,3.82,-0.39,13.14,-19.24,67.0,97.7,0.69,,,,,,,
AYE.NS,AYE.NS,N/A,N/A,,Unknown,171.34,-0.21,168.65,147.44,48.53,Bearish,Bullish,2.13,16.67,45.39,,-14.89,2.1258,,63.8,4.91,,,,,-33.25,,,,Bull,,30,4.0,-3.43,0.71,0.69,Falling,Golden Cross,80,5.6,14.49,51.54,,259.4,152.1,1.71,,,,,,,
AZAD.NS,AZAD.NS,N/A,N/A,,Unknown,2785.8,-2.06,2520.32,2068.13,59.55,Bearish,Bullish,17.33,26.19,70.32,75.28,-1.94,1.1897,1.9843,41.63,3.86,,,,,-21.56,75.28,,,Bull,,11,6.0,8.6,1.69,0.95,Stable,Golden Cross,100,20.8,24.01,76.48,79.13,151.2,58.8,2.57,,,,,,,
AXISBANK.NS,AXISBANK.NS,N/A,N/A,,Unknown,1253.9,-0.33,1265.73,1265.42,49.56,Bullish,Bullish,-0.63,-1.37,-7.14,18.22,-40.87,1.2172,1.153,24.21,1.85,,,,,-17.23,18.22,10.17,11.28,Bear,,135,8.0,-0.17,-0.29,0.92,Stable,Golden Cross,1,2.84,-3.54,-0.98,22.06,126.9,96.7,1.31,,,,,,,
AXISCADES.NS,AXISCADES.NS,N/A,N/A,,Unknown,1689.7,2.77,1628.72,1580.7,60.32,Bullish,Bullish,6.73,-7.97,12.81,32.63,-1.7,0.9248,1.6796,48.57,3.95,,,,,-37.59,32.63,45.19,78.1,Bull,,83,6.0,9.39,0.26,0.94,Stable,Golden Cross,435,10.2,-10.14,18.97,36.47,141.8,83.9,1.69,,,,,,,
BAJAJ-AUTO.NS,BAJAJ-AUTO.NS,N/A,N/A,,Unknown,12130.0,-1.87,11260.6,10104.9,64.16,Bullish,Bullish,4.57,17.29,27.44,37.18,-50.1,0.8492,1.1852,22.46,1.93,,,,,-13.37,37.18,40.17,28.85,Strong Bull,,0,9.0,-1.19,1.22,0.76,Falling,Golden Cross,261,8.04,15.11,33.59,41.02,97.7,45.9,2.13,,,,,,,
BAJAJHFL.NS,BAJAJHFL.NS,N/A,N/A,,Unknown,82.78,-0.08,85.36,91.09,36.51,Bearish,Bearish,-4.97,-1.62,-1.62,-26.76,-29.04,0.9591,1.4913,21.41,1.47,,,,,-36.95,-26.76,,,Strong Bear,,250,3.0,-4.43,-0.08,0.61,Falling,Death Cross,505,-1.5,-3.79,4.54,-22.92,63.4,98.3,0.64,,,,,,,
BAJAJELEC.NS,BAJAJELEC.NS,N/A,N/A,,Unknown,323.6,-0.69,340.58,393.45,36.9,Bearish,Bearish,-7.46,4.82,-8.81,-42.81,375.29,0.9103,0.9576,30.53,3.44,,,,,-49.78,-42.81,-33.19,-21.15,Strong Bear,,250,3.0,-9.07,-0.29,1.38,Rising,Death Cross,541,-3.99,2.65,-2.65,-38.97,44.8,113.2,0.4,,,,,,,
BAJAJFINSV.NS,BAJAJFINSV.NS,N/A,N/A,,Unknown,1990.0,0.91,1948.64,1901.13,50.32,Bearish,Bullish,-5.46,16.94,5.42,2.48,-35.69,1.2872,1.4069,23.87,1.96,,,,,-25.03,2.48,10.39,6.9,Bull,,224,6.0,-11.11,0.23,0.73,Falling,Golden Cross,19,-1.99,14.76,11.57,6.32,129.0,117.7,1.1,,,,,,,
BAJAJHLDNG.NS,BAJAJHLDNG.NS,N/A,N/A,,Unknown,11100.0,-1.86,11045.88,10879.67,46.33,Bearish,Bullish,-3.27,10.19,5.51,-9.97,-26.07,1.1867,0.9095,28.19,2.31,,,,,-35.67,-9.97,16.65,24.75,Bull,,250,7.0,-6.67,0.2,0.94,Stable,Golden Cross,14,0.2,8.01,11.66,-6.13,98.9,110.2,0.9,,,,,,,
BAJFINANCE.NS,BAJFINANCE.NS,N/A,N/A,,Unknown,1055.9,0.19,1052.91,980.86,43.37,Bearish,Bearish,-8.1,19.45,12.41,19.46,-48.77,1.5131,1.2656,30.16,2.16,,,,,-26.74,19.46,15.25,11.33,Bull,,20,5.0,-14.58,0.41,0.81,Falling,Golden Cross,45,-4.63,17.28,18.56,23.3,159.5,125.1,1.27,,,,,,,
BALAMINES.NS,BALAMINES.NS,N/A,N/A,,Unknown,2390.1,-0.81,2159.27,1748.25,61.08,Bullish,Bullish,19.81,17.55,127.8,62.93,-43.63,1.362,1.7313,54.58,4.64,,,,,-35.96,62.93,3.63,-6.44,Bull,,5,7.0,13.96,2.34,0.85,Stable,Golden Cross,75,23.28,15.38,133.96,66.77,179.9,96.8,1.86,,,,,,,
BALKRISIND.NS,BALKRISIND.NS,N/A,N/A,,Unknown,2329.1,-0.12,2296.53,2295.75,49.55,Bearish,Bullish,-6.53,9.11,1.5,2.44,26.21,1.2903,0.8418,34.01,3.17,,,,,-27.33,2.44,0.31,-0.58,Bull,,145,7.0,-9.57,0.04,0.58,Falling,Golden Cross,0,-3.06,6.94,7.66,6.28,120.6,109.1,1.11,,,,,,,
BALUFORGE.NS,BALUFORGE.NS,N/A,N/A,,Unknown,578.4,-6.99,513.0,509.44,57.91,Bullish,Bullish,31.62,20.68,27.2,-8.12,686.99,1.5323,2.9727,51.24,4.71,,,,,-47.94,-8.12,,,Bull,,253,4.0,24.73,0.53,1.5,Rising,Golden Cross,0,35.09,18.5,33.36,-4.28,125.5,116.6,1.08,,,,,,,
BALRAMCHIN.NS,BALRAMCHIN.NS,N/A,N/A,,Unknown,669.75,0.13,625.41,549.34,53.34,Bearish,Bullish,1.68,25.94,36.21,24.59,672.62,0.4389,0.9382,40.0,5.76,,,,,-29.29,24.59,20.28,13.61,Bull,,9,7.0,-6.97,0.91,1.45,Rising,Golden Cross,93,5.15,23.77,42.36,28.43,61.3,30.9,1.98,,,,,,,
BANCOINDIA.NS,BANCOINDIA.NS,N/A,N/A,,Unknown,613.6,-1.06,636.72,627.28,40.8,Bearish,Bearish,-8.38,-6.38,4.82,8.9,14.52,1.6118,1.5405,45.93,2.51,,,,,-41.02,8.9,46.96,55.27,Bear,,236,5.0,-6.25,0.1,1.15,Stable,Golden Cross,68,-4.91,-8.56,10.98,12.75,147.0,118.7,1.24,,,,,,,
BANKBARODA.NS,BANKBARODA.NS,N/A,N/A,,Unknown,241.2,1.47,248.84,258.26,44.17,Bearish,Bearish,-1.55,-8.53,-16.81,6.22,-23.46,1.3015,1.4035,27.48,1.88,,,,,-24.37,6.22,11.94,27.72,Bear,,134,9.0,1.29,-0.61,0.74,Falling,Death Cross,36,1.92,-10.71,-10.65,10.06,128.1,113.3,1.13,,,,,,,
BANKINDIA.NS,BANKINDIA.NS,N/A,N/A,,Unknown,143.1,0.53,142.61,139.65,50.73,Bearish,Bearish,1.89,1.16,-9.56,32.07,-39.47,1.507,1.5126,32.45,2.1,,,,,-22.69,32.07,20.42,17.72,Bull,,134,9.0,1.5,-0.29,0.72,Falling,Golden Cross,348,5.36,-1.01,-3.4,35.91,159.0,112.5,1.41,,,,,,,
BANDHANBNK.NS,BANDHANBNK.NS,N/A,N/A,,Unknown,161.52,-0.85,179.15,177.45,30.27,Bearish,Bearish,-6.15,-20.86,-8.17,0.98,-65.48,1.6427,1.2922,40.78,2.86,,,,,-24.83,0.98,-10.07,-11.12,Strong Bear,,55,4.0,0.8,-0.2,0.47,Falling,Golden Cross,101,-2.68,-23.04,-2.01,4.82,170.0,158.0,1.08,,,,,,,
BAYERCROP.NS,BAYERCROP.NS,N/A,N/A,,Unknown,3979.5,-0.2,4137.06,4410.76,35.56,Bearish,Bearish,-6.83,-7.23,-11.36,-21.03,-54.06,0.4143,0.8874,21.31,1.69,,,,,-23.16,-21.03,-2.96,-4.94,Strong Bear,,248,5.0,-4.42,-0.53,0.77,Falling,Death Cross,250,-3.35,-9.41,-5.21,-17.19,29.9,63.0,0.47,,,,,,,
BATAINDIA.NS,BATAINDIA.NS,N/A,N/A,,Unknown,670.45,-1.02,682.9,765.47,40.9,Bearish,Bullish,-2.27,5.7,-4.1,-37.02,109.29,1.1059,1.2827,31.68,2.52,,,,,-52.32,-37.02,-24.16,-15.07,Strong Bear,,250,4.0,-4.17,-0.13,0.54,Falling,Death Cross,530,1.2,3.53,2.06,-33.18,77.2,124.9,0.62,,,,,,,
BBOX.NS,BBOX.NS,N/A,N/A,,Unknown,725.2,0.73,795.2,713.93,38.97,Bullish,Bearish,-3.18,-32.32,43.81,60.38,22.16,0.9728,1.5714,44.44,4.45,,,,,-33.14,60.38,51.97,25.93,Bull,,64,6.0,7.59,0.99,1.15,Stable,Golden Cross,96,0.29,-34.49,49.97,64.22,121.2,48.5,2.5,,,,,,,
BDL.NS,BDL.NS,N/A,N/A,,Unknown,1253.7,0.3,1311.97,1348.6,38.56,Bearish,Bearish,-0.89,3.83,-1.23,-13.71,151.87,1.4112,1.8468,38.4,3.11,,,,,-32.55,-13.71,31.3,44.75,Strong Bear,,248,5.0,-2.17,-0.03,1.07,Stable,Death Cross,185,2.58,1.66,4.92,-9.87,144.2,152.4,0.95,,,,,,,
BECTORFOOD.NS,BECTORFOOD.NS,N/A,N/A,,Unknown,228.31,0.25,219.65,216.95,47.6,Bearish,Bearish,8.74,32.58,18.26,-15.04,-81.25,1.1689,1.0371,41.36,4.4,,,,,-42.94,-15.04,1.56,22.37,Bull,,259,6.0,-2.12,0.44,0.88,Stable,Golden Cross,5,12.21,30.41,24.42,-11.2,73.7,82.2,0.9,,,,,,,
BBTC.NS,BBTC.NS,N/A,N/A,,Unknown,1492.7,-3.01,1498.66,1603.7,50.07,Bullish,Bullish,-0.86,-2.38,-4.9,-15.72,2615.41,1.2176,1.7221,33.15,2.97,,,,,-36.54,-15.72,14.94,4.13,Strong Bear,,224,6.0,-0.07,-0.15,1.57,Rising,Death Cross,404,2.61,-4.55,1.25,-11.88,93.2,105.0,0.89,,,,,,,
BELRISE.NS,BELRISE.NS,N/A,N/A,,Unknown,234.31,1.55,233.99,204.85,48.52,Bearish,Bearish,-2.51,8.49,27.75,70.28,1.25,1.081,0.449,36.54,3.06,,,,,-14.67,70.28,,,Bull,,15,7.0,-5.34,0.76,1.08,Stable,Golden Cross,320,0.96,6.31,33.91,74.13,155.8,75.8,2.06,,,,,,,
BEL.NS,BEL.NS,N/A,N/A,,Unknown,405.75,-1.33,408.7,408.98,47.59,Bullish,Bullish,3.78,-0.47,-8.69,9.13,-12.85,0.877,1.2361,25.01,1.66,,,,,-17.84,9.13,47.33,48.18,Strong Bear,,128,5.0,3.94,-0.35,0.76,Falling,Death Cross,20,7.25,-2.64,-2.53,12.97,104.1,83.4,1.25,,,,,,,
BHARATCOAL.NS,BHARATCOAL.NS,N/A,N/A,,Unknown,33.92,1.74,35.13,36.75,45.12,Bullish,Bearish,-0.82,-18.7,1.34,,-43.84,0.7244,,43.03,2.63,,,,,-26.43,,,,Bear,,54,3.0,5.41,0.03,0.68,Falling,Death Cross,29,2.65,-20.87,7.5,,66.1,80.2,0.82,,,,,,,
BERGEPAINT.NS,BERGEPAINT.NS,N/A,N/A,,Unknown,488.05,-0.57,512.69,503.86,34.73,Bearish,Bearish,-7.88,0.3,12.08,-10.1,79.17,0.7052,1.1339,27.74,2.85,,,,,-31.45,-10.1,-5.09,-6.47,Bear,,204,6.0,-7.98,0.44,0.8,Falling,Golden Cross,50,-4.41,-1.87,18.23,-6.26,59.6,62.8,0.95,,,,,,,
BEML.NS,BEML.NS,N/A,N/A,,Unknown,2032.4,3.16,1857.66,1814.01,66.18,Bullish,Bullish,20.22,16.62,26.88,4.72,177.15,1.4831,1.7989,38.95,2.98,,,,,-38.65,4.72,28.83,30.07,Bull,,230,6.0,14.68,0.69,1.06,Stable,Golden Cross,11,23.69,14.44,33.04,8.56,137.2,118.7,1.16,,,,,,,
BHARTIHEXA.NS,BHARTIHEXA.NS,N/A,N/A,,Unknown,1531.1,1.28,1557.26,1569.92,44.24,Bearish,Bullish,-5.3,4.56,-1.84,-12.55,-4.85,0.5481,1.0987,27.89,2.96,,,,,-24.89,-12.55,,,Strong Bear,,220,5.0,-6.82,-0.07,1.1,Stable,Death Cross,131,-1.83,2.38,4.31,-8.7,39.0,55.9,0.7,,,,,,,
BHARTIARTL.NS,BHARTIARTL.NS,N/A,N/A,,Unknown,1862.8,-0.77,1903.53,1885.42,42.62,Bearish,Bearish,-5.45,4.9,-1.03,-0.76,19.7,0.6176,0.8016,20.07,2.01,,,,,-18.77,-0.76,30.18,27.65,Strong Bear,,203,7.0,-7.08,-0.05,1.28,Rising,Golden Cross,24,-1.98,2.72,5.12,3.09,71.8,69.0,1.04,,,,,,,
BIKAJI.NS,BIKAJI.NS,N/A,N/A,,Unknown,590.2,-1.35,626.81,658.26,33.99,Bearish,Bearish,-8.91,-9.71,-6.31,-25.17,114.46,0.4615,1.0044,22.03,2.42,,,,,-26.21,-25.17,6.7,,Strong Bear,,259,3.0,-5.67,-0.29,1.29,Rising,Death Cross,170,-5.43,-11.88,-0.15,-21.33,14.2,49.3,0.29,,,,,,,
BHARATFORG.NS,BHARATFORG.NS,N/A,N/A,,Unknown,2031.8,-0.99,2080.79,1838.93,43.08,Bearish,Bearish,-7.44,5.6,10.65,84.36,71.0,1.218,1.3597,29.48,2.65,,,,,-14.62,84.36,28.62,21.82,Strong Bull,,18,8.0,-9.31,0.36,1.32,Rising,Golden Cross,220,-3.96,3.43,16.8,88.2,160.8,72.5,2.22,,,,,,,
BLACKBUCK.NS,BLACKBUCK.NS,N/A,N/A,,Unknown,581.65,0.23,574.3,567.79,49.44,Bearish,Bullish,6.43,14.79,3.34,-8.17,5.3,1.119,-0.5668,39.13,3.37,,,,,-31.81,-8.17,,,Bull,,225,6.0,1.5,0.09,1.11,Stable,Golden Cross,8,9.9,12.62,9.49,-4.33,90.5,90.9,1.0,,,,,,,
BIOCON.NS,BIOCON.NS,N/A,N/A,,Unknown,401.0,-0.01,417.46,398.13,35.4,Bearish,Bearish,-4.98,-2.62,6.11,13.88,-51.36,0.6851,0.9418,25.4,2.11,,,,,-19.34,13.88,16.5,0.82,Bull,,34,5.0,-4.11,0.24,0.88,Stable,Golden Cross,80,-1.51,-4.8,12.27,17.72,80.5,58.6,1.37,,,,,,,
BIRET.NS,BIRET.NS,N/A,N/A,,Unknown,341.86,0.04,335.89,322.92,56.26,Bearish,Bullish,1.61,8.66,-4.22,15.12,18.81,0.1906,0.0849,16.34,0.99,,,,,-13.76,15.12,19.28,13.02,Bull,,132,8.0,-1.28,-0.26,1.01,Stable,Golden Cross,657,2.95,6.22,1.17,19.22,15.9,-2.1,-7.57,,,,,,,
BIRLACORPN.NS,BIRLACORPN.NS,N/A,N/A,,Unknown,867.4,-1.38,916.83,987.99,35.9,Bullish,Bearish,-3.87,-8.86,-0.64,-29.24,-73.29,1.2326,1.2864,32.37,2.25,,,,,-39.9,-29.24,-7.89,-9.33,Strong Bear,,246,2.0,-0.92,-0.02,0.49,Falling,Death Cross,230,-0.4,-11.03,5.52,-25.4,97.0,133.9,0.72,,,,,,,
BLS.NS,BLS.NS,N/A,N/A,,Unknown,235.22,-1.25,251.63,276.43,37.07,Bearish,Bearish,-5.13,-9.91,-8.49,-35.89,153.55,1.8038,1.1706,47.42,3.93,,,,,-39.63,-35.89,-0.99,41.89,Strong Bear,,250,4.0,-1.83,-0.18,1.31,Rising,Death Cross,318,-1.66,-12.09,-2.34,-32.05,140.4,176.8,0.79,,,,,,,
BLUEJET.NS,BLUEJET.NS,N/A,N/A,,Unknown,580.35,-1.02,570.27,537.24,47.36,Bearish,Bullish,-0.29,24.77,54.16,-10.8,-52.76,1.6698,1.6878,48.0,3.14,,,,,-55.92,-10.8,,,Bull,,258,6.0,-8.55,1.13,0.51,Falling,Golden Cross,33,3.18,22.59,60.32,-6.96,161.8,170.1,0.95,,,,,,,
BLUEDART.NS,BLUEDART.NS,N/A,N/A,,Unknown,5017.5,-1.71,5034.48,5280.31,48.08,Bearish,Bearish,-6.47,6.75,-8.22,-13.52,-67.48,0.9607,0.9803,29.97,2.39,,,,,-30.57,-13.52,-7.47,-1.49,Strong Bear,,219,6.0,-8.72,-0.27,0.9,Stable,Death Cross,434,-3.0,4.58,-2.07,-9.68,84.7,96.0,0.88,,,,,,,
BHEL.NS,BHEL.NS,N/A,N/A,,Unknown,427.5,0.22,410.63,348.61,54.9,Bullish,Bullish,3.77,10.84,73.0,102.09,-44.08,1.1362,2.1654,35.91,2.88,,,,,-20.11,102.09,61.67,49.04,Bull,,1,6.0,0.16,2.03,1.03,Stable,Golden Cross,220,7.25,8.66,79.16,105.93,158.7,54.6,2.91,,,,,,,
BLUESTARCO.NS,BLUESTARCO.NS,N/A,N/A,,Unknown,1445.3,-3.06,1571.84,1686.27,33.64,Bearish,Bearish,-14.23,-8.18,-21.22,-25.45,88.6,1.1419,0.7314,30.49,2.75,,,,,-27.98,-25.45,25.5,28.88,Strong Bear,,140,6.0,-11.5,-0.7,1.02,Stable,Death Cross,110,-10.75,-10.36,-15.07,-21.61,97.3,121.9,0.8,,,,,,,
BLUESTONE.NS,BLUESTONE.NS,N/A,N/A,,Unknown,813.4,0.02,740.46,603.79,54.7,Bearish,Bullish,-4.16,46.52,83.51,52.09,-68.93,0.3792,0.8617,52.26,4.81,,,,,-47.0,52.09,,,Bull,,15,6.0,-19.67,1.6,0.67,Falling,Golden Cross,41,-0.69,44.34,89.66,55.94,81.0,9.7,8.35,,,,,,,
BMWVENTLTD.NS,BMWVENTLTD.NS,N/A,N/A,,Unknown,55.23,-0.09,57.81,60.05,35.16,Bearish,Bearish,-3.38,-10.62,-3.05,,-3.97,0.838,2.3643,38.61,3.21,,,,,-32.69,,,,Strong Bear,,240,2.0,0.16,-0.08,0.7,Falling,Death Cross,238,0.09,-12.79,3.1,,49.3,75.5,0.65,,,,,,,
BORORENEW.NS,BORORENEW.NS,N/A,N/A,,Unknown,495.75,-0.28,552.94,542.05,24.03,Bearish,Bearish,-11.32,-5.45,14.02,-13.76,-56.02,1.519,0.7596,41.61,3.22,,,,,-46.09,-13.76,2.83,9.91,Bear,,210,4.0,-9.5,0.34,0.66,Falling,Golden Cross,53,-7.85,-7.62,20.17,-9.92,149.3,147.7,1.01,,,,,,,
BRIGHOTEL.NS,BRIGHOTEL.NS,N/A,N/A,,Unknown,58.42,0.17,60.79,65.46,37.47,Bearish,Bearish,-5.47,-6.29,-1.96,-30.68,24.17,0.8183,1.191,23.0,2.78,,,,,-36.11,-30.68,,,Strong Bear,,263,3.0,-3.37,-0.09,0.8,Falling,Death Cross,283,-2.0,-8.46,4.19,-26.84,47.8,88.7,0.54,,,,,,,
BOSCHLTD.NS,BOSCHLTD.NS,N/A,N/A,,Unknown,47250.0,-2.68,44146.33,38999.44,55.87,Bearish,Bullish,14.68,27.71,34.47,19.02,121.8,1.1597,1.0007,28.28,2.51,,,,,-30.73,19.02,39.04,27.08,Bull,,1,6.0,5.44,1.22,1.29,Rising,Golden Cross,83,18.16,25.54,40.62,22.86,113.4,77.8,1.46,,,,,,,
BRIGADE.NS,BRIGADE.NS,N/A,N/A,,Unknown,640.0,-0.79,587.7,591.25,61.18,Bullish,Bullish,10.69,31.45,30.55,-7.65,-14.34,1.3678,1.287,34.38,3.52,,,,,-39.05,-7.65,13.52,20.14,Bull,,216,5.0,0.21,0.89,0.79,Falling,Death Cross,286,14.16,29.28,36.7,-3.81,155.9,157.2,0.99,,,,,,,
BPCL.NS,BPCL.NS,N/A,N/A,,Unknown,319.6,0.61,314.42,316.0,54.0,Bullish,Bullish,-1.36,8.34,-10.33,6.58,-30.05,1.379,1.5965,29.09,2.31,,,,,-30.13,6.58,28.16,14.15,Bull,,146,8.0,-4.14,-0.36,0.68,Falling,Death Cross,106,2.11,6.16,-4.17,10.42,135.7,116.3,1.17,,,,,,,
BRITANNIA.NS,BRITANNIA.NS,N/A,N/A,,Unknown,5154.0,-0.64,5360.91,5458.01,34.93,Bearish,Bearish,-5.91,2.33,-11.03,-10.38,47.71,0.6719,0.9268,19.29,2.04,,,,,-19.63,-10.38,6.12,9.26,Strong Bear,,254,5.0,-6.69,-0.57,1.1,Stable,Death Cross,101,-2.44,0.16,-4.88,-6.53,52.4,55.0,0.95,,,,,,,
BSE.NS,BSE.NS,N/A,N/A,,Unknown,3168.0,-2.28,3512.78,3284.26,33.34,Bearish,Bearish,-12.44,-18.14,20.92,45.68,85.46,1.3569,1.249,37.28,3.33,,,,,-27.86,45.68,121.88,88.94,Bear,,70,5.0,-6.39,0.56,1.09,Stable,Golden Cross,831,-8.97,-20.31,27.07,49.52,178.2,118.8,1.5,,,,,,,
CAMPUS.NS,CAMPUS.NS,N/A,N/A,,Unknown,220.87,-1.36,225.83,240.99,44.9,Bullish,Bearish,-1.3,-8.52,-9.45,-16.1,-77.72,0.6785,1.0047,26.57,2.39,,,,,-24.19,-16.1,-8.95,,Strong Bear,,231,5.0,1.54,-0.36,0.89,Stable,Death Cross,191,2.17,-10.7,-3.3,-12.26,36.2,53.4,0.68,,,,,,,
CAMS.NS,CAMS.NS,N/A,N/A,,Unknown,741.85,-1.35,767.38,754.17,41.65,Bearish,Bearish,-8.05,-1.7,18.76,-1.74,5.86,1.2589,0.9152,28.93,2.62,,,,,-23.44,-1.74,16.66,2.93,Bear,,83,5.0,-7.48,0.65,0.87,Stable,Golden Cross,78,-4.58,-3.87,24.91,2.1,125.7,116.7,1.08,,,,,,,
BSOFT.NS,BSOFT.NS,N/A,N/A,,Unknown,294.4,-0.47,304.25,342.6,44.83,Bearish,Bearish,-8.91,-8.86,-22.1,-19.83,-56.7,1.1405,1.1686,37.95,3.53,,,,,-41.53,-19.83,-11.69,-4.32,Strong Bear,,145,6.0,-5.96,-0.58,0.77,Falling,Death Cross,139,-5.44,-11.04,-15.95,-15.99,96.7,113.4,0.85,,,,,,,
CAPILLARY.NS,CAPILLARY.NS,N/A,N/A,,Unknown,484.0,-1.59,511.98,542.61,38.12,Bearish,Bullish,-9.52,-4.46,-5.22,,-0.07,0.5299,1.0418,46.53,4.18,,,,,-35.67,,,,Strong Bear,,200,3.0,-8.03,-0.11,0.72,Falling,Death Cross,141,-6.05,-6.64,0.93,,43.8,60.2,0.73,,,,,,,
CANHLIFE.NS,CANHLIFE.NS,N/A,N/A,,Unknown,152.81,-0.89,148.77,139.97,53.2,Bearish,Bearish,3.07,11.42,6.94,,-74.52,0.4688,0.2802,30.55,3.5,,,,,-12.53,,,,Bull,,4,6.0,-0.74,0.23,0.77,Falling,Golden Cross,223,6.54,9.25,13.09,,73.1,15.7,4.66,,,,,,,
CANFINHOME.NS,CANFINHOME.NS,N/A,N/A,,Unknown,795.3,0.24,829.74,838.33,39.18,Bearish,Bearish,-1.79,-0.66,-1.2,12.34,-25.34,0.8859,1.7557,26.79,2.43,,,,,-16.64,12.34,4.0,8.7,Strong Bear,,146,6.0,-1.57,-0.04,0.79,Falling,Death Cross,10,1.68,-2.83,4.96,16.18,94.0,78.3,1.2,,,,,,,
CAPLIPOINT.NS,CAPLIPOINT.NS,N/A,N/A,,Unknown,2720.5,0.34,2497.89,2178.21,64.18,Bullish,Bullish,5.78,33.81,62.94,30.07,88.25,0.9271,1.0729,32.87,3.39,,,,,-35.77,30.07,38.6,25.38,Bull,,0,6.0,-5.49,1.91,1.08,Stable,Golden Cross,64,9.25,31.64,69.1,33.91,113.4,71.1,1.59,,,,,,,
CANBK.NS,CANBK.NS,N/A,N/A,,Unknown,126.3,0.56,128.44,128.74,43.41,Bearish,Bullish,-1.33,-3.93,-11.21,24.09,-41.68,1.3938,1.7465,28.71,2.04,,,,,-22.32,24.09,28.18,36.55,Strong Bear,,135,6.0,-0.02,-0.39,0.78,Falling,Death Cross,35,2.14,-6.11,-5.05,27.93,143.5,108.2,1.33,,,,,,,
CARTRADE.NS,CARTRADE.NS,N/A,N/A,,Unknown,2932.3,-1.27,2771.84,2392.24,52.56,Bearish,Bullish,4.52,49.73,67.97,17.29,-59.23,1.2655,0.4394,55.27,3.91,,,,,-50.32,17.29,78.15,,Bull,,206,6.0,-12.06,1.23,0.7,Falling,Golden Cross,49,7.99,47.56,74.13,21.13,103.3,52.3,1.98,,,,,,,
CARBORUNIV.NS,CARBORUNIV.NS,N/A,N/A,,Unknown,1071.5,-2.64,1096.45,1009.03,43.0,Bearish,Bullish,-0.65,3.29,34.4,18.04,74.65,0.8917,1.0011,32.9,3.88,,,,,-25.14,18.04,0.03,9.05,Bull,,53,5.0,-1.75,1.05,1.06,Stable,Golden Cross,80,2.82,1.12,40.55,21.89,115.1,84.1,1.37,,,,,,,
CASTROLIND.NS,CASTROLIND.NS,N/A,N/A,,Unknown,186.08,0.03,183.11,180.79,55.5,Bearish,Bullish,2.8,4.78,6.84,-0.75,150.33,0.3145,0.9419,12.67,1.15,,,,,-12.92,-0.75,13.43,11.95,Bull,,250,7.0,1.21,0.54,1.07,Stable,Golden Cross,15,6.27,2.61,12.99,3.09,32.5,36.1,0.9,,,,,,,
CCAVENUE.NS,CCAVENUE.NS,N/A,N/A,,Unknown,15.5,1.24,15.79,16.14,47.12,Bullish,Bearish,-8.61,10.64,-1.9,-0.45,-41.64,1.2809,1.031,37.59,3.48,,,,,-34.64,-0.45,3.46,-6.05,Strong Bear,,205,6.0,-12.16,-0.05,0.7,Falling,Death Cross,480,-5.14,8.46,4.25,3.39,143.5,131.6,1.09,,,,,,,
CELLO.NS,CELLO.NS,N/A,N/A,,Unknown,347.6,-0.52,364.07,431.12,41.54,Bearish,Bullish,0.8,-8.63,-17.53,-34.86,805.47,0.8149,1.0062,33.94,2.97,,,,,-48.49,-34.86,,,Strong Bear,,220,4.0,3.68,-0.52,0.78,Falling,Death Cross,475,4.27,-10.8,-11.38,-31.02,55.4,100.9,0.55,,,,,,,
CDSL.NS,CDSL.NS,N/A,N/A,,Unknown,1365.2,-1.85,1348.91,1344.62,49.32,Bullish,Bullish,1.88,13.15,13.91,-6.72,-34.0,1.7,1.4399,30.72,2.26,,,,,-32.37,-6.72,34.06,16.02,Bull,,210,6.0,-2.5,0.45,0.75,Falling,Golden Cross,3,5.35,10.98,20.07,-2.88,170.2,170.9,1.0,,,,,,,
CEATLTD.NS,CEATLTD.NS,N/A,N/A,,Unknown,3347.8,-1.54,3530.23,3503.0,34.05,Bearish,Bearish,-7.29,5.97,3.06,5.58,-69.34,1.4292,1.7606,38.07,2.54,,,,,-27.81,5.58,15.23,21.02,Bear,,224,3.0,-9.28,0.08,0.59,Falling,Golden Cross,19,-3.82,3.79,9.21,9.42,150.5,127.6,1.18,,,,,,,
CCL.NS,CCL.NS,N/A,N/A,,Unknown,1086.1,-1.27,1129.84,1061.59,40.63,Bearish,Bearish,-2.93,0.93,7.93,20.68,-25.61,0.4099,0.5941,31.92,2.69,,,,,-14.8,20.68,22.48,21.94,Strong Bull,,36,8.0,-3.24,0.25,1.02,Stable,Golden Cross,335,0.54,-1.24,14.08,24.52,48.3,11.4,4.24,,,,,,,
CENTURYPLY.NS,CENTURYPLY.NS,N/A,N/A,,Unknown,748.45,-0.93,764.94,763.59,43.4,Bearish,Bullish,-2.74,-2.23,7.34,0.4,-41.48,0.8375,1.0491,26.52,2.66,,,,,-23.49,0.4,6.98,11.81,Bear,,188,4.0,-2.0,0.28,1.01,Stable,Golden Cross,38,0.74,-4.41,13.49,4.24,86.4,75.9,1.14,,,,,,,
CENTRALBK.NS,CENTRALBK.NS,N/A,N/A,,Unknown,30.37,0.2,31.43,33.98,37.92,Bearish,Bearish,-2.75,-0.03,-16.73,-11.0,-39.54,1.2344,1.171,28.05,1.63,,,,,-25.56,-11.0,-1.87,6.59,Strong Bear,,134,6.0,-2.74,-0.6,0.4,Falling,Death Cross,470,0.72,-2.21,-10.58,-7.16,104.2,111.5,0.93,,,,,,,
CEMPRO.NS,CEMPRO.NS,N/A,N/A,,Unknown,1235.8,-0.67,1283.58,1016.56,40.91,Bearish,Bearish,-7.07,11.34,124.25,79.95,-48.7,1.5031,2.025,52.92,4.15,,,,,-40.92,79.95,82.46,71.02,Bull,,30,6.0,-10.85,2.35,0.92,Stable,Golden Cross,83,-3.6,9.16,130.4,83.79,201.4,112.1,1.8,,,,,,,
CERA.NS,CERA.NS,N/A,N/A,,Unknown,5662.5,-0.96,5921.07,5751.54,36.75,Bearish,Bearish,-10.13,3.91,19.74,-9.24,21.06,0.8244,0.8334,27.8,2.66,,,,,-29.14,-9.24,-11.59,5.28,Bear,,51,4.0,-11.43,0.71,0.84,Falling,Golden Cross,55,-6.66,1.73,25.89,-5.4,51.9,60.3,0.86,,,,,,,
CESC.NS,CESC.NS,N/A,N/A,,Unknown,146.44,0.89,157.52,159.42,30.51,Bearish,Bearish,-7.83,-14.97,-0.31,0.59,64.16,0.7876,1.4679,27.87,2.34,,,,,-24.25,0.59,28.68,18.43,Strong Bear,,86,4.0,-2.84,-0.01,1.04,Stable,Death Cross,5,-4.36,-17.15,5.85,4.44,87.8,84.5,1.04,,,,,,,
CGCL.NS,CGCL.NS,N/A,N/A,,Unknown,256.6,2.27,233.49,207.28,61.4,Bullish,Bullish,12.21,26.55,68.85,35.94,19.43,0.9841,0.3671,33.73,4.33,,,,,-27.31,35.94,-30.38,-13.17,Strong Bull,,34,8.0,3.36,2.04,1.11,Stable,Golden Cross,75,15.68,24.37,75.0,39.78,141.3,88.2,1.6,,,,,,,
CGPOWER.NS,CGPOWER.NS,N/A,N/A,,Unknown,877.75,-0.88,884.87,811.42,48.12,Bullish,Bullish,-0.26,-6.41,28.16,22.66,-53.97,1.0164,1.1087,33.82,2.63,,,,,-33.02,22.66,30.07,60.65,Bull,,45,5.0,1.88,0.83,0.8,Falling,Golden Cross,125,3.21,-8.58,34.31,26.5,109.2,63.0,1.73,,,,,,,
CHALET.NS,CHALET.NS,N/A,N/A,,Unknown,897.95,0.05,845.86,832.86,63.79,Bullish,Bullish,8.76,15.5,18.62,-11.84,112.34,1.1206,0.6326,28.2,3.03,,,,,-33.96,-11.84,22.89,38.78,Bull,,250,5.0,3.59,0.66,0.89,Stable,Golden Cross,5,12.23,13.33,24.77,-8.0,108.1,116.0,0.93,,,,,,,
CHOICEIN.NS,CHOICEIN.NS,N/A,N/A,,Unknown,763.4,-1.46,784.34,743.03,34.2,Bearish,Bearish,-7.44,15.03,7.63,-4.1,-65.13,1.4349,0.843,31.52,1.97,,,,,-31.32,-4.1,62.19,,Bull,,173,6.0,-12.45,0.24,0.58,Falling,Golden Cross,40,-3.97,12.86,13.79,-0.25,126.5,121.2,1.04,,,,,,,
CHAMBLFERT.NS,CHAMBLFERT.NS,N/A,N/A,,Unknown,411.45,-0.21,438.63,453.48,27.23,Bearish,Bearish,-8.27,-10.84,-3.31,-22.64,25.38,0.9692,1.3888,26.49,2.08,,,,,-26.86,-22.64,20.38,7.88,Strong Bear,,260,6.0,-4.66,-0.12,0.61,Falling,Death Cross,240,-4.8,-13.02,2.85,-18.8,77.1,104.8,0.74,,,,,,,
CHENNPETRO.NS,CHENNPETRO.NS,N/A,N/A,,Unknown,1414.0,1.95,1259.22,1038.53,61.28,Bearish,Bullish,11.31,24.91,48.75,116.48,12.64,0.2817,0.9723,50.04,4.23,,,,,-28.62,116.48,62.24,71.5,Strong Bull,,10,9.0,3.01,0.97,1.19,Rising,Golden Cross,301,14.78,22.73,54.9,120.33,62.9,-61.2,-1.03,,,,,,,
CHOLAHLDNG.NS,CHOLAHLDNG.NS,N/A,N/A,,Unknown,1489.0,0.95,1562.48,1634.38,37.73,Bearish,Bearish,-3.6,2.84,-7.97,-15.13,-24.71,1.4042,1.2689,36.8,3.2,,,,,-33.11,-15.13,16.96,17.7,Strong Bear,,248,5.0,-4.55,-0.22,0.85,Stable,Death Cross,158,-0.13,0.67,-1.81,-11.29,122.5,135.6,0.9,,,,,,,
CHOLAFIN.NS,CHOLAFIN.NS,N/A,N/A,,Unknown,1825.9,0.62,1811.66,1684.74,45.81,Bearish,Bullish,-2.62,21.52,10.46,25.74,-33.87,1.6833,1.3899,32.81,2.53,,,,,-24.91,25.74,20.89,28.96,Bull,,19,7.0,-9.79,0.32,0.77,Falling,Golden Cross,50,0.85,19.34,16.62,29.58,186.9,146.8,1.27,,,,,,,
CLEAN.NS,CLEAN.NS,N/A,N/A,,Unknown,863.15,4.36,797.15,846.68,66.92,Bullish,Bullish,11.44,9.0,16.34,-26.84,11.56,1.0915,1.1827,31.84,2.81,,,,,-44.97,-26.84,-14.71,-12.11,Bull,,250,3.0,8.44,0.51,0.91,Stable,Death Cross,284,14.91,6.83,22.49,-22.99,62.9,92.0,0.68,,,,,,,
CIEINDIA.NS,CIEINDIA.NS,N/A,N/A,,Unknown,385.0,-1.5,421.22,436.19,25.37,Bearish,Bearish,-6.23,-14.83,-16.38,0.5,-25.54,1.0844,0.6055,30.93,2.25,,,,,-21.46,0.5,-5.01,8.66,Strong Bear,,135,5.0,-1.29,-0.53,0.31,Falling,Death Cross,16,-2.76,-17.01,-10.23,4.34,120.7,111.8,1.08,,,,,,,
CLEANMAX.NS,CLEANMAX.NS,N/A,N/A,,Unknown,1257.6,0.65,1271.22,1114.39,47.99,Bullish,Bearish,-5.21,3.34,44.97,,34.2,0.3852,,53.18,4.64,,,,,-20.86,,,,Bull,,51,3.0,-6.32,0.85,0.77,Falling,Golden Cross,98,-1.74,1.16,,,62.6,-35.3,-1.77,,,,,,,
CIPLA.NS,CIPLA.NS,N/A,N/A,,Unknown,1412.8,-0.72,1426.69,1405.73,43.4,Bearish,Bullish,-3.23,0.82,8.59,-10.15,-45.0,0.6275,0.6745,20.92,1.6,,,,,-28.32,-10.15,5.56,9.79,Bull,,225,7.0,-3.5,0.41,0.76,Falling,Golden Cross,40,0.24,-1.35,14.75,-6.31,71.0,80.0,0.89,,,,,,,
CMPDI.NS,CMPDI.NS,N/A,N/A,,Unknown,222.97,0.13,238.53,206.38,33.92,Bearish,Bearish,-9.36,-5.24,,,-56.62,0.6673,,47.56,3.83,,,,,-19.08,,,,Bear,,43,3.0,-7.61,,0.6,Falling,Golden Cross,110,-5.89,-7.41,,,105.7,-19.6,-5.39,,,,,,,
CMRGREEN.NS,CMRGREEN.NS,N/A,N/A,,Unknown,224.71,-2.74,225.07,234.8,53.02,Bullish,Bullish,-1.7,,,,-19.63,0.5855,,36.04,3.68,,,,,-18.13,,,,Bear,,50,,,,0.81,Falling,Death Cross,36,1.77,,,,,,,,,,,,,
CMSINFO.NS,CMSINFO.NS,N/A,N/A,,Unknown,249.3,0.66,265.38,307.29,43.48,Bullish,Bearish,-10.77,-18.48,-17.15,-39.6,55.7,0.6374,1.1524,27.95,3.34,,,,,-43.25,-39.6,-9.92,,Strong Bear,,255,3.0,-4.61,-0.61,1.11,Stable,Death Cross,270,-7.3,-20.65,-11.0,-35.75,30.8,98.1,0.31,,,,,,,
COCHINSHIP.NS,COCHINSHIP.NS,N/A,N/A,,Unknown,1463.0,-0.87,1476.43,1523.66,45.27,Bearish,Bullish,2.31,1.66,4.65,-12.07,-29.2,1.3515,2.0809,36.97,2.38,,,,,-37.79,-12.07,63.5,54.12,Bear,,244,4.0,1.76,0.13,0.95,Stable,Death Cross,189,5.78,-0.51,10.8,-8.23,131.7,134.3,0.98,,,,,,,
CORONA.NS,CORONA Remedies Limited,Healthcare,Drug Manufacturers - General,,Unknown,2054.2,1.03,2033.31,1768.61,45.47,Bearish,Bullish,-4.88,19.74,30.72,,-35.62,0.6135,,32.0,2.73,2270.1,1336.6,-9.51,53.69,-10.03,,,,Strong Bull,Recovering,9,6.0,-11.46,0.96,0.75,Falling,Golden Cross,150,-1.41,17.56,36.88,,99.1,24.6,4.03,"CORONA Remedies Limited, a pharmaceutical formulation company, develops, manufactures, and markets pharmaceutical products. It provides products in women's healthcare, cardio-diabeto, pain management, urology, thyroid management, respiratory, nutraceuticals, gastroenterology, and other therapeutic areas. The company was incorporated in 2004 and is based in Ahmedabad, India.",none,,2304.6667,2479.0,2175.0,3.0
EMBDL.NS,Embassy Developments Limited,Real Estate,Real Estate - Diversified,,Unknown,59.18,-0.75,62.05,66.95,37.67,Bearish,Bearish,-3.17,1.01,3.07,-37.24,36.29,1.098,0.998,52.67,3.77,105.7,39.46,-44.01,49.97,-62.13,-37.24,-3.03,-17.54,Bear,Damaged,249,6.0,-3.51,0.06,0.94,Stable,Death Cross,379,0.3,-1.17,9.22,-33.39,78.1,123.7,0.63,"Embassy Developments Limited operates as a real estate company in India. The company engages in developing real estate, specializing in the construction and development of residential, commercial, and special economic zone (SEZ) projects. The company was formerly known as Equinox India Developments Limited and changed its name to Embassy Developments Limited in February 2025. Embassy Developments Limited was incorporated in 2006 and is based in Mumbai, India.",none,,,,,
HAL.NS,HAL.NS,N/A,N/A,,Unknown,4780.0,-0.57,4711.51,4460.09,46.29,Bearish,Bullish,3.34,13.58,23.55,9.03,68.15,0.9685,1.6147,27.05,2.04,,,,,-28.48,9.03,36.65,56.67,Bull,,10,5.0,-1.19,0.87,1.15,Stable,Golden Cross,50,6.81,11.41,29.7,12.87,105.8,85.9,1.23,,,,,,,
HAPPSTMNDS.NS,HAPPSTMNDS.NS,N/A,N/A,,Unknown,354.85,-2.16,391.97,414.35,34.63,Bearish,Bearish,-8.57,-1.83,4.91,-36.38,88.65,1.2471,0.792,39.82,5.93,,,,,-41.7,-36.38,-25.73,-23.0,Bear,,248,4.0,-7.96,0.12,1.34,Rising,Death Cross,680,-5.1,-4.0,11.07,-32.54,113.8,163.7,0.7,,,,,,,
GVT&D.NS,GVT&D.NS,N/A,N/A,,Unknown,4240.0,-1.94,4385.39,3978.43,46.28,Bullish,Bearish,-1.91,-16.11,15.42,51.99,9.79,1.022,1.5796,43.49,3.82,,,,,-26.81,51.99,134.57,98.1,Bull,,53,7.0,3.46,0.35,0.7,Falling,Golden Cross,339,1.56,-18.29,21.57,55.84,139.6,65.0,2.15,,,,,,,
HATHWAY.NS,HATHWAY.NS,N/A,N/A,,Unknown,10.34,-1.52,10.77,11.51,35.56,Bearish,Bearish,-5.31,-6.68,2.17,-28.64,-1.48,1.3307,1.3803,31.01,2.35,,,,,-41.18,-28.64,-14.25,-17.59,Bear,,248,3.0,-3.08,0.07,0.47,Falling,Death Cross,496,-1.84,-8.85,8.33,-24.8,100.1,135.2,0.74,,,,,,,
HAVELLS.NS,HAVELLS.NS,N/A,N/A,,Unknown,1193.0,-2.44,1240.79,1294.35,33.24,Bearish,Bearish,-7.88,3.69,-9.08,-23.6,-47.24,1.0416,0.9264,22.89,2.48,,,,,-29.52,-23.6,-1.56,0.01,Strong Bear,,250,3.0,-9.11,-0.4,0.86,Stable,Death Cross,430,-4.41,1.52,-2.93,-19.76,84.3,110.9,0.76,,,,,,,
HBLENGINE.NS,HBLENGINE.NS,N/A,N/A,,Unknown,660.2,0.15,715.85,747.05,37.05,Bearish,Bearish,-9.46,-16.95,2.2,-21.02,6.36,1.422,1.17,43.49,3.01,,,,,-43.9,-21.02,42.01,67.21,Bear,,211,5.0,-3.81,0.05,1.08,Stable,Death Cross,24,-5.99,-19.12,8.35,-17.18,109.7,113.6,0.97,,,,,,,
HCG.NS,HCG.NS,N/A,N/A,,Unknown,699.3,-0.72,684.3,639.63,49.21,Bearish,Bullish,4.02,9.96,26.34,4.2,-23.68,0.7331,0.2826,30.96,3.82,,,,,-32.79,4.2,28.24,22.38,Bull,,220,5.0,0.7,0.85,1.27,Rising,Golden Cross,65,7.49,7.79,32.49,8.04,54.5,42.3,1.29,,,,,,,
HDBFS.NS,HDBFS.NS,N/A,N/A,,Unknown,675.2,-0.01,691.58,704.95,41.15,Bearish,Bearish,-0.49,5.48,-0.27,-12.92,17.28,1.0619,1.6199,25.29,2.13,,,,,-29.2,-12.92,,,Strong Bear,,250,4.0,-2.32,-0.01,0.72,Falling,Death Cross,294,2.98,3.31,5.89,-9.08,85.8,99.1,0.87,,,,,,,
HCC.NS,HCC.NS,N/A,N/A,,Unknown,23.08,-1.2,22.34,22.53,55.17,Bullish,Bullish,5.68,-3.91,42.12,-9.56,88.45,1.9208,1.7261,51.56,4.32,,,,,-53.39,-9.56,-3.65,16.08,Bull,,245,6.0,6.98,0.82,1.14,Stable,Death Cross,18,9.15,-6.09,48.27,-5.72,173.9,167.9,1.04,,,,,,,
HCLTECH.NS,HCLTECH.NS,N/A,N/A,,Unknown,1331.5,-1.47,1280.13,1320.28,54.85,Bearish,Bullish,-2.8,16.49,0.5,-5.22,-51.4,0.7909,0.7017,28.25,2.46,,,,,-39.06,-5.22,8.57,9.52,Bull,,155,5.0,-8.3,0.02,0.78,Falling,Death Cross,134,0.67,14.31,6.66,-1.37,92.8,93.4,0.99,,,,,,,
HDFCAMC.NS,HDFCAMC.NS,N/A,N/A,,Unknown,2525.7,-0.75,2589.7,2571.85,44.29,Bearish,Bullish,-1.19,1.19,1.32,-7.48,-12.28,1.5311,1.3521,31.26,2.56,,,,,-24.66,-7.48,28.97,14.09,Bear,,245,4.0,-1.59,0.04,0.83,Falling,Golden Cross,94,2.29,-0.98,7.48,-3.64,145.0,149.3,0.97,,,,,,,
HDFCBANK.NS,HDFCBANK.NS,N/A,N/A,,Unknown,700.8,-1.56,744.73,809.09,30.98,Bearish,Bearish,-5.55,-4.64,-17.99,-25.06,-2.81,1.2655,0.9297,20.81,1.78,,,,,-29.43,-25.06,-3.14,0.86,Strong Bear,,199,4.0,-4.0,-0.86,0.61,Falling,Death Cross,144,-2.08,-6.81,-11.84,-21.22,109.7,143.5,0.76,,,,,,,
HDFCLIFE.NS,HDFCLIFE.NS,N/A,N/A,,Unknown,533.0,-1.35,555.09,618.9,39.24,Bullish,Bearish,-0.55,-7.02,-21.87,-31.58,-33.72,0.9053,0.9866,22.06,1.79,,,,,-32.1,-31.58,-5.25,-4.28,Strong Bear,,246,2.0,1.79,-0.99,0.68,Falling,Death Cross,145,2.92,-9.2,-15.71,-27.74,61.2,105.2,0.58,,,,,,,
HEMIPROP.NS,HEMIPROP.NS,N/A,N/A,,Unknown,126.61,-0.42,134.11,137.38,32.36,Bearish,Bearish,-8.83,-10.25,-8.11,-8.57,-8.58,1.2659,0.923,44.58,2.22,,,,,-39.28,-8.57,5.34,-2.47,Strong Bear,,238,4.0,-5.41,-0.18,0.7,Falling,Death Cross,40,-5.36,-12.42,-1.95,-4.73,124.4,116.1,1.07,,,,,,,
HEG.NS,HEG.NS,N/A,N/A,,Unknown,706.4,-3.22,656.2,583.39,55.64,Bearish,Bullish,4.04,31.69,30.78,48.48,-43.23,1.0436,1.9311,40.36,3.54,,,,,-25.14,48.48,28.78,10.09,Bull,,10,6.0,-6.52,0.76,1.01,Stable,Golden Cross,365,7.51,29.51,36.93,52.32,125.9,61.9,2.03,,,,,,,
HERITGFOOD.NS,HERITGFOOD.NS,N/A,N/A,,Unknown,378.75,7.08,352.22,366.04,59.93,Bearish,Bullish,12.87,19.2,24.26,-18.81,68.23,1.2074,1.9467,34.35,3.43,,,,,-44.9,-18.81,15.82,8.83,Bull,,245,6.0,6.47,0.71,1.42,Rising,Death Cross,164,16.35,17.02,30.42,-14.96,116.7,131.1,0.89,,,,,,,
HEXAGON.NS,HEXAGON.NS,N/A,N/A,,Unknown,66.14,-0.08,64.98,57.23,47.66,Bearish,Bullish,-1.0,,,,-81.36,1.1937,,67.92,4.42,,,,,-18.51,,,,Bull,,36,,,,0.48,Falling,Golden Cross,56,2.47,,,,,,,,,,,,,
HEXT.NS,HEXT.NS,N/A,N/A,,Unknown,543.6,-1.36,548.66,568.77,44.46,Bearish,Bullish,-2.05,3.35,21.54,-26.32,-75.8,0.852,0.7529,39.51,3.52,,,,,-48.65,-26.32,,,Bear,,183,7.0,-3.17,0.55,0.74,Falling,Death Cross,253,1.43,1.17,27.7,-22.47,60.4,98.0,0.62,,,,,,,
HEROMOTOCO.NS,HEROMOTOCO.NS,N/A,N/A,,Unknown,5300.0,-4.59,5375.76,5163.59,39.55,Bearish,Bearish,-4.47,11.23,-2.22,4.55,-2.01,1.1885,1.0282,25.84,2.68,,,,,-23.34,4.55,24.95,17.48,Bear,,193,6.0,-8.21,-0.09,1.15,Stable,Golden Cross,19,-1.0,9.06,3.93,8.4,119.3,99.4,1.2,,,,,,,
HILINFRA.NS,HILINFRA.NS,N/A,N/A,,Unknown,43.56,-1.43,45.84,56.37,37.7,Bearish,Bullish,-4.75,-7.87,-15.73,-54.19,59.36,1.2946,2.0851,35.83,3.54,,,,,-57.18,-54.19,,,Strong Bear,,261,2.0,-2.13,-0.44,1.11,Stable,Death Cross,271,-1.27,-10.04,-9.57,-50.35,63.1,153.0,0.41,,,,,,,
HGINFRA.NS,HGINFRA.NS,N/A,N/A,,Unknown,471.8,-2.09,532.08,638.87,21.45,Bearish,Bearish,-13.51,-13.69,-6.16,-52.27,451.52,1.4873,1.3787,36.94,2.74,,,,,-58.25,-52.27,-20.58,-2.77,Strong Bear,,250,1.0,-8.95,-0.17,1.07,Stable,Death Cross,410,-10.04,-15.87,-0.0,-48.43,90.3,173.7,0.52,,,,,,,
HFCL.NS,HFCL.NS,N/A,N/A,,Unknown,226.27,-4.38,213.24,150.91,50.5,Bearish,Bullish,11.58,20.85,240.26,217.67,-26.94,1.4046,1.8196,49.18,4.59,,,,,-22.16,217.67,49.6,26.11,Bull,,3,6.0,4.63,4.89,0.9,Stable,Golden Cross,95,15.05,18.68,246.41,221.51,243.8,72.6,3.36,,,,,,,
HINDALCO.NS,HINDALCO.NS,N/A,N/A,,Unknown,1009.7,-0.46,1014.37,950.19,46.16,Bearish,Bullish,-1.01,-7.11,10.11,41.05,-11.81,0.747,1.2508,28.06,2.37,,,,,-18.27,41.05,31.64,18.57,Bull,,70,7.0,1.36,0.36,1.12,Stable,Golden Cross,339,2.46,-9.28,16.26,44.89,100.5,45.6,2.2,,,,,,,
HINDCOPPER.NS,HINDCOPPER.NS,N/A,N/A,,Unknown,520.95,-1.08,525.75,488.23,46.23,Bearish,Bullish,5.81,-1.03,-4.73,125.27,480.31,1.5119,2.0162,55.9,4.11,,,,,-40.81,125.27,51.42,29.07,Bear,,154,6.0,6.15,-0.08,1.35,Rising,Golden Cross,250,9.28,-3.2,1.43,129.11,197.7,65.7,3.01,,,,,,,
HINDPETRO.NS,HINDPETRO.NS,N/A,N/A,,Unknown,359.0,-1.13,370.81,378.25,38.58,Bearish,Bearish,-3.58,-1.96,-5.97,-0.99,-22.01,1.586,1.9157,34.58,2.08,,,,,-36.05,-0.99,33.14,19.04,Strong Bear,,175,6.0,-2.93,-0.17,0.5,Falling,Death Cross,120,-0.11,-4.14,0.19,2.85,150.0,138.5,1.08,,,,,,,
HINDUNILVR.NS,HINDUNILVR.NS,N/A,N/A,,Unknown,1975.0,-0.99,2081.44,2196.83,35.45,Bearish,Bearish,-5.8,-5.96,-11.77,-24.11,-47.73,0.7376,0.8041,21.37,1.63,,,,,-25.18,-24.11,-6.2,-2.03,Strong Bear,,260,4.0,-3.81,-0.55,0.57,Falling,Death Cross,188,-2.32,-8.13,-5.62,-20.26,62.1,91.1,0.68,,,,,,,
HONASA.NS,HONASA.NS,N/A,N/A,,Unknown,469.95,-0.75,456.12,379.5,50.01,Bearish,Bullish,2.93,13.64,64.25,61.42,136.93,0.687,0.7707,30.93,3.42,,,,,-16.26,61.42,,,Bull,,13,7.0,-1.62,2.08,1.21,Rising,Golden Cross,111,6.4,11.47,70.4,65.26,91.6,22.2,4.13,,,,,,,
HOMEFIRST.NS,HOMEFIRST.NS,N/A,N/A,,Unknown,1196.7,1.18,1179.6,1148.95,53.3,Bullish,Bullish,2.31,10.92,9.62,-1.34,-47.24,1.2417,1.0159,36.34,2.53,,,,,-30.55,-1.34,12.82,15.38,Bull,,253,5.0,-1.33,0.26,0.49,Falling,Golden Cross,41,5.78,8.74,15.77,2.5,136.9,135.2,1.01,,,,,,,
HINDZINC.NS,HINDZINC.NS,N/A,N/A,,Unknown,588.4,-1.44,573.52,556.44,52.24,Bearish,Bullish,4.53,3.81,1.34,37.45,131.53,1.052,0.9983,38.24,3.19,,,,,-32.94,37.45,27.58,22.89,Bull,,155,7.0,3.26,0.04,1.2,Rising,Golden Cross,240,8.0,1.64,7.49,41.29,118.3,62.0,1.91,,,,,,,
ICICIAMC.NS,ICICIAMC.NS,N/A,N/A,,Unknown,2973.3,-2.13,3155.86,3039.64,37.99,Bearish,Bearish,-2.95,-8.13,-0.26,,42.41,1.0971,,33.93,2.86,,,,,-15.65,,,,Strong Bear,,68,4.0,-0.24,-0.01,1.2,Rising,Golden Cross,181,0.52,-10.3,5.89,,122.8,78.3,1.57,,,,,,,
HYUNDAI.NS,HYUNDAI.NS,N/A,N/A,,Unknown,2154.4,-1.17,2105.03,2046.73,48.02,Bearish,Bullish,-2.03,13.66,4.65,-11.43,-30.38,0.7625,0.7929,27.53,2.6,,,,,-39.79,-11.43,,,Bull,,248,4.0,-6.58,0.17,0.68,Falling,Golden Cross,14,1.44,11.48,10.8,-7.59,66.7,75.4,0.88,,,,,,,
HUDCO.NS,HUDCO.NS,N/A,N/A,,Unknown,178.35,-0.13,193.17,199.61,27.28,Bearish,Bearish,-11.62,-12.15,3.44,-12.5,-29.43,1.3642,2.3835,31.76,2.74,,,,,-33.45,-12.5,43.42,38.5,Bear,,205,4.0,-7.57,0.11,0.66,Falling,Death Cross,29,-8.15,-14.32,9.59,-8.65,135.8,141.4,0.96,,,,,,,
HONAUT.NS,HONAUT.NS,N/A,N/A,,Unknown,35170.0,-1.15,36852.19,35271.6,31.89,Bearish,Bearish,-7.91,1.64,16.32,-9.6,-58.53,0.7546,1.1725,30.18,2.48,,,,,-32.05,-9.6,-5.87,-3.55,Bear,,25,5.0,-8.46,0.54,0.62,Falling,Golden Cross,50,-4.44,-0.53,22.48,-5.76,53.3,55.3,0.96,,,,,,,
HSCL.NS,HSCL.NS,N/A,N/A,,Unknown,659.6,-3.12,701.61,599.79,37.85,Bearish,Bearish,-12.25,-3.72,49.33,45.92,-21.6,0.8933,2.1197,35.11,4.48,,,,,-18.29,45.92,58.02,67.36,Bull,,30,7.0,-11.01,1.41,1.03,Stable,Golden Cross,95,-8.78,-5.89,55.49,49.76,115.0,56.7,2.03,,,,,,,
ICICIGI.NS,ICICIGI.NS,N/A,N/A,,Unknown,1537.0,-1.91,1659.71,1772.98,28.08,Bearish,Bearish,-6.55,-12.57,-16.85,-15.89,-31.38,0.7181,1.1368,23.99,2.26,,,,,-24.48,-15.89,5.14,1.92,Strong Bear,,206,4.0,-2.36,-0.7,0.37,Falling,Death Cross,129,-3.08,-14.75,-10.7,-12.05,68.5,89.5,0.77,,,,,,,
ICICIBANK.NS,ICICIBANK.NS,N/A,N/A,,Unknown,1426.5,-0.8,1404.7,1356.16,51.13,Bullish,Bullish,-1.93,13.98,5.36,1.95,-23.38,0.9476,0.9703,19.13,1.55,,,,,-16.08,1.95,15.07,16.52,Bull,,21,7.0,-6.59,0.28,1.0,Stable,Golden Cross,38,1.54,11.8,11.51,5.79,97.3,90.1,1.08,,,,,,,
ICICIPRULI.NS,ICICIPRULI.NS,N/A,N/A,,Unknown,499.5,0.82,506.92,546.48,45.86,Bearish,Bullish,-2.74,3.36,-19.9,-17.67,-37.35,1.0328,1.2722,24.85,2.54,,,,,-32.89,-17.67,-3.26,-5.01,Strong Bear,,170,6.0,-3.86,-0.8,0.83,Falling,Death Cross,119,0.73,1.19,-13.75,-13.83,83.9,105.6,0.79,,,,,,,
ICIL.NS,ICIL.NS,N/A,N/A,,Unknown,447.15,3.16,407.36,340.44,57.23,Bullish,Bullish,6.95,36.62,81.16,100.8,487.11,1.6657,1.2154,62.11,5.82,,,,,-31.25,100.8,25.75,11.73,Bull,,1,7.0,-5.26,1.31,1.1,Stable,Golden Cross,73,10.42,34.44,87.32,104.64,191.6,82.5,2.32,,,,,,,
IDBI.NS,IDBI.NS,N/A,N/A,,Unknown,91.55,-0.55,85.01,85.9,63.52,Bullish,Bullish,8.28,25.27,-16.91,5.17,-3.09,1.4573,2.2338,46.32,3.17,,,,,-46.99,5.17,14.4,20.58,Bull,,133,8.0,-0.14,-0.37,0.79,Falling,Death Cross,113,11.75,23.1,-10.76,9.01,144.7,128.3,1.13,,,,,,,
IDEA.NS,IDEA.NS,N/A,N/A,,Unknown,14.53,3.34,13.77,12.05,57.6,Bullish,Bullish,12.64,-2.81,45.45,122.17,40.55,1.2789,1.2372,47.01,3.38,,,,,-29.27,122.17,21.76,14.45,Strong Bull,,5,9.0,13.58,0.97,1.35,Rising,Golden Cross,224,16.11,-4.98,51.6,126.01,187.3,76.7,2.44,,,,,,,
IDFCFIRSTB.NS,IDFCFIRSTB.NS,N/A,N/A,,Unknown,85.09,0.22,82.4,76.79,53.56,Bearish,Bullish,-0.77,17.95,21.81,23.79,-51.4,1.2598,1.6535,30.97,1.89,,,,,-31.63,23.79,-0.97,10.62,Bull,,8,7.0,-6.75,0.7,0.78,Falling,Golden Cross,48,2.7,15.78,27.96,27.63,117.7,81.0,1.45,,,,,,,
IEX.NS,IEX.NS,N/A,N/A,,Unknown,118.86,-0.29,124.08,129.26,33.08,Bearish,Bearish,-8.0,-2.88,1.81,-14.08,-70.63,1.206,1.4391,31.25,1.9,,,,,-24.97,-14.08,0.02,-2.02,Bear,,170,5.0,-7.04,0.06,0.42,Falling,Death Cross,281,-4.53,-5.05,7.97,-10.23,104.9,115.0,0.91,,,,,,,
IGCL.NS,IGCL.NS,N/A,N/A,,Unknown,73.27,1.79,70.86,73.92,55.65,Bearish,Bullish,-2.67,29.61,15.97,-30.6,-46.39,1.1638,1.4327,40.9,3.42,,,,,-53.54,-30.6,,,Bear,,256,5.0,-12.54,0.39,0.36,Falling,Death Cross,281,0.8,27.44,22.12,-26.75,117.8,158.5,0.74,,,,,,,
IGIL.NS,IGIL.NS,N/A,N/A,,Unknown,327.2,-3.69,344.86,346.63,37.63,Bearish,Bullish,-8.96,-10.51,1.91,-4.07,-28.6,1.253,0.5119,36.35,3.38,,,,,-24.67,-4.07,,,Bear,,250,4.0,-5.46,0.05,0.89,Stable,Death Cross,9,-5.49,-12.69,8.06,-0.23,123.3,118.1,1.04,,,,,,,
IFCI.NS,IFCI.NS,N/A,N/A,,Unknown,98.32,12.67,78.56,67.56,77.56,Bullish,Bullish,29.54,23.52,82.51,87.2,168.12,1.5105,2.0567,52.91,4.19,,,,,-26.04,87.2,90.15,47.26,Strong Bull,,0,10.0,21.7,1.56,0.9,Stable,Golden Cross,103,33.01,21.34,88.67,91.05,191.6,86.6,2.21,,,,,,,
IFBIND.NS,IFBIND.NS,N/A,N/A,,Unknown,1296.0,-0.41,1334.49,1316.51,36.82,Bearish,Bearish,-5.36,3.21,19.35,-12.65,-55.64,1.0474,1.9451,44.11,3.13,,,,,-54.29,-12.65,15.64,5.23,Bear,,220,6.0,-6.43,0.44,0.67,Falling,Golden Cross,15,-1.89,1.04,25.5,-8.81,86.8,87.6,0.99,,,,,,,
IGL.NS,IGL.NS,N/A,N/A,,Unknown,147.94,-1.27,153.13,166.41,42.09,Bullish,Bearish,-3.89,-9.97,-6.02,-28.01,25.92,0.9259,1.2131,26.08,2.11,,,,,-32.57,-28.01,-10.36,-9.94,Strong Bear,,235,3.0,-0.57,-0.23,0.82,Falling,Death Cross,196,-0.42,-12.14,0.14,-24.17,65.7,100.8,0.65,,,,,,,
IKS.NS,IKS.NS,N/A,N/A,,Unknown,1744.1,0.19,1773.44,1677.88,43.32,Bearish,Bearish,-5.51,5.12,31.04,15.18,18.87,0.7917,0.7677,33.94,3.05,,,,,-27.48,15.18,,,Bull,,38,7.0,-7.22,0.91,0.99,Stable,Golden Cross,65,-2.04,2.95,37.19,19.03,77.5,55.4,1.4,,,,,,,
IIFLCAPS.NS,IIFLCAPS.NS,N/A,N/A,,Unknown,338.3,-0.54,335.96,325.18,55.46,Bullish,Bullish,1.02,-1.3,6.12,11.91,-30.38,1.1697,1.5355,39.87,1.18,,,,,-37.69,11.91,75.41,27.3,Bull,,170,5.0,1.45,0.15,0.96,Stable,Golden Cross,83,4.49,-3.47,12.27,15.76,90.2,68.1,1.32,,,,,,,
IIFL.NS,IIFL.NS,N/A,N/A,,Unknown,633.25,-0.92,597.83,531.78,52.18,Bearish,Bullish,4.21,22.51,31.94,45.32,-1.61,1.3947,1.0882,38.82,3.88,,,,,-36.49,45.32,4.62,16.62,Strong Bull,,6,8.0,-3.29,0.82,1.07,Stable,Golden Cross,51,7.68,20.34,38.09,49.16,156.9,97.2,1.61,,,,,,,
INDGN.NS,INDGN.NS,N/A,N/A,,Unknown,600.15,-0.87,545.93,523.46,69.07,Bullish,Bullish,8.38,15.26,27.82,10.13,164.32,0.814,1.3065,27.32,2.98,,,,,-27.8,10.13,,,Bull,,1,5.0,3.29,1.02,0.96,Stable,Golden Cross,18,11.85,13.08,33.97,13.97,72.5,56.8,1.28,,,,,,,
IMFA.NS,IMFA.NS,N/A,N/A,,Unknown,1289.1,-0.92,1391.79,1310.76,33.1,Bearish,Bearish,-12.14,-13.53,10.74,45.8,-0.68,1.3578,1.3495,50.0,3.89,,,,,-27.08,45.8,59.61,27.47,Bear,,90,6.0,-7.63,0.21,0.82,Falling,Golden Cross,308,-8.67,-15.71,16.9,49.64,172.4,94.6,1.82,,,,,,,
INDHOTEL.NS,INDHOTEL.NS,N/A,N/A,,Unknown,727.7,1.35,720.1,700.37,50.87,Bearish,Bullish,-2.97,11.15,15.34,-3.8,-32.38,1.3687,0.9936,24.7,2.17,,,,,-27.81,-3.8,24.27,38.73,Bull,,251,6.0,-6.69,0.62,1.03,Stable,Golden Cross,40,0.5,8.98,21.49,0.04,125.5,125.3,1.0,,,,,,,
INDIACEM.NS,INDIACEM.NS,N/A,N/A,,Unknown,358.3,-0.43,381.4,388.65,32.3,Bearish,Bearish,-8.46,-5.95,-8.05,-6.61,-65.82,1.0607,1.6306,31.69,2.51,,,,,-28.16,-6.61,12.46,13.11,Strong Bear,,163,5.0,-6.48,-0.25,0.74,Falling,Death Cross,15,-4.99,-8.12,-1.89,-2.77,102.8,100.0,1.03,,,,,,,
INDIAMART.NS,INDIAMART.NS,N/A,N/A,,Unknown,1740.8,-1.34,1818.94,1999.76,38.49,Bullish,Bearish,-1.92,-10.46,-13.93,-31.12,-34.16,0.5472,0.8824,23.47,2.01,,,,,-31.7,-31.12,-16.63,-12.79,Strong Bear,,254,2.0,1.57,-0.59,0.54,Falling,Death Cross,198,1.56,-12.64,-7.77,-27.28,23.9,69.3,0.34,,,,,,,
INDIASHLTR.NS,INDIASHLTR.NS,N/A,N/A,,Unknown,651.2,3.55,708.45,759.91,39.11,Bullish,Bearish,-11.09,-12.81,-9.26,-30.7,14.49,0.7604,0.6061,31.73,3.38,,,,,-32.37,-30.7,,,Strong Bear,,263,5.0,-6.82,-0.29,1.18,Rising,Death Cross,168,-7.62,-14.98,-3.11,-26.86,51.4,87.0,0.59,,,,,,,
INDIANB.NS,INDIANB.NS,N/A,N/A,,Unknown,878.8,-0.33,861.01,824.74,53.26,Bearish,Bullish,4.0,6.59,-4.42,34.26,-55.36,1.3989,0.9468,32.51,2.29,,,,,-20.44,34.26,34.01,48.14,Bull,,134,8.0,1.8,-0.14,0.67,Falling,Golden Cross,375,7.47,4.41,1.74,38.1,147.5,95.8,1.54,,,,,,,
INDIAGLYCO.NS,INDIAGLYCO.NS,N/A,N/A,,Unknown,236.2,-78.75,1070.97,996.87,12.19,Bearish,Bearish,-79.71,-75.86,-72.16,-70.58,97.21,1.5056,2.0051,87.39,45.55,,,,,-80.37,-70.58,-12.4,-7.45,Strong Bear,,4,6.0,-54.42,-0.83,1.7,Rising,Golden Cross,785,-76.24,-78.03,-66.0,-66.74,149.4,194.7,0.77,,,,,,,
INDIGO.NS,INDIGO.NS,N/A,N/A,,Unknown,5020.0,-0.63,5144.73,4990.34,39.19,Bearish,Bullish,-6.31,12.02,11.05,-11.09,-49.49,1.8442,1.4033,33.45,2.37,,,,,-33.54,-11.09,25.96,24.77,Bull,,226,7.0,-10.32,0.33,0.59,Falling,Golden Cross,38,-2.84,9.85,17.21,-7.24,155.8,167.0,0.93,,,,,,,
INDIQUBE.NS,INDIQUBE.NS,N/A,N/A,,Unknown,193.17,1.64,180.29,181.06,62.49,Bearish,Bullish,12.35,21.46,11.33,-9.8,-28.76,0.7072,2.2317,36.3,3.86,,,,,-43.87,-9.8,,,Bull,,248,6.0,5.2,0.31,0.88,Stable,Death Cross,193,15.82,19.29,17.48,-5.96,51.1,58.8,0.87,,,,,,,
INDIGOPNTS.NS,INDIGOPNTS.NS,N/A,N/A,,Unknown,1171.0,-0.12,1098.93,1047.17,60.13,Bearish,Bullish,7.51,22.72,28.92,6.65,228.47,1.2411,1.1938,35.02,3.31,,,,,-46.4,6.65,-8.13,-14.71,Bull,,205,7.0,-0.06,0.83,0.89,Stable,Golden Cross,25,10.98,20.55,35.08,10.49,130.7,112.1,1.17,,,,,,,
INDUSINDBK.NS,INDUSINDBK.NS,N/A,N/A,,Unknown,978.0,-1.47,993.57,929.13,40.26,Bearish,Bearish,-4.68,8.27,5.61,30.12,-51.8,1.4283,1.4089,28.57,2.15,,,,,-21.99,30.12,-10.66,-0.15,Strong Bull,,30,9.0,-7.44,0.2,0.67,Falling,Golden Cross,85,-1.21,6.09,11.76,33.96,152.0,108.9,1.4,,,,,,,
INDUSTOWER.NS,INDUSTOWER.NS,N/A,N/A,,Unknown,379.0,1.07,381.9,389.88,50.13,Bullish,Bearish,0.84,-8.47,-11.09,15.87,-9.55,0.8498,0.8987,25.93,2.51,,,,,-20.13,15.87,32.15,13.35,Strong Bear,,140,7.0,3.66,-0.43,1.25,Rising,Death Cross,40,4.31,-10.64,-4.93,19.71,106.9,84.3,1.27,,,,,,,
INNOVISION.NS,INNOVISION.NS,N/A,N/A,,Unknown,258.75,-1.73,279.57,319.01,40.67,Bearish,Bullish,-9.76,-12.45,,,16.65,0.8936,,37.29,3.83,,,,,-34.36,,,,Strong Bear,,115,2.0,-5.61,,1.57,Rising,Death Cross,115,-6.29,-14.63,,,43.6,157.9,0.28,,,,,,,
INOXGREEN.NS,INOXGREEN.NS,N/A,N/A,,Unknown,164.25,2.47,180.51,181.23,35.71,Bearish,Bearish,-7.87,-5.33,7.9,8.46,-31.44,1.6166,3.0708,45.48,4.54,,,,,-50.4,8.46,33.65,,Bear,,216,3.0,-6.09,0.17,0.82,Falling,Death Cross,0,-4.4,-7.51,14.06,12.3,167.5,133.3,1.26,,,,,,,
INOXINDIA.NS,INOXINDIA.NS,N/A,N/A,,Unknown,2099.4,-3.07,1928.46,1580.16,59.78,Bullish,Bullish,10.41,33.13,85.37,87.82,14.89,0.5537,0.7026,39.98,4.3,,,,,-14.58,87.82,,,Bull,,4,7.0,-0.63,2.14,1.01,Stable,Golden Cross,125,13.88,30.96,91.52,91.67,88.1,-4.5,-19.58,,,,,,,
INOXWIND.NS,INOXWIND.NS,N/A,N/A,,Unknown,70.59,1.57,78.06,98.39,34.99,Bearish,Bearish,-10.88,-18.67,-17.78,-49.88,11.61,1.7789,2.4474,37.61,3.03,,,,,-55.8,-49.88,11.97,17.46,Strong Bear,,216,3.0,-4.66,-0.47,1.02,Stable,Death Cross,288,-7.41,-20.84,-11.62,-46.03,124.0,200.1,0.62,,,,,,,
INFY.NS,INFY.NS,N/A,N/A,,Unknown,1140.0,-1.38,1130.36,1244.03,51.49,Bearish,Bullish,-2.36,-2.74,-10.92,-21.14,-45.05,0.7763,0.6996,29.69,2.49,,,,,-40.43,-21.14,-3.48,-4.59,Strong Bear,,163,7.0,-1.45,-0.37,0.66,Falling,Death Cross,140,1.12,-4.92,-4.76,-17.29,75.4,99.8,0.76,,,,,,,
INTELLECT.NS,INTELLECT.NS,N/A,N/A,,Unknown,679.25,-2.22,711.77,773.0,39.28,Bullish,Bearish,-9.28,-8.06,2.36,-30.7,-52.66,1.0944,1.8658,39.08,2.97,,,,,-50.04,-30.7,-0.58,-0.81,Bear,,216,4.0,-6.59,0.06,0.77,Falling,Death Cross,160,-5.81,-10.24,8.52,-26.86,85.8,119.4,0.72,,,,,,,
IOB.NS,IOB.NS,N/A,N/A,,Unknown,32.68,1.27,33.62,35.18,39.22,Bearish,Bearish,-4.7,-0.76,-4.39,-15.92,-51.98,1.0945,0.862,25.71,1.71,,,,,-23.24,-15.92,2.5,6.95,Strong Bear,,248,5.0,-4.45,-0.17,0.67,Falling,Death Cross,481,-1.22,-2.93,1.76,-12.08,96.8,108.4,0.89,,,,,,,
IONEXCHANG.NS,IONEXCHANG.NS,N/A,N/A,,Unknown,382.1,3.94,388.29,396.12,49.82,Bullish,Bearish,-9.71,9.34,10.57,-7.83,-69.84,1.2347,0.8462,39.56,3.12,,,,,-26.12,-7.83,-8.23,,Bear,,38,6.0,-12.82,0.27,0.77,Falling,Death Cross,11,-6.23,7.16,16.72,-3.99,116.4,121.0,0.96,,,,,,,
IOC.NS,IOC.NS,N/A,N/A,,Unknown,137.0,0.34,139.24,143.35,45.27,Bearish,Bullish,-2.39,-0.03,-17.88,3.36,-37.63,1.1593,1.5191,25.82,1.87,,,,,-28.8,3.36,20.34,21.49,Strong Bear,,133,6.0,-2.38,-0.69,0.67,Falling,Death Cross,90,1.08,-2.2,-11.73,7.21,114.9,101.5,1.13,,,,,,,
IPCALAB.NS,IPCALAB.NS,N/A,N/A,,Unknown,1956.5,-1.56,1803.92,1614.79,64.2,Bullish,Bullish,15.85,19.57,33.07,41.82,209.29,-0.0141,0.2934,30.77,2.98,,,,,-11.96,41.82,29.62,13.65,Bull,,0,7.0,9.33,1.07,1.29,Rising,Golden Cross,189,19.32,17.4,39.22,45.66,28.8,-22.3,-1.29,,,,,,,
IRCON.NS,IRCON.NS,N/A,N/A,,Unknown,118.25,-0.7,127.89,142.67,29.89,Bearish,Bearish,-10.37,-13.41,-9.46,-27.99,9.51,1.6415,1.8331,37.53,2.56,,,,,-37.89,-27.99,6.28,25.6,Strong Bear,,250,2.0,-5.9,-0.25,0.76,Falling,Death Cross,294,-6.9,-15.58,-3.3,-24.15,145.8,174.7,0.83,,,,,,,
IRCTC.NS,IRCTC.NS,N/A,N/A,,Unknown,472.6,-1.82,500.56,562.76,31.9,Bearish,Bearish,-7.38,-10.59,-14.61,-32.01,-10.1,1.0849,1.4041,21.79,1.73,,,,,-35.02,-32.01,-9.03,0.05,Strong Bear,,248,2.0,-3.85,-0.67,0.9,Stable,Death Cross,486,-3.91,-12.77,-8.45,-28.16,97.9,143.5,0.68,,,,,,,
IREDA.NS,IREDA.NS,N/A,N/A,,Unknown,112.55,-1.44,119.82,129.29,34.49,Bearish,Bearish,-6.48,-8.81,-0.33,-20.6,-1.17,1.3866,2.2542,29.99,2.14,,,,,-32.26,-20.6,,,Strong Bear,,248,2.0,-3.54,-0.01,0.94,Stable,Death Cross,400,-3.01,-10.99,5.82,-16.76,131.8,154.5,0.85,,,,,,,
IRB.NS,IRB.NS,N/A,N/A,,Unknown,19.18,-0.88,19.78,20.85,44.05,Bullish,Bearish,-4.48,-9.17,-3.2,-10.65,-13.88,0.4859,0.9941,25.31,2.07,,,,,-17.25,-10.65,14.56,18.33,Strong Bear,,74,4.0,-1.42,-0.13,0.92,Stable,Death Cross,475,-1.01,-11.35,2.95,-6.81,45.7,59.0,0.77,,,,,,,
IRFC.NS,IRFC.NS,N/A,N/A,,Unknown,82.48,-0.02,88.59,100.8,25.5,Bearish,Bearish,-7.95,-14.5,-14.72,-30.26,-13.16,1.3092,1.5922,27.97,1.71,,,,,-37.63,-30.26,19.63,32.2,Strong Bear,,178,3.0,-3.12,-0.53,0.51,Falling,Death Cross,425,-4.48,-16.68,-8.56,-26.42,103.7,144.6,0.72,,,,,,,
ITCHOTELS.NS,ITCHOTELS.NS,N/A,N/A,,Unknown,158.63,-1.83,165.91,173.58,37.49,Bearish,Bearish,-4.12,3.56,-2.61,-34.67,-55.48,1.2799,1.4962,29.76,2.34,,,,,-45.0,-34.67,,,Strong Bear,,260,2.0,-5.31,-0.09,0.52,Falling,Death Cross,185,-0.65,1.38,3.54,-30.82,94.4,139.0,0.68,,,,,,,
IXIGO.NS,IXIGO.NS,N/A,N/A,,Unknown,156.42,-1.36,179.53,192.58,28.35,Bearish,Bearish,-20.25,0.56,-5.69,-47.41,31.19,1.7407,0.253,54.6,4.03,,,,,-54.8,-47.41,,,Strong Bear,,229,5.0,-20.44,-0.1,0.95,Stable,Death Cross,143,-16.78,-1.61,0.47,-43.57,178.1,229.1,0.78,,,,,,,
ITC.NS,ITC.NS,N/A,N/A,,Unknown,266.3,-0.11,278.18,307.68,41.44,Bearish,Bearish,-7.85,-5.13,-12.31,-31.18,-19.09,0.6441,0.8703,20.28,2.0,,,,,-36.44,-31.18,-11.61,10.01,Strong Bear,,220,4.0,-6.14,-0.61,1.36,Rising,Death Cross,405,-4.38,-7.3,-6.15,-27.34,35.0,76.9,0.46,,,,,,,
ITI.NS,ITI.NS,N/A,N/A,,Unknown,267.7,-0.32,282.2,289.94,29.95,Bearish,Bearish,-5.27,-11.36,5.68,-5.87,-27.08,1.0003,1.2194,36.94,2.36,,,,,-32.97,-5.87,33.19,15.53,Bear,,235,4.0,-1.48,0.15,0.82,Falling,Death Cross,34,-1.8,-13.53,11.84,-2.03,84.2,84.0,1.0,,,,,,,
JAINREC.NS,JAINREC.NS,N/A,N/A,,Unknown,282.15,0.52,321.54,363.79,35.33,Bullish,Bearish,-12.77,-17.98,-29.99,,-32.31,0.6341,-0.6065,53.32,4.35,,,,,-51.57,,,,Strong Bear,,83,5.0,-6.78,-0.56,0.7,Falling,Death Cross,45,-9.3,-20.15,-23.83,,96.8,86.9,1.11,,,,,,,
J&KBANK.NS,J&KBANK.NS,N/A,N/A,,Unknown,144.44,-1.99,155.4,136.94,35.6,Bearish,Bearish,-8.47,-2.09,24.26,44.18,-72.11,1.4528,1.1323,40.59,3.3,,,,,-25.02,44.18,24.85,31.74,Strong Bull,,38,8.0,-7.77,0.6,0.56,Falling,Golden Cross,155,-5.0,-4.26,30.41,48.02,164.3,102.4,1.6,,,,,,,
JARO.NS,JARO.NS,N/A,N/A,,Unknown,455.25,0.49,471.95,515.01,46.33,Bullish,Bearish,-0.46,-19.98,4.22,,21.74,0.9942,0.1686,54.82,3.59,,,,,-50.8,,,,Bear,,240,4.0,6.2,0.08,0.94,Stable,Death Cross,235,3.01,-22.15,10.37,,84.0,130.8,0.64,,,,,,,
JAIBALAJI.NS,JAIBALAJI.NS,N/A,N/A,,Unknown,70.6,0.23,67.04,74.64,58.49,Bullish,Bullish,11.46,1.5,15.42,-30.92,206.28,1.5251,1.5112,50.49,4.77,,,,,-48.09,-30.92,15.21,38.75,Bear,,251,5.0,10.96,0.31,1.15,Stable,Death Cross,423,14.93,-0.68,21.57,-27.08,125.3,151.7,0.83,,,,,,,
JAMNAAUTO.NS,JAMNAAUTO.NS,N/A,N/A,,Unknown,120.29,-0.46,127.05,122.63,39.12,Bearish,Bearish,-15.45,-1.12,-12.33,15.76,20.31,1.6625,0.8095,41.43,3.18,,,,,-25.52,15.76,4.39,7.96,Strong Bear,,134,6.0,-15.08,-0.3,1.08,Stable,Golden Cross,264,-11.98,-3.29,-6.17,19.6,152.0,111.2,1.37,,,,,,,
JAYNECOIND.NS,JAYNECOIND.NS,N/A,N/A,,Unknown,98.19,1.35,93.28,85.1,56.92,Bullish,Bullish,11.76,1.79,31.73,70.56,-12.88,1.5683,1.4844,48.68,3.85,,,,,-27.13,70.56,50.86,32.27,Bull,,86,6.0,11.16,0.65,0.91,Stable,Golden Cross,289,15.23,-0.38,37.88,74.4,210.5,121.6,1.73,,,,,,,
JIOFIN.NS,JIOFIN.NS,N/A,N/A,,Unknown,236.9,0.45,243.67,254.58,40.12,Bearish,Bearish,-10.39,0.24,-1.59,-24.39,-45.51,1.5881,1.392,27.58,2.13,,,,,-29.38,-24.39,,,Strong Bear,,249,4.0,-10.47,-0.06,0.66,Falling,Death Cross,165,-6.92,-1.94,4.56,-20.55,136.5,163.9,0.83,,,,,,,
JINDALSAW.NS,JINDALSAW.NS,N/A,N/A,,Unknown,309.15,-0.19,272.08,235.34,70.93,Bullish,Bullish,16.93,23.38,84.46,56.17,60.83,1.121,0.6475,46.35,3.57,,,,,-28.84,56.17,23.63,37.15,Bull,,4,7.0,9.14,1.82,1.17,Rising,Golden Cross,94,20.4,21.2,90.61,60.01,126.7,53.3,2.38,,,,,,,
JBMA.NS,JBMA.NS,N/A,N/A,,Unknown,621.5,-0.06,650.63,641.09,40.14,Bearish,Bullish,-5.79,-8.56,22.34,1.44,142.23,1.4847,1.074,43.82,2.8,,,,,-34.45,1.44,-1.66,44.33,Bear,,246,3.0,-2.94,0.51,1.15,Stable,Golden Cross,65,-2.32,-10.74,28.5,5.29,164.6,148.1,1.11,,,,,,,
JINDALSTEL.NS,JINDALSTEL.NS,N/A,N/A,,Unknown,1159.4,-0.05,1118.53,1108.8,59.08,Bullish,Bullish,3.33,-1.68,-0.59,20.63,-33.01,1.1108,1.1975,27.88,2.35,,,,,-20.74,20.63,20.88,22.8,Bear,,95,7.0,3.89,-0.02,0.97,Stable,Golden Cross,5,6.8,-3.85,5.56,24.47,121.9,91.4,1.33,,,,,,,
JKCEMENT.NS,JKCEMENT.NS,N/A,N/A,,Unknown,4979.5,-1.95,5335.48,5457.72,27.89,Bearish,Bearish,-9.34,1.02,-9.57,-29.28,-67.31,1.1908,1.0905,32.1,2.4,,,,,-32.79,-29.28,17.02,9.27,Strong Bear,,260,4.0,-9.68,-0.3,0.5,Falling,Death Cross,175,-5.87,-1.15,-3.42,-25.44,101.5,132.9,0.76,,,,,,,
JKPAPER.NS,JKPAPER.NS,N/A,N/A,,Unknown,395.2,-1.46,379.39,364.99,56.7,Bullish,Bullish,4.34,10.99,15.7,6.58,-70.6,0.9174,1.5055,34.75,3.19,,,,,-28.12,6.58,7.85,10.72,Bull,,238,6.0,0.68,0.45,0.87,Stable,Golden Cross,30,7.81,8.82,21.86,10.42,97.4,88.2,1.1,,,,,,,
JKLAKSHMI.NS,JKLAKSHMI.NS,N/A,N/A,,Unknown,514.3,-1.87,563.18,644.27,23.1,Bearish,Bearish,-9.86,-13.12,-20.47,-45.08,163.45,0.9513,0.9588,26.89,2.42,,,,,-45.88,-45.08,-5.8,-4.33,Strong Bear,,260,4.0,-5.49,-0.76,0.88,Stable,Death Cross,201,-6.39,-15.3,-14.32,-41.24,59.5,127.2,0.47,,,,,,,
JLHL.NS,JLHL.NS,N/A,N/A,,Unknown,287.65,-1.88,302.03,283.8,33.2,Bearish,Bearish,-10.54,10.0,11.47,0.07,-6.3,0.2391,0.5529,24.08,4.05,,,,,-24.78,0.07,,,Bull,,24,5.0,-13.87,0.48,1.17,Rising,Golden Cross,39,-7.07,7.83,17.63,3.91,25.7,18.5,1.39,,,,,,,
JKTYRE.NS,JKTYRE.NS,N/A,N/A,,Unknown,370.15,-1.02,389.06,405.33,36.77,Bearish,Bearish,-9.81,-2.09,-14.97,12.63,-33.41,1.6431,1.8501,36.86,2.31,,,,,-41.73,12.63,12.8,19.97,Strong Bear,,145,7.0,-9.11,-0.41,0.71,Falling,Death Cross,83,-6.34,-4.26,-8.82,16.47,151.1,117.9,1.28,,,,,,,
JMFINANCIL.NS,JMFINANCIL.NS,N/A,N/A,,Unknown,129.39,0.89,127.11,130.48,53.94,Bearish,Bullish,4.7,8.21,7.41,-28.31,19.64,1.6557,1.4993,40.6,2.93,,,,,-40.32,-28.31,23.58,7.23,Bear,,256,5.0,1.96,0.18,0.84,Falling,Death Cross,160,8.17,6.04,13.57,-24.47,142.3,173.1,0.82,,,,,,,
JSFB.NS,JSFB.NS,N/A,N/A,,Unknown,523.4,-1.21,530.27,474.5,41.95,Bearish,Bullish,-8.8,9.6,40.85,6.69,-29.67,0.9869,1.5482,41.0,4.34,,,,,-30.4,6.69,,,Bull,,21,4.0,-12.0,1.0,1.0,Stable,Golden Cross,76,-5.33,7.43,47.0,10.53,77.5,53.8,1.44,,,,,,,
JPPOWER.NS,JPPOWER.NS,N/A,N/A,,Unknown,16.37,-1.15,17.4,17.49,30.81,Bearish,Bearish,-13.11,-13.98,17.35,-11.61,-53.63,1.2454,1.2848,49.82,2.57,,,,,-38.22,-11.61,30.89,25.07,Bear,,70,6.0,-8.45,0.35,0.44,Falling,Death Cross,1,-9.64,-16.15,23.5,-7.77,109.6,106.0,1.03,,,,,,,
JSLL.NS,JSLL.NS,N/A,N/A,,Unknown,513.65,2.03,550.99,664.93,43.26,Bullish,Bearish,-10.55,-18.45,-15.74,-27.11,58.38,1.2384,0.608,54.93,3.96,,,,,-41.18,-27.11,-1.35,,Strong Bear,,250,2.0,-4.4,-0.29,1.11,Stable,Death Cross,320,-7.07,-20.62,-9.59,-23.27,84.6,104.2,0.81,,,,,,,
JSWCEMENT.NS,JSWCEMENT.NS,N/A,N/A,,Unknown,123.6,-0.92,129.56,129.12,35.58,Bearish,Bearish,-6.3,-2.6,3.95,-18.25,-44.45,1.025,0.7961,29.69,2.21,,,,,-32.14,-18.25,,,Bear,,260,5.0,-5.43,0.13,0.85,Stable,Golden Cross,45,-2.83,-4.77,10.11,-14.41,108.8,125.8,0.86,,,,,,,
JSL.NS,JSL.NS,N/A,N/A,,Unknown,734.9,0.12,719.15,728.46,58.0,Bullish,Bullish,0.32,6.85,-2.25,-2.18,-13.52,1.0998,1.333,30.67,2.41,,,,,-23.44,-2.18,22.78,36.57,Bear,,171,7.0,-1.96,-0.07,1.0,Stable,Death Cross,66,3.79,4.68,3.91,1.66,101.6,100.5,1.01,,,,,,,
JSWDULUX.NS,JSWDULUX.NS,N/A,N/A,,Unknown,3163.3,0.63,3073.73,3062.36,58.74,Bullish,Bearish,5.7,3.27,10.99,-5.72,0.66,0.4046,0.4191,28.38,2.43,,,,,-25.3,-5.72,8.0,11.02,Bull,,186,6.0,4.61,0.39,0.78,Falling,Golden Cross,5,9.17,1.09,17.14,-1.88,41.9,42.9,0.98,,,,,,,
JSWINFRA.NS,JSWINFRA.NS,N/A,N/A,,Unknown,332.1,-0.81,327.21,299.25,47.87,Bearish,Bullish,0.87,19.78,35.02,11.61,-40.27,1.2642,1.1767,31.65,2.78,,,,,-31.64,11.61,,,Bull,,36,5.0,-5.72,1.11,0.65,Falling,Golden Cross,53,4.34,17.6,41.18,15.45,119.3,95.4,1.25,,,,,,,
JSWENERGY.NS,JSWENERGY.NS,N/A,N/A,,Unknown,539.8,4.21,550.21,536.27,46.02,Bearish,Bearish,-4.96,-7.6,15.72,8.09,-19.19,0.8963,1.4168,29.23,2.38,,,,,-19.79,8.09,16.25,17.7,Bull,,70,4.0,-2.43,0.54,0.98,Stable,Golden Cross,91,-1.49,-9.77,21.88,11.93,102.0,86.9,1.17,,,,,,,
JUBLFOOD.NS,JUBLFOOD.NS,N/A,N/A,,Unknown,486.5,0.43,470.11,492.3,51.49,Bearish,Bullish,4.62,14.2,-2.33,-22.67,25.24,1.2222,1.0799,32.03,3.01,,,,,-37.76,-22.67,-0.09,-8.22,Strong Bear,,255,5.0,-0.11,-0.07,0.88,Stable,Death Cross,265,8.09,12.03,3.83,-18.83,95.0,120.8,0.79,,,,,,,
JUBLINGREA.NS,JUBLINGREA.NS,N/A,N/A,,Unknown,683.6,-1.39,706.59,683.2,40.05,Bearish,Bearish,-9.02,9.53,23.39,-5.78,-50.27,1.3034,1.3089,35.96,3.24,,,,,-27.63,-5.78,18.47,3.43,Bull,,30,5.0,-12.2,0.65,0.8,Falling,Golden Cross,35,-5.55,7.35,29.54,-1.94,133.0,125.1,1.06,,,,,,,
JSWSTEEL.NS,JSWSTEEL.NS,N/A,N/A,,Unknown,1306.0,-0.57,1282.46,1219.56,53.02,Bearish,Bullish,0.46,2.3,8.29,26.85,-2.12,1.154,1.2316,23.35,1.87,,,,,-13.35,26.85,18.41,13.17,Strong Bull,,5,8.0,-0.31,0.36,0.99,Stable,Golden Cross,1054,3.93,0.12,14.44,30.69,125.9,88.6,1.42,,,,,,,
JUSTDIAL.NS,JUSTDIAL.NS,N/A,N/A,,Unknown,697.85,-1.11,661.6,655.12,55.44,Bullish,Bullish,-0.84,33.28,33.29,-14.39,-94.38,1.0472,1.3007,39.41,3.68,,,,,-43.0,-14.39,-3.48,-6.3,Bull,,231,3.0,-11.93,0.84,0.66,Falling,Golden Cross,10,2.63,31.11,39.45,-10.55,90.2,99.1,0.91,,,,,,,
JUBLPHARMA.NS,JUBLPHARMA.NS,N/A,N/A,,Unknown,900.3,-0.8,925.79,960.01,47.0,Bullish,Bearish,-3.48,-7.05,6.42,-11.55,156.33,0.7072,1.3422,28.57,3.35,,,,,-31.62,-11.55,26.93,6.56,Bear,,215,4.0,-1.13,0.22,1.25,Rising,Death Cross,159,-0.01,-9.22,12.58,-7.7,77.4,91.2,0.85,,,,,,,
JWL.NS,JWL.NS,N/A,N/A,,Unknown,239.37,-1.23,255.54,282.71,30.94,Bearish,Bearish,-7.88,-13.86,-3.81,-25.53,-43.67,1.419,1.1622,44.35,2.72,,,,,-31.49,-25.53,-2.41,45.48,Strong Bear,,178,3.0,-3.26,-0.09,0.63,Falling,Death Cross,416,-4.41,-16.04,2.34,-21.69,134.6,160.3,0.84,,,,,,,
KALPATARU.NS,KALPATARU.NS,N/A,N/A,,Unknown,274.9,-1.15,288.57,321.05,42.63,Bearish,Bullish,-3.59,-13.01,-12.45,-27.89,-81.5,1.24,1.7912,37.66,3.3,,,,,-37.05,-27.89,,,Strong Bear,,255,3.0,0.75,-0.33,0.76,Falling,Death Cross,305,-0.12,-15.18,-6.3,-24.04,92.6,125.3,0.74,,,,,,,
JYOTICNC.NS,JYOTICNC.NS,N/A,N/A,,Unknown,955.65,-3.38,862.94,835.54,57.83,Bullish,Bullish,12.71,50.66,20.06,6.56,97.38,1.6827,2.0331,44.22,3.91,,,,,-43.8,6.56,,,Bull,,200,7.0,-4.18,0.45,1.27,Rising,Golden Cross,5,16.18,48.49,26.22,10.4,174.7,153.3,1.14,,,,,,,
JYOTHYLAB.NS,JYOTHYLAB.NS,N/A,N/A,,Unknown,202.09,-1.33,205.22,234.14,45.18,Bearish,Bullish,0.09,2.58,-17.16,-39.22,144.18,1.1208,1.7639,28.23,3.26,,,,,-42.9,-39.22,-13.34,4.24,Strong Bear,,260,4.0,-0.77,-0.61,1.21,Rising,Death Cross,454,3.56,0.41,-11.01,-35.38,62.7,121.1,0.52,,,,,,,
KAJARIACER.NS,KAJARIACER.NS,N/A,N/A,,Unknown,1261.1,2.61,1203.15,1128.73,61.21,Bullish,Bullish,5.28,16.36,34.46,3.89,-25.62,0.9866,1.2292,28.58,2.74,,,,,-29.5,3.89,-3.92,4.99,Bull,,0,6.0,-0.17,1.21,1.24,Rising,Golden Cross,90,8.76,14.19,40.61,7.73,85.6,75.4,1.14,,,,,,,
KALYANKJIL.NS,KALYANKJIL.NS,N/A,N/A,,Unknown,590.0,2.97,550.75,478.79,50.85,Bearish,Bullish,-0.24,58.67,49.82,16.01,-74.79,1.5435,1.3043,47.23,3.94,,,,,-36.73,16.01,41.62,51.59,Bull,,24,5.0,-19.8,1.05,0.56,Falling,Golden Cross,29,3.23,56.49,55.98,19.86,186.1,144.6,1.29,,,,,,,
KAYNES.NS,KAYNES.NS,N/A,N/A,,Unknown,3583.0,-0.49,3631.25,3987.46,43.4,Bearish,Bearish,-7.54,14.77,-3.17,-45.71,-2.16,1.5833,1.3676,53.02,4.01,,,,,-60.48,-45.71,26.97,,Strong Bear,,235,3.0,-12.46,-0.06,0.87,Stable,Death Cross,190,-4.06,12.6,2.98,-41.87,156.5,202.0,0.77,,,,,,,
KANSAINER.NS,KANSAINER.NS,N/A,N/A,,Unknown,194.82,0.04,202.91,210.7,40.18,Bearish,Bearish,-2.06,-6.52,0.42,-17.18,8.52,0.9405,1.094,28.07,2.77,,,,,-38.07,-17.18,-14.99,-13.23,Bear,,225,4.0,0.11,0.01,0.73,Falling,Death Cross,481,1.41,-8.69,6.58,-13.34,72.5,86.6,0.84,,,,,,,
KARURVYSYA.NS,KARURVYSYA.NS,N/A,N/A,,Unknown,346.6,-0.29,327.26,290.93,60.61,Bearish,Bullish,1.51,25.04,12.68,67.05,-77.98,1.3011,1.0778,35.93,2.35,,,,,-22.47,67.05,52.11,56.46,Strong Bull,,5,9.0,-6.84,0.35,0.51,Falling,Golden Cross,1070,4.98,22.86,18.83,70.89,146.1,71.3,2.05,,,,,,,
KEC.NS,KEC.NS,N/A,N/A,,Unknown,407.8,-2.21,460.55,562.16,29.2,Bearish,Bearish,-12.98,-17.01,-23.99,-49.57,7.78,1.2057,0.8712,36.48,2.68,,,,,-53.33,-49.57,-12.09,0.38,Strong Bear,,245,3.0,-7.31,-0.66,1.0,Stable,Death Cross,215,-9.51,-19.18,-17.84,-45.73,53.8,132.3,0.41,,,,,,,
KFINTECH.NS,KFINTECH.NS,N/A,N/A,,Unknown,929.0,-0.91,924.98,942.47,46.63,Bearish,Bullish,-2.1,8.37,3.55,-12.02,-39.36,1.3201,1.2531,33.28,3.11,,,,,-31.43,-12.02,35.98,,Bear,,220,6.0,-4.89,0.11,0.76,Falling,Death Cross,200,1.37,6.2,9.7,-8.18,130.5,138.4,0.94,,,,,,,
KIMS.NS,KIMS.NS,N/A,N/A,,Unknown,753.65,-0.63,784.62,735.09,36.08,Bearish,Bearish,-5.31,-4.47,6.7,3.59,9.17,0.7812,0.8191,31.14,2.66,,,,,-23.65,3.59,26.11,23.96,Bull,,43,5.0,-3.82,0.22,0.88,Stable,Golden Cross,86,-1.84,-6.65,12.86,7.44,80.0,70.6,1.13,,,,,,,
KEI.NS,KEI.NS,N/A,N/A,,Unknown,5170.0,-3.33,5374.67,4876.24,39.17,Bearish,Bearish,-6.0,-3.1,3.84,32.03,-13.44,1.1819,1.3225,33.51,3.47,,,,,-23.35,32.03,31.54,47.8,Bull,,11,7.0,-4.97,0.11,0.96,Stable,Golden Cross,293,-2.53,-5.28,9.99,35.88,130.4,82.0,1.59,,,,,,,
KIRLOSBROS.NS,KIRLOSBROS.NS,N/A,N/A,,Unknown,1847.7,-2.05,1879.27,1780.76,41.63,Bearish,Bullish,-2.33,8.39,24.3,-6.14,-45.52,1.2108,1.2553,37.25,2.83,,,,,-35.69,-6.14,28.88,35.4,Bull,,250,4.0,-5.13,0.65,0.7,Falling,Golden Cross,51,1.14,6.22,30.46,-2.3,109.0,107.1,1.02,,,,,,,
KISSHT.NS,KISSHT.NS,N/A,N/A,,Unknown,300.9,1.72,300.77,256.89,46.25,Bearish,Bearish,-2.19,11.51,,,-35.58,1.0614,,56.87,4.28,,,,,-15.38,,,,Bull,,29,,-6.03,,0.59,Falling,Golden Cross,75,1.28,9.33,,,221.8,14.2,15.62,,,,,,,
KIRLPNU.NS,KIRLPNU.NS,N/A,N/A,,Unknown,745.45,0.68,769.76,712.16,47.85,Bullish,Bearish,2.88,-4.65,31.37,18.76,-53.53,0.8376,1.1913,35.67,3.4,,,,,-31.35,18.76,33.13,,Bull,,51,6.0,4.43,0.88,0.54,Falling,Golden Cross,94,6.36,-6.83,37.52,22.6,125.2,88.0,1.42,,,,,,,
KIRLOSENG.NS,KIRLOSENG.NS,N/A,N/A,,Unknown,2160.9,1.06,2120.49,1727.35,52.89,Bullish,Bearish,-4.97,13.18,52.87,141.45,-8.05,1.0329,1.7033,45.96,3.79,,,,,-20.67,141.45,66.11,55.95,Strong Bull,,50,8.0,-9.36,1.15,0.55,Falling,Golden Cross,271,-1.5,11.01,59.03,145.29,168.7,44.3,3.81,,,,,,,
KITEX.NS,KITEX.NS,N/A,N/A,,Unknown,124.77,-0.98,140.39,163.73,30.84,Bullish,Bearish,-14.82,-24.5,-22.92,-33.07,82.5,1.9439,1.6783,53.23,3.42,,,,,-44.22,-33.07,28.08,18.1,Strong Bear,,204,4.0,-6.65,-0.43,1.04,Stable,Death Cross,256,-11.35,-26.67,-16.77,-29.23,160.9,187.9,0.86,,,,,,,
KPIGREEN.NS,KPIGREEN.NS,N/A,N/A,,Unknown,304.6,-1.04,356.91,404.7,27.8,Bullish,Bearish,-20.3,-24.95,-12.35,-37.99,256.87,1.4427,1.5313,41.57,3.43,,,,,-43.69,-37.99,17.95,79.72,Strong Bear,,216,3.0,-11.98,-0.3,1.24,Rising,Death Cross,200,-16.83,-27.12,-6.19,-34.15,99.0,149.9,0.66,,,,,,,
KNRCON.NS,KNRCON.NS,N/A,N/A,,Unknown,117.07,-0.52,127.36,142.87,33.09,Bearish,Bearish,-8.7,-10.17,-6.84,-39.51,239.26,1.1161,1.0092,38.3,4.18,,,,,-47.73,-39.51,-22.44,-15.7,Strong Bear,,246,4.0,-5.31,-0.18,1.04,Stable,Death Cross,411,-5.23,-12.34,-0.68,-35.66,81.6,137.8,0.59,,,,,,,
KOTAKBANK.NS,KOTAKBANK.NS,N/A,N/A,,Unknown,423.5,-0.35,397.7,396.66,69.59,Bullish,Bullish,6.41,12.39,5.18,7.75,-23.01,1.0243,0.9246,21.03,1.79,,,,,-20.61,7.75,5.82,4.79,Strong Bull,,224,9.0,2.28,0.25,0.89,Stable,Golden Cross,0,9.88,10.22,11.33,11.59,104.5,88.2,1.18,,,,,,,
KPIL.NS,KPIL.NS,N/A,N/A,,Unknown,1410.5,0.15,1346.43,1257.07,61.89,Bullish,Bullish,10.22,10.19,26.66,13.83,178.47,0.8721,0.9669,28.94,2.52,,,,,-22.55,13.83,31.01,25.46,Strong Bull,,51,8.0,6.82,0.92,0.93,Stable,Golden Cross,90,13.69,8.02,32.82,17.68,91.5,69.2,1.32,,,,,,,
KPITTECH.NS,KPITTECH.NS,N/A,N/A,,Unknown,588.0,-0.34,615.59,793.98,45.52,Bearish,Bullish,-5.22,-23.76,-19.45,-51.5,-71.32,1.0016,0.8326,39.27,2.95,,,,,-57.78,-51.5,-18.92,14.84,Strong Bear,,249,5.0,2.7,-0.5,0.52,Falling,Death Cross,465,-1.75,-25.94,-13.3,-47.66,68.8,146.7,0.47,,,,,,,
KRN.NS,KRN.NS,N/A,N/A,,Unknown,1534.8,0.48,1350.12,1108.59,63.32,Bullish,Bullish,28.26,26.13,66.98,71.96,213.92,1.447,1.2828,47.24,4.4,,,,,-32.32,71.96,,,Bull,,3,5.0,19.55,1.42,1.14,Stable,Golden Cross,130,31.73,23.96,73.13,75.8,161.5,76.6,2.11,,,,,,,
KPRMILL.NS,KPRMILL.NS,N/A,N/A,,Unknown,1167.4,0.77,1101.47,1024.99,60.77,Bullish,Bullish,10.41,7.68,37.05,19.11,6.73,0.8544,0.9375,41.36,3.21,,,,,-28.6,19.11,21.3,24.71,Bull,,50,7.0,7.85,0.9,0.61,Falling,Golden Cross,60,13.88,5.5,43.21,22.95,74.6,42.4,1.76,,,,,,,
KRBL.NS,KRBL.NS,N/A,N/A,,Unknown,424.4,0.07,386.99,366.43,60.99,Bullish,Bullish,15.14,19.0,28.41,-0.69,240.27,1.3618,1.3826,40.8,3.73,,,,,-39.82,-0.69,2.47,10.06,Bull,,256,6.0,8.81,0.7,1.2,Rising,Golden Cross,51,18.61,16.82,34.56,3.15,129.8,120.0,1.08,,,,,,,
KSHINTL.NS,KSHINTL.NS,N/A,N/A,,Unknown,945.7,-0.77,905.09,673.38,50.0,Bearish,Bullish,3.89,15.41,160.74,,48.52,1.0409,,54.61,4.06,,,,,-14.61,,,,Bull,,13,6.0,-1.25,2.94,0.95,Stable,Golden Cross,148,7.37,13.23,166.89,,209.3,9.5,22.03,,,,,,,
KSCL.NS,KSCL.NS,N/A,N/A,,Unknown,738.75,-3.0,810.25,891.94,31.14,Bullish,Bearish,-5.25,-13.94,-1.28,-36.25,160.68,0.8999,0.8648,35.18,3.04,,,,,-40.25,-36.25,9.49,0.12,Strong Bear,,250,3.0,-0.6,-0.04,0.82,Falling,Death Cross,235,-1.78,-16.11,4.87,-32.41,71.5,117.6,0.61,,,,,,,
LALPATHLAB.NS,LALPATHLAB.NS,N/A,N/A,,Unknown,1916.1,0.61,1820.68,1618.24,57.29,Bearish,Bullish,1.41,25.31,41.66,18.27,-56.2,0.5633,0.9067,29.79,2.66,,,,,-24.35,18.27,20.21,0.49,Bull,,14,6.0,-7.03,1.4,0.8,Falling,Golden Cross,79,4.88,23.13,47.81,22.12,86.3,58.6,1.47,,,,,,,
KSB.NS,KSB.NS,N/A,N/A,,Unknown,805.8,-2.7,835.84,827.53,45.23,Bullish,Bearish,-5.97,-1.02,9.59,-1.35,105.12,0.7551,0.772,30.13,3.28,,,,,-22.72,-1.35,16.27,28.82,Bear,,91,4.0,-5.63,0.32,0.83,Falling,Golden Cross,105,-2.5,-3.19,15.75,2.49,76.4,66.5,1.15,,,,,,,
KTKBANK.NS,KTKBANK.NS,N/A,N/A,,Unknown,330.35,-0.17,300.89,253.3,62.1,Bearish,Bullish,11.59,26.09,64.45,94.67,17.61,1.0657,1.0366,33.81,3.11,,,,,-17.07,94.67,16.33,44.3,Strong Bull,,5,9.0,2.89,1.91,1.09,Stable,Golden Cross,195,15.06,23.91,70.6,98.51,130.8,29.4,4.45,,,,,,,
LAXMIINDIA.NS,LAXMIINDIA.NS,N/A,N/A,,Unknown,125.93,-0.87,123.59,118.81,48.75,Bearish,Bullish,-7.42,18.02,42.05,-2.92,123.24,1.7042,3.5813,58.01,5.46,,,,,-59.26,-2.92,,,Bull,,249,6.0,-13.43,0.72,1.05,Stable,Golden Cross,20,-3.95,15.85,48.21,0.92,155.7,139.4,1.12,,,,,,,
LENSKART.NS,LENSKART.NS,N/A,N/A,,Unknown,668.9,0.78,589.71,515.99,74.58,Bullish,Bullish,17.87,32.08,27.7,,184.37,0.531,0.6125,35.65,3.15,,,,,-14.56,,,,Strong Bull,,0,8.0,7.18,0.78,1.21,Rising,Golden Cross,210,21.34,29.9,33.85,,94.6,4.3,22.0,,,,,,,
LATENTVIEW.NS,LATENTVIEW.NS,N/A,N/A,,Unknown,271.0,-0.57,290.61,332.82,36.94,Bearish,Bearish,-9.08,-13.31,-14.08,-34.33,-62.19,1.2099,1.3448,46.25,3.25,,,,,-50.29,-34.33,-11.27,,Strong Bear,,190,6.0,-4.64,-0.3,0.57,Falling,Death Cross,144,-5.6,-15.48,-7.92,-30.49,92.9,133.4,0.7,,,,,,,
LEMONTREE.NS,LEMONTREE.NS,N/A,N/A,,Unknown,106.18,0.03,110.73,121.63,36.26,Bearish,Bearish,-6.28,-3.39,-4.75,-37.62,2.07,1.3074,0.9817,30.78,2.15,,,,,-43.56,-37.62,3.45,20.35,Strong Bear,,256,3.0,-5.15,-0.15,0.6,Falling,Death Cross,158,-2.81,-5.57,1.4,-33.78,89.1,138.4,0.64,,,,,,,
LAURUSLABS.NS,LAURUSLABS.NS,N/A,N/A,,Unknown,1864.0,0.13,1713.15,1332.74,58.98,Bearish,Bullish,0.76,28.84,81.05,117.14,55.85,0.8319,1.0077,29.13,2.55,,,,,-16.27,117.14,69.55,23.93,Strong Bull,,3,9.0,-8.85,2.78,0.88,Stable,Golden Cross,710,4.23,26.66,87.2,120.98,137.4,27.3,5.03,,,,,,,
LGEINDIA.NS,LGEINDIA.NS,N/A,N/A,,Unknown,1653.2,-0.74,1602.91,1576.03,53.98,Bearish,Bullish,7.18,10.25,6.84,,243.44,0.8014,0.8795,28.81,2.62,,,,,-21.96,,,,Bull,,13,4.0,3.76,0.24,1.33,Rising,Golden Cross,10,10.65,8.08,13.0,,67.1,61.1,1.1,,,,,,,
LICI.NS,LICI.NS,N/A,N/A,,Unknown,408.25,-0.95,415.26,413.39,44.15,Bullish,Bullish,4.33,4.48,0.92,-2.74,294.43,1.133,1.2838,25.07,2.26,,,,,-21.48,-2.74,9.23,,Bear,,213,4.0,2.84,0.04,0.86,Stable,Golden Cross,39,7.8,2.31,7.07,1.11,95.5,95.8,1.0,,,,,,,
LLOYDSENGG.NS,LLOYDSENGG.NS,N/A,N/A,,Unknown,82.77,-1.78,86.39,71.54,38.05,Bearish,Bearish,-10.49,14.18,88.8,28.02,-1.06,1.9773,1.8475,49.34,4.25,,,,,-42.41,28.02,22.03,91.35,Bull,,18,7.0,-15.22,1.8,0.86,Stable,Golden Cross,76,-7.01,12.01,94.96,31.87,216.8,165.6,1.31,,,,,,,
LLOYDSENT.NS,LLOYDSENT.NS,N/A,N/A,,Unknown,70.96,-0.53,75.63,68.7,34.8,Bearish,Bearish,-12.56,6.2,54.1,0.31,-38.64,1.8937,3.1872,51.44,3.93,,,,,-44.14,0.31,,,Bull,,18,6.0,-14.63,1.05,0.86,Stable,Golden Cross,83,-9.09,4.03,60.25,4.15,186.0,165.5,1.12,,,,,,,
LINDEINDIA.NS,LINDEINDIA.NS,N/A,N/A,,Unknown,6352.5,-0.32,6801.51,6790.32,30.42,Bearish,Bearish,-11.08,-9.23,-4.48,-0.24,-18.23,0.7784,0.2894,27.57,2.46,,,,,-18.91,-0.24,8.78,29.68,Strong Bear,,84,5.0,-8.0,-0.16,0.67,Falling,Golden Cross,133,-7.61,-11.41,1.68,3.6,71.8,62.3,1.15,,,,,,,
LICHSGFIN.NS,LICHSGFIN.NS,N/A,N/A,,Unknown,541.25,1.19,519.51,529.48,65.9,Bullish,Bullish,7.84,0.43,6.59,-2.0,108.49,1.0493,1.2564,25.0,2.2,,,,,-22.37,-2.0,11.24,8.31,Bull,,220,6.0,7.7,0.26,0.98,Stable,Death Cross,23,11.31,-1.74,12.74,1.84,97.5,91.1,1.07,,,,,,,
LLOYDSME.NS,LLOYDSME.NS,N/A,N/A,,Unknown,1813.0,1.28,1865.99,1627.31,39.82,Bearish,Bearish,-11.69,2.0,55.61,36.6,-16.67,1.338,1.6021,36.29,3.04,,,,,-20.95,36.6,44.5,,Strong Bull,,18,9.0,-12.36,1.53,0.86,Stable,Golden Cross,104,-8.22,-0.18,61.76,40.45,166.2,111.1,1.5,,,,,,,
LOTUSDEV.NS,LOTUSDEV.NS,N/A,N/A,,Unknown,175.95,-1.8,168.74,158.73,50.61,Bearish,Bearish,-9.14,28.28,38.99,-3.04,-73.57,1.442,3.053,43.53,4.39,,,,,-48.02,-3.04,,,Bull,,23,3.0,-18.57,0.9,0.99,Stable,Golden Cross,23,-5.67,26.11,45.15,0.81,124.5,115.2,1.08,,,,,,,
LODHA.NS,LODHA.NS,N/A,N/A,,Unknown,1208.3,1.21,1167.53,1072.16,48.64,Bearish,Bullish,-1.4,35.56,32.83,0.44,-64.89,1.7249,1.4904,36.4,3.38,,,,,-45.19,0.44,21.15,21.51,Bull,,25,7.0,-13.25,0.9,0.83,Falling,Golden Cross,30,2.07,33.39,38.98,4.29,160.1,149.9,1.07,,,,,,,
LT.NS,LT.NS,N/A,N/A,,Unknown,3981.0,0.02,4005.91,3919.41,44.39,Bearish,Bullish,-0.23,0.7,3.54,11.71,-37.59,1.4337,1.2245,24.71,1.4,,,,,-24.35,11.71,15.41,20.71,Strong Bull,,136,8.0,-0.46,0.14,0.66,Falling,Golden Cross,328,3.25,-1.47,9.69,15.56,142.1,117.6,1.21,,,,,,,
LTF.NS,LTF.NS,N/A,N/A,,Unknown,312.8,1.21,310.01,284.44,48.62,Bearish,Bearish,-1.6,16.46,16.59,41.97,-31.91,1.6701,1.9383,34.46,3.03,,,,,-25.01,41.97,38.18,30.21,Strong Bull,,41,8.0,-7.09,0.48,0.89,Stable,Golden Cross,355,1.87,14.28,22.74,45.82,175.9,112.2,1.57,,,,,,,
LTM.NS,LTM.NS,N/A,N/A,,Unknown,4588.0,-0.8,4388.34,4577.59,54.7,Bearish,Bullish,0.64,13.93,6.9,-10.18,-34.22,1.1047,1.3759,32.7,2.93,,,,,-44.04,-10.18,-2.68,0.72,Bull,,161,6.0,-4.0,0.21,0.86,Stable,Death Cross,134,4.11,11.75,13.06,-6.34,105.4,110.2,0.96,,,,,,,
LTFOODS.NS,LTFOODS.NS,N/A,N/A,,Unknown,442.45,1.25,413.72,401.92,59.4,Bearish,Bullish,6.26,15.24,20.67,3.16,183.15,1.4942,1.6943,38.86,3.38,,,,,-28.66,3.16,37.0,43.81,Bull,,248,5.0,1.18,0.53,1.27,Rising,Golden Cross,11,9.73,13.07,26.82,7.01,144.2,123.0,1.17,,,,,,,
LTTS.NS,LTTS.NS,N/A,N/A,,Unknown,3505.0,-2.31,3493.86,3634.34,47.35,Bearish,Bullish,0.09,9.1,6.85,-16.12,-56.61,0.9675,1.4064,35.89,2.8,,,,,-34.51,-16.12,-5.02,0.43,Bear,,180,6.0,-2.94,0.19,0.73,Falling,Death Cross,166,3.56,6.92,13.01,-12.28,112.2,125.6,0.89,,,,,,,
LUMAXTECH.NS,LUMAXTECH.NS,N/A,N/A,,Unknown,1986.5,-3.57,1783.57,1564.34,59.62,Bearish,Bullish,21.95,19.74,29.94,69.66,274.88,1.2857,1.2739,53.74,3.9,,,,,-23.17,69.66,72.98,66.12,Bull,,1,7.0,15.37,0.56,1.46,Rising,Golden Cross,1585,25.42,17.57,36.1,73.5,153.3,55.4,2.77,,,,,,,
LXCHEM.NS,LXCHEM.NS,N/A,N/A,,Unknown,169.55,2.82,170.02,165.02,46.48,Bearish,Bearish,-8.0,7.05,49.26,-18.44,-75.49,1.5692,1.3967,42.77,3.65,,,,,-53.3,-18.44,-13.15,-9.18,Bull,,255,5.0,-10.35,1.15,0.67,Falling,Golden Cross,25,-4.53,4.87,55.41,-14.6,101.8,116.5,0.87,,,,,,,
LUPIN.NS,LUPIN.NS,N/A,N/A,,Unknown,2155.2,0.1,2290.17,2238.66,30.81,Bearish,Bearish,-10.57,-4.27,-5.82,14.37,17.78,0.5544,0.8222,19.78,2.0,,,,,-14.39,14.37,26.57,14.14,Bear,,30,8.0,-9.15,-0.29,0.71,Falling,Golden Cross,209,-7.1,-6.45,0.34,18.22,65.6,47.3,1.39,,,,,,,
M&MFIN.NS,M&MFIN.NS,N/A,N/A,,Unknown,368.85,1.22,363.4,330.27,44.93,Bearish,Bullish,-7.46,30.12,4.13,46.47,-70.53,1.5722,1.4758,39.52,3.25,,,,,-31.82,46.47,11.99,22.28,Bull,,16,6.0,-17.5,0.1,0.65,Falling,Golden Cross,33,-3.99,27.94,10.28,50.31,185.1,121.6,1.52,,,,,,,
M&M.NS,M&M.NS,N/A,N/A,,Unknown,3190.0,-2.12,3289.53,3243.81,34.72,Bearish,Bearish,-7.08,6.02,-1.25,-2.77,-27.19,1.4615,1.0256,27.64,2.31,,,,,-22.91,-2.77,28.38,34.09,Strong Bear,,173,5.0,-9.09,-0.05,0.8,Falling,Golden Cross,15,-3.61,3.84,4.9,1.07,149.5,144.6,1.03,,,,,,,
MAHSCOOTER.NS,MAHSCOOTER.NS,N/A,N/A,,Unknown,13560.0,-0.99,13198.23,13122.52,54.85,Bullish,Bullish,-1.97,9.27,3.09,-13.39,-28.54,1.2236,0.8035,31.51,2.75,,,,,-37.84,-13.39,35.66,28.72,Bull,,245,4.0,-5.06,0.1,0.74,Falling,Golden Cross,5,1.5,7.1,9.24,-9.55,106.8,111.9,0.95,,,,,,,
MAHABANK.NS,MAHABANK.NS,N/A,N/A,,Unknown,82.4,-0.36,81.42,73.5,52.76,Bullish,Bullish,5.08,4.05,22.27,63.29,-13.93,1.4625,1.2809,34.66,2.65,,,,,-18.93,63.29,32.07,34.95,Strong Bull,,46,9.0,3.73,0.64,0.84,Falling,Golden Cross,320,8.55,1.88,28.42,67.13,174.3,100.8,1.73,,,,,,,
MANKIND.NS,MANKIND.NS,N/A,N/A,,Unknown,2391.5,1.49,2430.67,2363.77,45.91,Bullish,Bearish,-1.91,2.37,6.5,-3.23,-28.57,0.7214,0.6014,25.12,2.22,,,,,-27.56,-3.23,9.31,,Bull,,248,4.0,-2.7,0.26,0.76,Falling,Golden Cross,74,1.56,0.2,12.66,0.61,69.9,71.4,0.98,,,,,,,
MAHSEAMLES.NS,MAHSEAMLES.NS,N/A,N/A,,Unknown,665.05,2.38,606.25,596.42,76.63,Bullish,Bullish,16.6,8.22,22.6,4.1,273.74,0.732,0.769,23.91,2.78,,,,,-23.6,4.1,13.33,35.72,Bull,,0,5.0,13.86,0.95,0.95,Stable,Golden Cross,6,20.07,6.04,28.76,7.94,68.4,59.7,1.15,,,,,,,
MANAPPURAM.NS,MANAPPURAM.NS,N/A,N/A,,Unknown,340.9,1.16,343.59,309.08,43.68,Bearish,Bearish,-4.13,10.93,27.18,24.96,34.17,1.2238,1.6996,32.61,3.14,,,,,-21.37,24.96,34.51,12.18,Bull,,23,6.0,-7.77,0.83,0.9,Stable,Golden Cross,421,-0.66,8.75,33.33,28.8,140.2,95.1,1.47,,,,,,,
MANORAMA.NS,MANORAMA.NS,N/A,N/A,,Unknown,1813.1,-1.14,1708.73,1502.94,53.37,Bearish,Bullish,12.07,22.83,33.23,37.0,675.95,1.5738,0.9905,43.0,3.78,,,,,-30.2,37.0,73.41,,Bull,,9,6.0,4.46,0.77,1.36,Rising,Golden Cross,98,15.54,20.66,39.38,40.85,159.5,106.8,1.49,,,,,,,
MANYAVAR.NS,MANYAVAR.NS,N/A,N/A,,Unknown,544.1,-0.5,482.77,502.16,70.85,Bearish,Bullish,11.98,34.21,45.4,-26.57,-12.56,0.9631,0.792,34.24,3.05,,,,,-55.1,-26.57,-23.92,,Bull,,246,3.0,0.58,1.33,0.5,Falling,Death Cross,412,15.45,32.04,51.56,-22.72,65.3,100.0,0.65,,,,,,,
MAPMYINDIA.NS,MAPMYINDIA.NS,N/A,N/A,,Unknown,982.6,-1.7,1009.18,1148.19,45.1,Bearish,Bearish,-13.78,15.48,-2.43,-40.03,-72.75,1.1467,1.063,44.94,4.47,,,,,-58.9,-40.03,-16.29,,Strong Bear,,230,4.0,-18.94,-0.05,0.73,Falling,Death Cross,306,-10.31,13.3,3.73,-36.19,53.3,108.6,0.49,,,,,,,
MARICO.NS,MARICO.NS,N/A,N/A,,Unknown,829.35,-1.04,842.37,795.01,42.4,Bearish,Bearish,-5.22,2.77,7.94,13.91,-11.53,0.4932,0.5905,17.62,1.85,,,,,-10.5,13.91,14.89,10.23,Strong Bull,,24,8.0,-6.14,0.45,0.91,Stable,Golden Cross,603,-1.75,0.6,14.09,17.75,60.7,37.5,1.62,,,,,,,
MARKSANS.NS,MARKSANS.NS,N/A,N/A,,Unknown,332.5,3.13,287.28,234.9,66.08,Bearish,Bullish,23.9,42.98,94.74,99.21,249.95,1.0337,1.8165,42.23,4.06,,,,,-20.33,99.21,43.29,33.01,Strong Bull,,0,8.0,9.57,2.24,1.27,Rising,Golden Cross,71,27.37,40.81,100.9,103.05,125.3,27.1,4.62,,,,,,,
MAXHEALTH.NS,MAXHEALTH.NS,N/A,N/A,,Unknown,994.0,-0.9,1043.67,1054.7,39.41,Bullish,Bearish,-7.71,1.89,-5.5,-15.7,18.35,0.7336,0.8576,25.89,2.71,,,,,-23.07,-15.7,24.23,28.47,Strong Bear,,224,5.0,-8.34,-0.21,0.94,Stable,Death Cross,9,-4.24,-0.28,0.66,-11.86,83.1,101.3,0.82,,,,,,,
MASTEK.NS,MASTEK.NS,N/A,N/A,,Unknown,1763.0,-2.16,1723.4,1807.3,51.73,Bullish,Bullish,-3.51,7.1,13.97,-29.13,207.53,1.2529,1.2163,41.37,4.57,,,,,-47.99,-29.13,-5.14,-6.47,Bear,,260,5.0,-5.88,0.34,1.43,Rising,Death Cross,404,-0.04,4.93,20.13,-25.29,82.7,117.5,0.7,,,,,,,
MARUTI.NS,MARUTI.NS,N/A,N/A,,Unknown,12849.0,-0.78,13594.76,13762.57,29.89,Bearish,Bearish,-8.4,-0.55,-8.33,-12.82,-30.55,1.096,0.6284,23.37,2.03,,,,,-28.83,-12.82,12.42,13.47,Strong Bear,,170,6.0,-8.22,-0.36,0.77,Falling,Death Cross,118,-4.93,-2.73,-2.18,-8.98,86.5,93.0,0.93,,,,,,,
MAZDOCK.NS,MAZDOCK.NS,N/A,N/A,,Unknown,2459.0,-1.05,2485.17,2497.24,43.5,Bearish,Bullish,3.12,1.66,13.76,-6.58,42.37,1.4342,2.3571,33.45,2.48,,,,,-30.66,-6.58,39.54,82.89,Bear,,250,4.0,2.57,0.41,1.18,Rising,Death Cross,189,6.59,-0.51,19.92,-2.74,157.0,156.5,1.0,,,,,,,
MBEL.NS,MBEL.NS,N/A,N/A,,Unknown,266.1,0.19,288.24,321.33,34.83,Bullish,Bearish,-10.03,-5.15,-7.88,-38.77,116.25,1.711,3.2424,53.03,3.85,,,,,-55.96,-38.77,,,Strong Bear,,211,3.0,-8.31,-0.15,1.09,Stable,Death Cross,194,-6.55,-7.32,-1.72,-34.93,80.1,131.0,0.61,,,,,,,
MCX.NS,MCX.NS,N/A,N/A,,Unknown,3286.0,-0.51,2971.58,2608.95,63.88,Bullish,Bullish,22.91,17.86,32.91,111.35,47.05,0.9152,1.2783,37.48,3.0,,,,,-24.5,111.35,119.11,61.37,Bull,,75,6.0,16.96,0.88,1.07,Stable,Golden Cross,840,26.38,15.68,39.06,115.19,165.3,54.9,3.01,,,,,,,
MEDPLUS.NS,MEDPLUS.NS,N/A,N/A,,Unknown,659.95,-1.95,726.9,797.25,37.08,Bullish,Bearish,-3.52,-23.15,-21.42,-20.28,-36.35,0.5302,0.438,30.0,2.82,,,,,-31.93,-20.28,-8.82,,Strong Bear,,74,5.0,4.2,-0.71,0.81,Falling,Death Cross,30,-0.05,-25.32,-15.27,-16.43,34.6,58.5,0.59,,,,,,,
MEESHO.NS,MEESHO.NS,N/A,N/A,,Unknown,211.6,3.14,193.57,179.92,67.75,Bullish,Bullish,10.28,27.51,40.81,,27.82,0.5411,,56.55,3.41,,,,,-42.79,,,,Bull,,184,4.0,1.11,0.72,0.93,Stable,Golden Cross,85,13.75,25.33,46.97,,23.7,-30.7,-0.77,,,,,,,
MEDANTA.NS,MEDANTA.NS,N/A,N/A,,Unknown,1444.9,-0.91,1386.15,1266.66,53.7,Bearish,Bullish,0.72,16.57,27.91,5.2,31.5,0.8354,0.4957,29.21,3.02,,,,,-32.66,5.2,28.75,,Bull,,4,6.0,-4.8,0.96,1.27,Rising,Golden Cross,60,4.19,14.39,34.07,9.04,89.0,75.1,1.19,,,,,,,
MEIL.NS,MEIL.NS,N/A,N/A,,Unknown,278.9,-2.12,287.26,325.39,47.27,Bullish,Bullish,-2.67,-12.67,16.83,-47.12,324.81,1.6404,2.0363,43.41,4.52,,,,,-62.5,-47.12,,,Bear,,259,3.0,1.55,0.39,1.27,Rising,Death Cross,250,0.8,-14.84,22.98,,95.3,167.2,0.57,,,,,,,
METROPOLIS.NS,METROPOLIS.NS,N/A,N/A,,Unknown,582.2,-0.01,561.28,520.74,57.68,Bullish,Bullish,-0.39,9.19,26.38,8.83,3.12,0.3978,0.8189,29.54,2.96,,,,,-24.42,8.83,20.26,-4.29,Bull,,21,4.0,-3.45,0.89,0.82,Falling,Golden Cross,81,3.08,7.02,32.54,12.67,34.9,19.1,1.83,,,,,,,
MIDWESTLTD.NS,MIDWESTLTD.NS,N/A,N/A,,Unknown,1036.9,-2.02,1189.17,1251.63,23.46,Bearish,Bearish,-14.78,-15.95,-15.11,,86.59,1.501,1.5285,51.28,4.1,,,,,-42.51,,,,Strong Bear,,170,4.0,-9.46,-0.29,1.02,Stable,Death Cross,25,-11.31,-18.12,-8.95,,152.9,136.1,1.12,,,,,,,
MGL.NS,MGL.NS,N/A,N/A,,Unknown,1065.2,-1.16,1099.77,1118.23,40.2,Bearish,Bullish,-2.62,-0.61,-10.34,-12.62,-4.84,0.9597,1.6321,29.45,2.71,,,,,-32.66,-12.62,4.61,0.61,Strong Bear,,250,3.0,-2.42,-0.35,0.8,Falling,Death Cross,266,0.85,-2.78,-4.19,-8.78,84.2,99.4,0.85,,,,,,,
MIDHANI.NS,MIDHANI.NS,N/A,N/A,,Unknown,414.4,-0.73,416.03,390.69,47.82,Bearish,Bullish,0.44,-4.86,23.33,10.3,336.09,1.5098,1.7165,42.17,3.51,,,,,-34.27,10.3,6.48,17.83,Bull,,60,7.0,2.06,0.55,1.35,Rising,Golden Cross,85,3.91,-7.03,29.48,14.14,176.5,148.8,1.19,,,,,,,
MFSL.NS,MFSL.NS,N/A,N/A,,Unknown,1505.0,-1.94,1563.27,1588.47,40.54,Bearish,Bearish,-0.94,-6.18,-13.89,-7.62,2.86,0.9944,0.8118,26.01,2.46,,,,,-21.7,-7.62,21.18,6.0,Strong Bear,,136,5.0,1.12,-0.53,0.93,Stable,Death Cross,29,2.53,-8.36,-7.74,-3.78,77.2,81.4,0.95,,,,,,,
MMTC.NS,MMTC.NS,N/A,N/A,,Unknown,62.1,-0.35,64.15,64.37,41.37,Bearish,Bullish,-2.44,-8.72,11.09,-0.21,94.73,1.4755,1.9472,45.4,2.61,,,,,-27.36,-0.21,17.23,4.72,Bear,,55,5.0,0.47,0.24,0.79,Falling,Death Cross,4,1.04,-10.89,17.24,3.63,134.9,119.4,1.13,,,,,,,
MINDSPACE.NS,MINDSPACE.NS,N/A,N/A,,Unknown,497.95,0.42,485.4,459.9,61.19,Bearish,Bullish,2.35,9.4,11.86,24.05,194.42,0.3327,0.1159,15.04,1.32,,,,,-11.2,24.05,23.9,18.41,Strong Bull,,8,10.0,-0.78,0.79,0.96,Stable,Golden Cross,749,3.7,6.97,17.25,28.14,35.0,4.4,7.95,,,,,,,
MINDACORP.NS,MINDACORP.NS,N/A,N/A,,Unknown,707.85,-0.64,693.64,616.69,49.18,Bearish,Bullish,-1.88,10.14,31.04,42.2,195.62,1.1557,0.9792,32.13,3.44,,,,,-20.78,42.2,33.37,39.53,Bull,,10,6.0,-5.26,0.97,0.99,Stable,Golden Cross,66,1.59,7.97,37.19,46.04,137.5,82.7,1.66,,,,,,,
MOIL.NS,MOIL.NS,N/A,N/A,,Unknown,250.72,0.12,271.44,298.93,37.15,Bearish,Bearish,-11.33,-15.81,-12.67,-24.13,-52.9,1.0471,1.044,40.17,3.11,,,,,-36.1,-24.13,6.44,8.94,Strong Bear,,236,4.0,-6.06,-0.32,1.28,Rising,Death Cross,195,-7.86,-17.98,-6.52,-20.29,115.6,133.2,0.87,,,,,,,
MOTHERSON.NS,MOTHERSON.NS,N/A,N/A,,Unknown,163.3,-1.39,156.62,134.82,51.4,Bearish,Bullish,8.15,13.95,33.54,69.62,19.75,1.5801,1.4819,34.09,2.64,,,,,-22.1,69.62,37.11,21.29,Strong Bull,,1,8.0,3.5,0.98,1.25,Rising,Golden Cross,250,11.62,11.77,39.69,73.46,183.7,97.1,1.89,,,,,,,
MOTILALOFS.NS,MOTILALOFS.NS,N/A,N/A,,Unknown,1017.6,0.16,939.93,873.89,65.26,Bullish,Bullish,18.19,18.97,44.23,14.56,-13.24,1.7809,0.7804,38.99,2.87,,,,,-41.97,14.56,3.36,3.2,Bull,,220,5.0,11.87,1.13,0.83,Falling,Golden Cross,66,21.66,16.79,50.38,18.41,168.6,137.8,1.22,,,,,,,
MRF.NS,MRF.NS,N/A,N/A,,Unknown,131880.0,-0.34,132254.43,134849.84,46.96,Bearish,Bullish,-0.65,6.97,-2.18,-6.27,-16.81,0.8327,1.1277,24.35,1.67,,,,,-24.46,-6.27,7.73,10.62,Strong Bear,,224,7.0,-2.97,-0.09,0.7,Falling,Death Cross,125,2.82,4.79,3.98,-2.43,63.5,70.5,0.9,,,,,,,
MPHASIS.NS,MPHASIS.NS,N/A,N/A,,Unknown,2480.0,-1.02,2387.02,2389.77,56.15,Bearish,Bullish,4.2,9.29,12.32,-12.84,-32.1,0.94,1.3242,29.32,2.87,,,,,-31.77,-12.84,3.87,1.1,Bull,,249,6.0,1.1,0.42,0.73,Falling,Death Cross,141,7.67,7.12,18.47,-8.99,108.1,115.2,0.94,,,,,,,
MSTCLTD.NS,MSTCLTD.NS,N/A,N/A,,Unknown,711.75,-2.44,645.5,553.94,58.59,Bullish,Bullish,18.66,38.92,61.38,57.64,13.16,1.3416,2.1678,47.49,4.08,,,,,-32.79,57.64,27.51,25.0,Bull,,1,7.0,5.69,1.29,0.89,Stable,Golden Cross,55,22.14,36.74,67.53,61.48,177.5,92.0,1.93,,,,,,,
MSUMI.NS,MSUMI.NS,N/A,N/A,,Unknown,36.6,-1.37,39.22,40.31,32.23,Bearish,Bearish,-7.92,-3.76,-10.4,-11.55,8.57,1.0492,1.0853,30.88,2.67,,,,,-31.05,-11.55,-1.24,,Strong Bear,,171,6.0,-6.67,-0.34,0.65,Falling,Death Cross,125,-4.45,-5.93,-4.24,-7.71,102.4,107.7,0.95,,,,,,,
MRPL.NS,MRPL.NS,N/A,N/A,,Unknown,175.22,2.22,168.42,162.73,55.12,Bearish,Bullish,3.29,13.12,-6.48,42.14,-52.31,0.9675,0.7153,48.93,3.78,,,,,-29.89,42.14,28.57,32.56,Bear,,121,7.0,-1.08,-0.13,1.01,Stable,Golden Cross,30,6.76,10.94,-0.32,45.99,121.6,53.0,2.29,,,,,,,
MTARTECH.NS,MTARTECH.NS,N/A,N/A,,Unknown,6872.0,-1.07,6765.07,5304.47,50.67,Bearish,Bullish,8.86,-8.8,96.09,375.27,-38.34,1.5547,1.2279,60.69,4.04,,,,,-37.98,375.27,45.8,37.07,Bull,,53,6.0,11.79,1.58,0.54,Falling,Golden Cross,245,12.33,-10.98,102.24,379.12,302.9,68.4,4.43,,,,,,,
MUTHOOTFIN.NS,MUTHOOTFIN.NS,N/A,N/A,,Unknown,2937.7,1.13,3030.22,3150.44,45.35,Bearish,Bearish,2.36,-6.83,-11.3,9.32,-11.49,1.2963,1.0194,37.0,3.17,,,,,-29.96,9.32,33.38,14.76,Strong Bear,,154,6.0,4.64,-0.31,1.01,Stable,Death Cross,48,5.83,-9.01,-5.15,13.16,149.8,121.9,1.23,,,,,,,
NAM-INDIA.NS,NAM-INDIA.NS,N/A,N/A,,Unknown,1171.5,-0.63,1171.56,1027.19,45.42,Bearish,Bullish,-2.54,6.4,39.25,49.61,41.18,1.7336,1.2866,38.21,2.92,,,,,-18.62,49.61,58.93,27.62,Strong Bull,,8,8.0,-4.67,1.03,0.85,Stable,Golden Cross,340,0.93,4.22,45.41,53.45,197.1,133.5,1.48,,,,,,,
NATCOPHARM.NS,NATCOPHARM.NS,N/A,N/A,,Unknown,843.25,-0.7,911.27,945.0,32.71,Bearish,Bearish,-7.89,-5.45,-11.38,-1.98,-0.75,1.0722,0.9235,36.6,2.82,,,,,-30.17,-1.98,1.5,-2.73,Strong Bear,,81,6.0,-6.07,-0.31,1.05,Stable,Death Cross,28,-4.42,-7.63,-5.22,1.86,100.3,91.1,1.1,,,,,,,
NATIONALUM.NS,NATIONALUM.NS,N/A,N/A,,Unknown,370.0,-0.54,376.31,347.46,44.8,Bearish,Bearish,-1.61,-6.26,-0.19,102.15,6.76,0.5821,0.8428,41.53,3.24,,,,,-24.39,102.15,66.8,38.06,Bull,,90,9.0,0.48,-0.0,1.16,Rising,Golden Cross,304,1.86,-8.43,5.96,105.99,118.9,10.3,11.54,,,,,,,
NAUKRI.NS,NAUKRI.NS,N/A,N/A,,Unknown,1343.7,-0.91,1240.0,1177.05,58.06,Bearish,Bullish,6.64,36.36,34.83,-1.35,-36.45,0.7617,1.263,30.5,2.79,,,,,-34.43,-1.35,16.58,5.05,Bull,,246,7.0,-5.48,1.14,0.92,Stable,Golden Cross,15,10.11,34.19,40.98,2.49,67.1,63.2,1.06,,,,,,,
NAZARA.NS,NAZARA.NS,N/A,N/A,,Unknown,366.0,-0.45,333.57,294.85,64.4,Bearish,Bullish,4.72,34.81,49.57,26.12,-32.62,0.9198,0.806,39.09,3.05,,,,,-24.88,26.12,30.28,9.1,Strong Bull,,3,8.0,-6.88,1.27,0.87,Stable,Golden Cross,74,8.19,32.63,55.72,29.96,107.4,57.8,1.86,,,,,,,
NAVINFLUOR.NS,NAVINFLUOR.NS,N/A,N/A,,Unknown,8542.5,-1.08,7955.34,6856.79,61.33,Bullish,Bullish,11.97,21.62,40.76,82.65,177.96,0.852,0.8011,36.34,2.74,,,,,-12.45,82.65,24.47,18.66,Strong Bull,,1,9.0,4.76,1.12,1.41,Rising,Golden Cross,424,15.44,19.44,46.92,86.5,114.7,31.5,3.64,,,,,,,
NAVA.NS,NAVA.NS,N/A,N/A,,Unknown,560.75,-0.51,575.2,580.55,46.0,Bullish,Bearish,-1.0,-4.96,0.87,-20.0,42.41,1.3157,1.6684,35.32,3.01,,,,,-29.07,-20.0,41.3,57.15,Bear,,81,5.0,0.65,0.02,0.93,Stable,Death Cross,10,2.47,-7.13,7.02,-16.16,129.8,137.2,0.95,,,,,,,
NBCC.NS,NBCC.NS,N/A,N/A,,Unknown,85.0,-0.23,92.72,97.28,28.1,Bearish,Bearish,-9.76,-19.53,-0.05,-14.34,-23.97,1.6138,2.0987,34.65,2.16,,,,,-36.73,-14.34,40.65,22.18,Strong Bear,,173,5.0,-3.25,-0.0,0.66,Falling,Death Cross,30,-6.29,-21.7,6.1,-10.5,148.4,158.6,0.94,,,,,,,
NCC.NS,NCC.NS,N/A,N/A,,Unknown,142.53,-2.68,144.28,156.77,46.79,Bullish,Bullish,1.13,-1.06,0.96,-31.43,93.41,1.328,1.4953,29.58,2.92,,,,,-39.66,-31.43,-1.2,12.03,Bear,,248,4.0,1.48,0.03,1.09,Stable,Death Cross,420,4.6,-3.23,7.12,-27.59,116.1,158.5,0.73,,,,,,,
NEPHROPLUS.NS,NEPHROPLUS.NS,N/A,N/A,,Unknown,692.7,0.45,677.37,602.19,52.32,Bearish,Bullish,-2.87,2.49,18.85,,-12.94,0.6893,,42.39,3.61,,,,,-17.39,,,,Strong Bull,,59,8.0,-3.7,0.44,0.85,Stable,Golden Cross,170,0.6,0.32,25.0,,83.5,3.2,26.09,,,,,,,
NEOGEN.NS,NEOGEN.NS,N/A,N/A,,Unknown,2136.4,-0.81,2088.84,1763.89,48.53,Bearish,Bullish,2.6,12.28,56.74,47.87,38.6,0.9493,1.0657,49.22,4.49,,,,,-38.45,47.87,11.42,18.41,Bull,,10,7.0,-1.49,1.15,1.04,Stable,Golden Cross,90,6.07,10.11,62.89,51.71,126.6,54.2,2.34,,,,,,,
NESTLEIND.NS,NESTLEIND.NS,N/A,N/A,,Unknown,1425.0,-0.92,1459.36,1363.63,40.01,Bearish,Bearish,-6.25,3.29,14.98,22.58,-32.16,0.5502,1.06,20.21,2.46,,,,,-11.96,22.58,10.41,10.5,Bull,,18,5.0,-7.35,0.74,1.02,Stable,Golden Cross,259,-2.78,1.12,21.13,26.42,80.1,45.1,1.78,,,,,,,
NETWEB.NS,NETWEB.NS,N/A,N/A,,Unknown,5110.0,-0.52,4824.42,4014.16,52.62,Bearish,Bullish,7.37,9.58,47.72,129.0,76.46,1.0433,1.534,58.21,4.53,,,,,-30.64,129.0,82.05,,Bull,,8,6.0,4.18,0.82,1.0,Stable,Golden Cross,275,10.84,7.41,53.87,132.85,196.2,66.2,2.96,,,,,,,
NESCO.NS,NESCO.NS,N/A,N/A,,Unknown,1038.4,-0.54,1064.02,1123.67,46.55,Bullish,Bearish,-0.88,-6.07,-4.57,-25.57,-40.58,1.2551,1.0744,33.29,2.42,,,,,-35.75,-25.57,15.85,12.03,Strong Bear,,254,2.0,1.14,-0.14,0.57,Falling,Death Cross,60,2.59,-8.24,1.59,-21.73,109.0,138.4,0.79,,,,,,,
NEULANDLAB.NS,NEULANDLAB.NS,N/A,N/A,,Unknown,22960.0,-0.28,20889.32,17236.95,59.93,Bearish,Bullish,19.13,36.83,80.04,71.67,213.3,0.9704,1.3425,38.94,2.84,,,,,-36.21,71.67,78.64,65.64,Bull,,11,7.0,6.85,2.06,1.24,Rising,Golden Cross,86,22.6,34.66,86.2,75.52,114.2,30.5,3.74,,,,,,,
NETWORK18.NS,NETWORK18.NS,N/A,N/A,,Unknown,27.24,-2.89,29.93,35.68,37.37,Bearish,Bearish,-9.35,-18.47,-15.93,-49.14,101.73,1.6369,1.3019,36.9,4.03,,,,,-51.57,-49.14,-23.67,-11.68,Strong Bear,,250,3.0,-3.19,-0.43,1.21,Rising,Death Cross,495,-5.88,-20.64,-9.77,-45.3,104.8,182.6,0.57,,,,,,,
OMPOWER.NS,Om Power Transmission Limited,Industrials,Engineering & Construction,,Unknown,171.86,1.64,171.68,182.33,52.98,Bullish,Bearish,0.77,-5.86,,,-9.9,0.1917,,34.31,3.82,206.0,158.01,-16.57,8.77,-21.61,,,,Bear,Correcting,96,,2.72,,1.32,Rising,Death Cross,81,4.24,-8.03,,,22.5,57.8,0.39,"Om Power Transmission Limited, an engineering, procurement, and construction company, executes high-voltage and extra-high voltage transmission line projects and substations. The company constructs transmission lines of voltage levels; undertakes underground cabling projects for high tension and low tension power systems providing services, such as trenching, cable laying, jointing, and termination; and offers end-to-end services for substation projects comprising design, supply, erection, testing, commissioning, and civil works for conventional and renewable energy evacuation substations. It also provides operation and maintenance services for substations and transmission lines. The company serves power utilities and grid operators, renewable energy developers and solar park operators, industrial and corporate users, transportation and infrastructure projects, and operation and maintenance clients. Om Power Transmission Limited was incorporated in 2011 and is based in Ahmedabad, India.",none,,,,,
PRICOLLTD.NS,Pricol Limited,Consumer Cyclical,Auto Parts,,Unknown,767.75,-3.67,712.44,616.84,54.15,Bearish,Bullish,0.13,36.77,35.96,67.52,-26.92,1.1654,-0.151,38.51,3.67,823.0,474.2,-6.71,61.9,-25.2,67.52,39.71,50.89,Strong Bull,Recovering,11,7.0,-12.13,0.93,1.09,Stable,Golden Cross,255,3.6,34.59,42.11,71.37,111.4,26.0,4.28,"Pricol Limited, together with its subsidiaries, manufactures and sells instrument clusters and other allied automobile components to original equipment manufacturers and replacement markets in India and internationally. It provides driver information solutions, such as LCD, TFT, and hybrid display; connected vehicle solutions, including integrated display and infotainment solutions, and telematics; fuel level sensor reed and fuel level sensor TFR types; and battery management system. The company also provides cabin tilting system and disc brake; fluid management system comprising fuel pump, electrical oil pump, oil pump, electrical coolant pump, coolant pump, and electronic purge valve; and precision products. Its products are applied in two wheelers, three wheelers, passenger vehicles, tractors, commercial vehicles, and industrial and off-road vehicles. The company was formerly known as Pricol Pune Limited and changed its name to Pricol Limited in November 2016. Pricol Limited was founded in 1975 and is based in Coimbatore, India.",none,,835.0,870.0,800.0,2.0
RECLTD.NS,REC Limited,Financial Services,Credit Services,,Unknown,316.45,0.76,341.09,348.83,32.46,Bearish,Bearish,-13.62,-6.51,-1.25,-7.81,33.18,1.2249,0.345,27.23,2.47,390.5,304.05,-18.96,4.08,-19.13,-7.81,17.55,31.52,Strong Bear,Correcting,95,5.0,-11.45,-0.05,1.16,Rising,Death Cross,11,-10.15,-8.68,4.9,-3.97,118.9,124.2,0.96,"REC Limited, together with its subsidiaries, engages in the provision of financing services for power generation, transmission, distribution, infrastructure, and logistics projects in India. The company primarily offers long, medium, and short-terms loans; debt refinancing, equity financing, financing of equipment manufacturing for power sector and coal mines; policy for funding against regulatory assets, and revolving bill payment facility services; and letter of undertaking in lieu of bank guarantee, etc. It is also involved in the implementation of distribution system strengthening works, implementation of grid/off-grid solar (PV) projects, and installation of smart meters. In addition, the company acts as the bid process coordinator for selection of transmission service provider through tariff based competitive bidding process for independent inter-state and intra-state transmission projects. It serves government entities, independent power producers, and private sector borrowers. The company was formerly known as Rural Electrification Corporation Limited and changed its name to REC Limited in October 2018. The company was incorporated in 1969 and is based in Gurugram, India. REC Limited is a subsidiary of Power Finance Corporation Limited.",buy,1.61538,429.07693,500.0,360.0,13.0
RELIANCE.NS,Reliance Industries Limited,Energy,Oil & Gas Refining & Marketing,,Unknown,1313.1,0.31,1308.64,1353.21,52.74,Bearish,Bearish,1.72,1.71,-1.92,-2.57,-2.76,0.8933,0.157,20.14,1.62,1611.8,1249.8,-18.53,5.06,-20.58,-2.57,1.15,6.79,Strong Bear,Correcting,173,6.0,1.15,-0.1,1.01,Stable,Death Cross,124,5.19,-0.46,4.23,1.28,103.7,105.3,0.98,"Reliance Industries Limited engages in hydrocarbon exploration and production, petroleum refining and marketing, petrochemicals, advanced materials and composites, renewable, financial services, retail, and digital services worldwide. It operates through the Oil to Chemicals, Oil and Gas, Retail, Digital Services, and Others segments. The company is involved in refining and marketing products, including liquefied petroleum gas, propylene, naphtha, gasoline, jet/aviation turbine fuel, kerosine oil, diesel, sulfur, and petroleum coke. It also provides polymers comprising high-density and low-density polyethylene (PE), linear low-density PE, homopolymer, random and impact copolymer, and polyvinyl chloride; fiber intermediates that include purified terephthalic acid, and ethylene glycols and oxide; aromatics, such as paraxylene, ortho xylene, benzene, and linear alkyl benzene and paraffin; and textiles that consist of fabrics, apparel, and auto furnishings. In addition, the company offers elastomers, such as polybutadiene rubber, styrene butadiene rubber, and butyl rubber; fiber and yarn polyesters; and bioenergy solutions, including compressed biogas, and pellets and briquettes. Further, it engages in oil and gas exploration and production activities; operation of various stores comprising supermarkets, hypermarket, wholesale cash and carry, specialty, and online stores; operation of media and entertainment platforms, and Network18 and television channels; and publishing of magazines. Additionally, the company provides highway hospitality and fleet management services, as well as digital services, such as connectivity, fiber, mobile devices, apps, business, and other digital solutions. Reliance Industries Limited was founded in 1957 and is based in Mumbai, India.",strong_buy,1.30769,1677.3077,1890.0,1350.0,26.0
RPOWER.NS,Reliance Power Limited,Utilities,Utilities - Independent Power Producers,,Unknown,22.05,-0.94,23.83,28.79,37.26,Bearish,Bearish,-8.39,-22.88,-4.83,-49.93,-3.18,1.694,0.843,46.64,3.01,50.73,20.17,-56.53,9.32,-58.3,-49.93,9.16,10.72,Strong Bear,Damaged,250,2.0,-0.76,-0.1,0.87,Stable,Death Cross,216,-4.92,-25.05,1.32,-46.09,117.5,194.5,0.6,"Reliance Power Limited, together with its subsidiaries, engages in the development, construction, and operation of power plants in India and internationally. Its portfolio of power projects is based on coal, gas, hydro, wind, and solar energy. The company owns and operates Sasan ultra mega power project, a coal-based power plant with a capacity of 3,960 megawatts; Rosa coal-based power project, with a capacity of 1,200; Samalkot power project, a gas-based power plant; a gas-based power plant; concentrated solar power project, a solar thermal installations with a capacity of 100 megawatts; Wind power project with a capacity of 100 megawatts; Renewable energy projects, a renewable energy portfolio through large-scale solar and battery energy storage projects; and Ultra Mega power project, a coal-based power plant with a capacity of 3,960 megawatts. Reliance Power Limited was incorporated in 1995 and is based in Mumbai, India.",none,,,,,
TCS.NS,Tata Consultancy Services Limited,Technology,Information Technology Services,,Unknown,2348.0,-0.89,2301.61,2509.31,52.94,Bearish,Bearish,-4.55,7.37,-7.53,-21.43,-44.79,0.8628,0.164,28.02,2.66,3350.0,1976.8,-29.91,18.78,-38.46,-21.43,-9.28,-3.83,Strong Bear,Damaged,181,6.0,-7.01,-0.27,0.91,Stable,Death Cross,395,-1.08,5.19,-1.38,-17.59,74.7,98.5,0.76,"Tata Consultancy Services Limited provides information technology (IT) and IT enabled services. It offers TCS ADD, a suite of AI powered life sciences platforms; TCS BaNCS, a financial services platform; TCS BFSI Platforms, a cloud-native, subscription-based as-a-service digital ecosystem for insurers and financial firms; TCS Chroma, a cloud-based AI-led hire-to-retire modular platform; TCS Customer Intelligence & Insights, an AI-powered, real-time customer data analytics solution; TCS ERP on Cloud, SAP transformation with AI-powered smart solutions; ignio, a cognitive automation software product; TCS iON, a learning ecosystem; and TCS HOBS, a cloud-native, catalog-centric platform with composable architecture and insights-led personalization capabilities. It also offers TCS Intelligent Urban Exchange for enterprises and smart cities; TCS OmniStore, a retail commerce platform; TCS Optumera, a strategic intelligence platform; TCS Tap, a platform for intelligent procurement; Quartz, a distributed ledger technology; TCS TwinX, a risk-free experimentation platform; TCS MasterCraft, an AI-driven cognitive automation product; Jile, an enterprise agile planning and delivery tool; TCS DigiBOLT, an end-to-end, organization-wide enterprise platform; and TCS AI WisdomNext, an enterprise grade GenAI platform. In addition, the company provides AI, data and analytics, cloud, cognitive business, consulting, cybersecurity, enterprise solutions, industrial autonomy and engineering, network solutions and services, TCS interactive, and sustainability services. It serves banking; capital markets; consumer packaged goods and distribution; communications, media, and information services; education; energy, resources, and utilities; healthcare; high tech; insurance; life sciences; manufacturing; public services; retail; and travel and logistics industries. The company was founded in 1968 and is based in Mumbai, India. The company operates as a subsidiary of Tata Sons Private Limited.",buy,2.19512,2464.9268,3480.0,1800.0,41.0
TVSMOTOR.NS,TVS Motor Company Limited,Consumer Cyclical,Auto Manufacturers,,Unknown,4200.0,-0.07,4088.31,3684.02,46.5,Bearish,Bearish,-3.67,24.12,12.49,25.58,-31.1,1.2259,-0.039,27.13,2.61,4484.5,3228.0,-6.34,30.11,-16.67,25.58,46.73,49.68,Strong Bull,Recovering,16,8.0,-11.71,0.46,0.74,Falling,Golden Cross,370,-0.2,21.94,18.64,29.42,145.9,102.3,1.43,"TVS Motor Company Limited, together with its subsidiaries, engages in the manufacture and sale of automotive vehicles and components, spare parts, and accessories in India and internationally. The company operates through Automotive Vehicles & Parts and Related Investments; and Investment Held in Financial Services segments. The company offers motorcycles under the Apache RTR, Apache RR, Ronin, Raider, Radeon, StaR City+, HLX, and Sport brand names; scooters under the Jupiter, Neo, Ntorq, and Zest brands; electric vehicles under the TVS X, Orbiter, and iQUBE brands; mopeds under the XL 100 brand name; and three wheelers under the TVS King brand name. It also provides e-bikes under the Cilo, Simpel, Zenith, and Allegro brands; e-cargo bikes and accessories; and electric mobility, predictive analytics, and industrial IoT solutions. In addition, the company is involved in procurement, refurbishment, and retailing of the pre-owned multi-brand two-wheeler motorcycles and scooters; and development, design, manufacture, sale and distribution of high-tech products and components in the field of personal e-mobility. Further, it offers financing services for two and three wheelers, used and new tractors and commercial vehicles, consumer durables, personal loan, gold loan, and mid corporate loans. The company was incorporated in 1992 and is headquartered in Chennai, India. TVS Motor Company Limited operates as a subsidiary of TVS Holdings Limited.",buy,2.08108,4211.676,5425.0,2470.0,37.0
JBCHEPHARM.NS,JBCHEPHARM.BO,N/A,N/A,,Unknown,2412.25,0.0,2308.21,2221.43,62.14,Bearish,Bullish,8.08,,,,61.99,-0.0602,,17.9,1.67,,,,,-3.73,,,,Bull,,5,,,,1.09,Stable,Golden Cross,29,7.88,,,,,,,,,,,,,
KRT.NS,KRT.BO,N/A,N/A,,Unknown,110.11,0.43,114.84,113.73,26.89,Bearish,Bearish,-6.29,-4.54,-4.87,8.33,725.95,0.2663,0.5957,18.26,1.54,,,,,-13.84,8.33,,,Strong Bear,,145,6.0,-4.78,-0.27,1.31,Rising,Golden Cross,270,-2.82,-6.71,1.29,12.18,32.9,18.9,1.74,,,,,,,
